planner,suite,domain,instance,ipc,status,validated,plan_length,makespan,parse_seconds,solve_seconds,total_seconds,peak_memory_mb,reason
PLASPPlanner-seq,classical-domains,agricola-opt18,p01,2018,TIMEOUT,,,,0.45,,1825.187,3896.68,Hit the task time limit.
PLASPPlanner-seq,classical-domains,agricola-opt18,p02,2018,KILLED,,,,,,,,
PLASPPlanner-seq,classical-domains,agricola-opt18,p03,2018,TIMEOUT,,,,0.457,,2033.557,4684.97,Hit the task time limit.
PLASPPlanner-seq,classical-domains,agricola-opt18,p04,2018,TIMEOUT,,,,0.456,,1897.225,4277.57,Hit the task time limit.
PLASPPlanner-seq,classical-domains,agricola-opt18,p05,2018,KILLED,,,,,,,,
PLASPPlanner-seq,classical-domains,agricola-opt18,p06,2018,TIMEOUT,,,,0.47,,1802.623,4042.68,Hit the task time limit.
PLASPPlanner-seq,classical-domains,agricola-opt18,p07,2018,TIMEOUT,,,,0.46,,1997.947,3408.59,Hit the task time limit.
PLASPPlanner-seq,classical-domains,agricola-opt18,p08,2018,KILLED,,,,,,,,
PLASPPlanner-seq,classical-domains,agricola-opt18,p09,2018,KILLED,,,,,,,,
PLASPPlanner-seq,classical-domains,agricola-opt18,p10,2018,KILLED,,,,,,,,
PLASPPlanner-seq,classical-domains,agricola-opt18,p11,2018,KILLED,,,,,,,,
PLASPPlanner-seq,classical-domains,agricola-opt18,p12,2018,KILLED,,,,,,,,
PLASPPlanner-seq,classical-domains,agricola-opt18,p13,2018,KILLED,,,,,,,,
PLASPPlanner-seq,classical-domains,agricola-opt18,p14,2018,KILLED,,,,,,,,
PLASPPlanner-seq,classical-domains,agricola-opt18,p15,2018,TIMEOUT,,,,0.496,,1901.562,3515.56,Hit the task time limit.
PLASPPlanner-seq,classical-domains,agricola-opt18,p16,2018,KILLED,,,,,,,,
PLASPPlanner-seq,classical-domains,agricola-opt18,p17,2018,KILLED,,,,,,,,
PLASPPlanner-seq,classical-domains,agricola-opt18,p18,2018,KILLED,,,,,,,,
PLASPPlanner-seq,classical-domains,agricola-opt18,p19,2018,TIMEOUT,,,,0.478,,1823.91,4108.12,Hit the task time limit.
PLASPPlanner-seq,classical-domains,agricola-opt18,p20,2018,KILLED,,,,,,,,
PLASPPlanner-seq,classical-domains,agricola-sat18,p01,2018,TIMEOUT,,,,0.55,,1952.046,7010.12,Hit the task time limit.
PLASPPlanner-seq,classical-domains,agricola-sat18,p02,2018,TIMEOUT,,,,0.569,,1966.413,4821.94,Hit the task time limit.
PLASPPlanner-seq,classical-domains,agricola-sat18,p03,2018,TIMEOUT,,,,0.555,,1972.737,4816.66,Hit the task time limit.
PLASPPlanner-seq,classical-domains,agricola-sat18,p04,2018,TIMEOUT,,,,0.557,,2022.393,5206.45,Hit the task time limit.
PLASPPlanner-seq,classical-domains,agricola-sat18,p05,2018,TIMEOUT,,,,0.555,,1895.384,7222.61,Hit the task time limit.
PLASPPlanner-seq,classical-domains,agricola-sat18,p06,2018,TIMEOUT,,,,0.558,,1935.969,5094.51,Hit the task time limit.
PLASPPlanner-seq,classical-domains,agricola-sat18,p07,2018,KILLED,,,,,,,,
PLASPPlanner-seq,classical-domains,agricola-sat18,p08,2018,TIMEOUT,,,,0.573,,1857.924,5789.43,Hit the task time limit.
PLASPPlanner-seq,classical-domains,agricola-sat18,p09,2018,TIMEOUT,,,,0.561,,1909.715,5300.2,Hit the task time limit.
PLASPPlanner-seq,classical-domains,agricola-sat18,p10,2018,KILLED,,,,,,,,
PLASPPlanner-seq,classical-domains,agricola-sat18,p11,2018,KILLED,,,,,,,,
PLASPPlanner-seq,classical-domains,agricola-sat18,p12,2018,KILLED,,,,,,,,
PLASPPlanner-seq,classical-domains,agricola-sat18,p13,2018,KILLED,,,,,,,,
PLASPPlanner-seq,classical-domains,agricola-sat18,p14,2018,TIMEOUT,,,,0.478,,1990.919,6556.29,Hit the task time limit.
PLASPPlanner-seq,classical-domains,agricola-sat18,p15,2018,TIMEOUT,,,,0.482,,1817.258,3669.93,Hit the task time limit.
PLASPPlanner-seq,classical-domains,agricola-sat18,p16,2018,KILLED,,,,,,,,
PLASPPlanner-seq,classical-domains,agricola-sat18,p17,2018,KILLED,,,,,,,,
PLASPPlanner-seq,classical-domains,agricola-sat18,p18,2018,KILLED,,,,,,,,
PLASPPlanner-seq,classical-domains,agricola-sat18,p19,2018,TIMEOUT,,,,0.486,,2030.299,5680.61,Hit the task time limit.
PLASPPlanner-seq,classical-domains,agricola-sat18,p20,2018,KILLED,,,,,,,,
PLASPPlanner-seq,classical-domains,airport,p01-airport1-p1,2004,SOLVED,True,8,,0.468,0.206,1.874,132.0,
PLASPPlanner-seq,classical-domains,airport,p02-airport1-p1,2004,SOLVED,True,9,,0.484,0.22,1.909,134.0,
PLASPPlanner-seq,classical-domains,airport,p03-airport1-p2,2004,SOLVED,True,17,,0.523,0.488,2.226,140.0,
PLASPPlanner-seq,classical-domains,airport,p04-airport2-p1,2004,SOLVED,True,20,,1.385,0.654,3.418,150.0,
PLASPPlanner-seq,classical-domains,airport,p05-airport2-p1,2004,SOLVED,True,21,,1.475,0.782,3.667,156.0,
PLASPPlanner-seq,classical-domains,airport,p06-airport2-p2,2004,SOLVED,True,41,,1.513,62.936,65.92,202.37,
PLASPPlanner-seq,classical-domains,airport,p07-airport2-p2,2004,SOLVED,True,41,,1.515,47.875,50.859,198.16,
PLASPPlanner-seq,classical-domains,airport,p08-airport2-p3,2004,TIMEOUT,,,,1.614,,1800.53,253.71,Hit the task time limit.
PLASPPlanner-seq,classical-domains,airport,p09-airport2-p4,2004,TIMEOUT,,,,1.737,,1800.587,270.03,Hit the task time limit.
PLASPPlanner-seq,classical-domains,airport,p10-airport3-p1,2004,SOLVED,True,18,,1.963,0.93,4.628,156.0,
PLASPPlanner-seq,classical-domains,airport,p11-airport3-p1,2004,SOLVED,True,21,,1.922,1.166,4.747,164.0,
PLASPPlanner-seq,classical-domains,airport,p12-airport3-p2,2004,SOLVED,True,39,,2.102,54.028,58.019,208.05,
PLASPPlanner-seq,classical-domains,airport,p13-airport3-p2,2004,SOLVED,True,37,,1.977,39.981,43.851,205.51,
PLASPPlanner-seq,classical-domains,airport,p14-airport3-p3,2004,TIMEOUT,,,,2.167,,1800.583,267.32,Hit the task time limit.
PLASPPlanner-seq,classical-domains,airport,p15-airport3-p3,2004,TIMEOUT,,,,2.09,,1800.591,263.61,Hit the task time limit.
PLASPPlanner-seq,classical-domains,airport,p16-airport3-p4,2004,TIMEOUT,,,,2.234,,1800.685,304.46,Hit the task time limit.
PLASPPlanner-seq,classical-domains,airport,p17-airport3-p5,2004,TIMEOUT,,,,2.375,,1800.747,316.61,Hit the task time limit.
PLASPPlanner-seq,classical-domains,airport,p18-airport3-p6,2004,TIMEOUT,,,,2.395,,1800.862,359.33,Hit the task time limit.
PLASPPlanner-seq,classical-domains,airport,p19-airport3-p6,2004,TIMEOUT,,,,2.334,,1800.837,342.03,Hit the task time limit.
PLASPPlanner-seq,classical-domains,airport,p20-airport3-p7,2004,TIMEOUT,,,,2.455,,1800.934,378.45,Hit the task time limit.
PLASPPlanner-seq,classical-domains,airport,p21-airport4halfMUC-p2,2004,TIMEOUT,,,,14.743,,1804.575,726.46,Hit the task time limit.
PLASPPlanner-seq,classical-domains,airport,p22-airport4halfMUC-p3,2004,TIMEOUT,,,,15.251,,1804.205,840.27,Hit the task time limit.
PLASPPlanner-seq,classical-domains,airport,p23-airport4halfMUC-p4,2004,TIMEOUT,,,,15.341,,1805.049,1135.98,Hit the task time limit.
PLASPPlanner-seq,classical-domains,airport,p24-airport4halfMUC-p4,2004,TIMEOUT,,,,15.23,,1804.879,1096.38,Hit the task time limit.
PLASPPlanner-seq,classical-domains,airport,p25-airport4halfMUC-p5,2004,TIMEOUT,,,,16.5,,1806.676,1295.88,Hit the task time limit.
PLASPPlanner-seq,classical-domains,airport,p26-airport4halfMUC-p6,2004,TIMEOUT,,,,16.756,,1807.519,1545.84,Hit the task time limit.
PLASPPlanner-seq,classical-domains,airport,p27-airport4halfMUC-p6,2004,TIMEOUT,,,,25.66,,1807.385,1425.61,Hit the task time limit.
PLASPPlanner-seq,classical-domains,airport,p28-airport4halfMUC-p7,2004,TIMEOUT,,,,27.705,,1804.956,1667.76,Hit the task time limit.
PLASPPlanner-seq,classical-domains,airport,p29-airport4halfMUC-p8,2004,TIMEOUT,,,,22.787,,1805.501,2025.58,Hit the task time limit.
PLASPPlanner-seq,classical-domains,airport,p30-airport4halfMUC-p8,2004,TIMEOUT,,,,28.397,,1805.485,1836.8,Hit the task time limit.
PLASPPlanner-seq,classical-domains,airport,p31-airport4halfMUC-p9,2004,TIMEOUT,,,,39.098,,1806.063,1990.4,Hit the task time limit.
PLASPPlanner-seq,classical-domains,airport,p32-airport4halfMUC-p10,2004,TIMEOUT,,,,24.463,,1808.659,2545.92,Hit the task time limit.
PLASPPlanner-seq,classical-domains,airport,p33-airport4halfMUC-p10,2004,TIMEOUT,,,,21.096,,1807.381,2159.69,Hit the task time limit.
PLASPPlanner-seq,classical-domains,airport,p34-airport4halfMUC-p11,2004,TIMEOUT,,,,21.605,,1808.345,2697.47,Hit the task time limit.
PLASPPlanner-seq,classical-domains,airport,p35-airport4halfMUC-p12,2004,TIMEOUT,,,,21.933,,1807.279,3148.15,Hit the task time limit.
PLASPPlanner-seq,classical-domains,airport,p36-airport5MUC-p2,2004,TIMEOUT,,,,22.122,,1804.383,1021.26,Hit the task time limit.
PLASPPlanner-seq,classical-domains,airport,p37-airport5MUC-p3,2004,TIMEOUT,,,,24.799,,1805.089,1474.11,Hit the task time limit.
PLASPPlanner-seq,classical-domains,airport,p38-airport5MUC-p3,2004,TIMEOUT,,,,24.579,,1804.921,1268.41,Hit the task time limit.
PLASPPlanner-seq,classical-domains,airport,p39-airport5MUC-p4,2004,TIMEOUT,,,,25.039,,1805.853,1993.52,Hit the task time limit.
PLASPPlanner-seq,classical-domains,airport,p40-airport5MUC-p4,2004,TIMEOUT,,,,37.082,,1806.309,1644.69,Hit the task time limit.
PLASPPlanner-seq,classical-domains,airport,p41-airport5MUC-p4,2004,TIMEOUT,,,,35.281,,1805.692,1495.56,Hit the task time limit.
PLASPPlanner-seq,classical-domains,airport,p42-airport5MUC-p5,2004,TIMEOUT,,,,30.967,,1806.519,2183.9,Hit the task time limit.
PLASPPlanner-seq,classical-domains,airport,p43-airport5MUC-p5,2004,TIMEOUT,,,,29.359,,1806.247,1776.24,Hit the task time limit.
PLASPPlanner-seq,classical-domains,airport,p44-airport5MUC-p5,2004,TIMEOUT,,,,36.124,,1806.548,1818.62,Hit the task time limit.
PLASPPlanner-seq,classical-domains,airport,p45-airport5MUC-p6,2004,TIMEOUT,,,,44.14,,1811.68,2104.24,Hit the task time limit.
PLASPPlanner-seq,classical-domains,airport,p46-airport5MUC-p6,2004,TIMEOUT,,,,35.385,,1810.206,2445.21,Hit the task time limit.
PLASPPlanner-seq,classical-domains,airport,p47-airport5MUC-p8,2004,TIMEOUT,,,,36.197,,1808.382,2877.58,Hit the task time limit.
PLASPPlanner-seq,classical-domains,airport,p48-airport5MUC-p9,2004,TIMEOUT,,,,40.009,,1808.917,3363.9,Hit the task time limit.
PLASPPlanner-seq,classical-domains,airport,p49-airport5MUC-p10,2004,TIMEOUT,,,,34.684,,1812.725,3422.96,Hit the task time limit.
PLASPPlanner-seq,classical-domains,airport,p50-airport5MUC-p15,2004,TIMEOUT,,,,41.75,,1815.691,4389.05,Hit the task time limit.
PLASPPlanner-seq,classical-domains,airport-adl,p01-airport1-p1,2004,SOLVED,True,8,,0.432,0.666,2.912,138.0,
PLASPPlanner-seq,classical-domains,airport-adl,p02-airport1-p1,2004,SOLVED,True,9,,0.41,0.761,2.961,140.0,
PLASPPlanner-seq,classical-domains,airport-adl,p03-airport1-p2,2004,SOLVED,True,17,,0.593,2.935,5.711,169.88,
PLASPPlanner-seq,classical-domains,airport-adl,p04-airport2-p1,2004,SOLVED,True,20,,0.552,7.552,10.232,282.15,
PLASPPlanner-seq,classical-domains,airport-adl,p05-airport2-p1,2004,SOLVED,True,21,,0.546,10.708,13.559,285.53,
PLASPPlanner-seq,classical-domains,airport-adl,p06-airport2-p2,2004,SOLVED,True,41,,0.589,128.353,131.761,623.07,
PLASPPlanner-seq,classical-domains,airport-adl,p07-airport2-p2,2004,SOLVED,True,41,,0.571,127.867,131.332,624.52,
PLASPPlanner-seq,classical-domains,airport-adl,p08-airport2-p3,2004,TIMEOUT,,,,0.506,,1801.576,980.81,Hit the task time limit.
PLASPPlanner-seq,classical-domains,airport-adl,p09-airport2-p4,2004,TIMEOUT,,,,0.56,,1801.953,1361.88,Hit the task time limit.
PLASPPlanner-seq,classical-domains,airport-adl,p10-airport3-p1,2004,SOLVED,True,18,,0.621,10.406,13.577,287.04,
PLASPPlanner-seq,classical-domains,airport-adl,p11-airport3-p1,2004,SOLVED,True,21,,0.699,13.903,17.324,316.54,
PLASPPlanner-seq,classical-domains,airport-adl,p12-airport3-p2,2004,SOLVED,True,39,,0.641,92.902,96.378,765.1,
PLASPPlanner-seq,classical-domains,airport-adl,p13-airport3-p2,2004,SOLVED,True,37,,0.534,74.609,77.88,757.73,
PLASPPlanner-seq,classical-domains,airport-adl,p14-airport3-p3,2004,TIMEOUT,,,,0.51,,1801.992,1150.76,Hit the task time limit.
PLASPPlanner-seq,classical-domains,airport-adl,p15-airport3-p3,2004,TIMEOUT,,,,0.65,,1801.954,1125.35,Hit the task time limit.
PLASPPlanner-seq,classical-domains,airport-adl,p16-airport3-p4,2004,TIMEOUT,,,,0.733,,1802.399,1605.69,Hit the task time limit.
PLASPPlanner-seq,classical-domains,airport-adl,p17-airport3-p5,2004,TIMEOUT,,,,0.392,,1802.702,1853.99,Hit the task time limit.
PLASPPlanner-seq,classical-domains,airport-adl,p18-airport3-p6,2004,TIMEOUT,,,,0.382,,1803.148,2124.45,Hit the task time limit.
PLASPPlanner-seq,classical-domains,airport-adl,p19-airport3-p6,2004,TIMEOUT,,,,0.363,,1803.326,2615.52,Hit the task time limit.
PLASPPlanner-seq,classical-domains,airport-adl,p20-airport3-p7,2004,TIMEOUT,,,,0.377,,1803.489,2783.49,Hit the task time limit.
PLASPPlanner-seq,classical-domains,airport-adl,p21-airport4halfMUC-p2,2004,MEMOUT,,,,1.454,,240.414,7385.71,MemoryError under a 8192MB limit.
PLASPPlanner-seq,classical-domains,airport-adl,p22-airport4halfMUC-p3,2004,MEMOUT,,,,1.462,,237.567,7631.65,MemoryError under a 8192MB limit.
PLASPPlanner-seq,classical-domains,airport-adl,p23-airport4halfMUC-p4,2004,MEMOUT,,,,1.52,,230.052,7185.48,MemoryError under a 8192MB limit.
PLASPPlanner-seq,classical-domains,airport-adl,p24-airport4halfMUC-p4,2004,MEMOUT,,,,1.469,,234.011,7280.66,MemoryError under a 8192MB limit.
PLASPPlanner-seq,classical-domains,airport-adl,p25-airport4halfMUC-p5,2004,MEMOUT,,,,1.542,,169.026,7696.36,MemoryError under a 8192MB limit.
PLASPPlanner-seq,classical-domains,airport-adl,p26-airport4halfMUC-p6,2004,KILLED,,,,,,,,
PLASPPlanner-seq,classical-domains,airport-adl,p27-airport4halfMUC-p6,2004,MEMOUT,,,,1.525,,144.462,7498.3,MemoryError under a 8192MB limit.
PLASPPlanner-seq,classical-domains,airport-adl,p28-airport4halfMUC-p7,2004,MEMOUT,,,,1.542,,129.543,7475.88,MemoryError under a 8192MB limit.
PLASPPlanner-seq,classical-domains,airport-adl,p29-airport4halfMUC-p8,2004,MEMOUT,,,,1.541,,132.198,7630.78,MemoryError under a 8192MB limit.
PLASPPlanner-seq,classical-domains,airport-adl,p30-airport4halfMUC-p8,2004,MEMOUT,,,,1.53,,134.448,7639.58,MemoryError under a 8192MB limit.
PLASPPlanner-seq,classical-domains,airport-adl,p31-airport4halfMUC-p9,2004,MEMOUT,,,,1.624,,115.787,7567.05,MemoryError under a 8192MB limit.
PLASPPlanner-seq,classical-domains,airport-adl,p32-airport4halfMUC-p10,2004,KILLED,,,,,,,,
PLASPPlanner-seq,classical-domains,airport-adl,p33-airport4halfMUC-p10,2004,KILLED,,,,,,,,
PLASPPlanner-seq,classical-domains,airport-adl,p34-airport4halfMUC-p11,2004,KILLED,,,,,,,,
PLASPPlanner-seq,classical-domains,airport-adl,p35-airport4halfMUC-p12,2004,MEMOUT,,,,1.554,,115.489,7149.29,MemoryError under a 8192MB limit.
PLASPPlanner-seq,classical-domains,airport-adl,p36-airport5MUC-p2,2004,MEMOUT,,,,2.111,,230.973,7773.97,MemoryError under a 8192MB limit.
PLASPPlanner-seq,classical-domains,airport-adl,p37-airport5MUC-p3,2004,MEMOUT,,,,2.179,,197.453,7524.96,MemoryError under a 8192MB limit.
PLASPPlanner-seq,classical-domains,airport-adl,p38-airport5MUC-p3,2004,MEMOUT,,,,2.154,,202.239,7460.12,MemoryError under a 8192MB limit.
PLASPPlanner-seq,classical-domains,airport-adl,p39-airport5MUC-p4,2004,MEMOUT,,,,2.205,,170.241,7567.65,MemoryError under a 8192MB limit.
PLASPPlanner-seq,classical-domains,airport-adl,p40-airport5MUC-p4,2004,MEMOUT,,,,2.046,,165.912,7537.91,MemoryError under a 8192MB limit.
PLASPPlanner-seq,classical-domains,airport-adl,p41-airport5MUC-p4,2004,KILLED,,,,,,,,
PLASPPlanner-seq,classical-domains,airport-adl,p42-airport5MUC-p5,2004,MEMOUT,,,,2.077,,176.299,7730.33,MemoryError under a 8192MB limit.
PLASPPlanner-seq,classical-domains,airport-adl,p43-airport5MUC-p5,2004,MEMOUT,,,,2.196,,177.342,7775.41,MemoryError under a 8192MB limit.
PLASPPlanner-seq,classical-domains,airport-adl,p44-airport5MUC-p5,2004,MEMOUT,,,,2.235,,182.271,7768.54,MemoryError under a 8192MB limit.
PLASPPlanner-seq,classical-domains,airport-adl,p45-airport5MUC-p6,2004,KILLED,,,,,,,,
PLASPPlanner-seq,classical-domains,airport-adl,p46-airport5MUC-p6,2004,MEMOUT,,,,2.316,,179.789,7179.37,MemoryError under a 8192MB limit.
PLASPPlanner-seq,classical-domains,airport-adl,p47-airport5MUC-p8,2004,MEMOUT,,,,2.252,,181.428,7267.73,MemoryError under a 8192MB limit.
PLASPPlanner-seq,classical-domains,airport-adl,p48-airport5MUC-p9,2004,MEMOUT,,,,2.188,,181.182,6905.47,MemoryError under a 8192MB limit.
PLASPPlanner-seq,classical-domains,airport-adl,p49-airport5MUC-p10,2004,MEMOUT,,,,2.199,,181.613,6738.48,MemoryError under a 8192MB limit.
PLASPPlanner-seq,classical-domains,airport-adl,p50-airport5MUC-p15,2004,MEMOUT,,,,2.281,,181.424,6531.59,MemoryError under a 8192MB limit.
PLASPPlanner-seq,classical-domains,assembly,prob01,1998,TIMEOUT,,,,0.108,,1803.574,1918.54,Hit the task time limit.
PLASPPlanner-seq,classical-domains,assembly,prob02,1998,TIMEOUT,,,,0.101,,1804.816,2500.45,Hit the task time limit.
PLASPPlanner-seq,classical-domains,assembly,prob03,1998,TIMEOUT,,,,0.117,,1806.612,3351.12,Hit the task time limit.
PLASPPlanner-seq,classical-domains,assembly,prob04,1998,TIMEOUT,,,,0.121,,1808.316,4317.71,Hit the task time limit.
PLASPPlanner-seq,classical-domains,assembly,prob05,1998,TIMEOUT,,,,0.116,,1806.946,3731.96,Hit the task time limit.
PLASPPlanner-seq,classical-domains,assembly,prob06,1998,TIMEOUT,,,,0.113,,1814.671,7574.11,Hit the task time limit.
PLASPPlanner-seq,classical-domains,assembly,prob07,1998,TIMEOUT,,,,0.13,,1812.044,6476.94,Hit the task time limit.
PLASPPlanner-seq,classical-domains,assembly,prob08,1998,TIMEOUT,,,,0.209,,1811.788,6658.12,Hit the task time limit.
PLASPPlanner-seq,classical-domains,assembly,prob09,1998,MEMOUT,,,,0.127,,191.293,7684.8,MemoryError under a 8192MB limit.
PLASPPlanner-seq,classical-domains,assembly,prob10,1998,MEMOUT,,,,0.127,,178.802,7775.81,MemoryError under a 8192MB limit.
PLASPPlanner-seq,classical-domains,assembly,prob11,1998,MEMOUT,,,,0.217,,171.295,7703.0,MemoryError under a 8192MB limit.
PLASPPlanner-seq,classical-domains,assembly,prob12,1998,MEMOUT,,,,0.219,,169.407,7732.6,MemoryError under a 8192MB limit.
PLASPPlanner-seq,classical-domains,assembly,prob13,1998,MEMOUT,,,,0.216,,177.254,7669.94,MemoryError under a 8192MB limit.
PLASPPlanner-seq,classical-domains,assembly,prob14,1998,KILLED,,,,,,,,
PLASPPlanner-seq,classical-domains,assembly,prob15,1998,MEMOUT,,,,0.215,,161.44,7817.53,MemoryError under a 8192MB limit.
PLASPPlanner-seq,classical-domains,assembly,prob16,1998,MEMOUT,,,,0.24,,153.751,7773.73,MemoryError under a 8192MB limit.
PLASPPlanner-seq,classical-domains,assembly,prob17,1998,MEMOUT,,,,0.236,,154.85,7748.88,MemoryError under a 8192MB limit.
PLASPPlanner-seq,classical-domains,assembly,prob18,1998,MEMOUT,,,,0.225,,148.735,7754.21,MemoryError under a 8192MB limit.
PLASPPlanner-seq,classical-domains,assembly,prob19,1998,MEMOUT,,,,0.219,,158.757,7768.29,MemoryError under a 8192MB limit.
PLASPPlanner-seq,classical-domains,assembly,prob20,1998,KILLED,,,,,,,,
PLASPPlanner-seq,classical-domains,assembly,prob21,1998,MEMOUT,,,,0.238,,301.161,7747.66,MemoryError under a 8192MB limit.
PLASPPlanner-seq,classical-domains,assembly,prob22,1998,MEMOUT,,,,0.234,,138.392,7752.28,MemoryError under a 8192MB limit.
PLASPPlanner-seq,classical-domains,assembly,prob23,1998,MEMOUT,,,,0.231,,140.955,7778.17,MemoryError under a 8192MB limit.
PLASPPlanner-seq,classical-domains,assembly,prob24,1998,KILLED,,,,,,,,
PLASPPlanner-seq,classical-domains,assembly,prob25,1998,MEMOUT,,,,0.242,,144.825,7794.73,MemoryError under a 8192MB limit.
PLASPPlanner-seq,classical-domains,assembly,prob26,1998,MEMOUT,,,,0.249,,159.807,7715.41,MemoryError under a 8192MB limit.
PLASPPlanner-seq,classical-domains,assembly,prob27,1998,MEMOUT,,,,0.248,,143.162,7732.14,MemoryError under a 8192MB limit.
PLASPPlanner-seq,classical-domains,assembly,prob28,1998,MEMOUT,,,,0.234,,149.698,7592.97,MemoryError under a 8192MB limit.
PLASPPlanner-seq,classical-domains,assembly,prob29,1998,MEMOUT,,,,0.243,,163.812,7710.52,MemoryError under a 8192MB limit.
PLASPPlanner-seq,classical-domains,assembly,prob30,1998,MEMOUT,,,,0.263,,150.622,7869.1,MemoryError under a 8192MB limit.
PLASPPlanner-seq,classical-domains,barman-opt11-strips,pfile01-001,2011,TIMEOUT,,,,0.228,,1800.125,210.62,Hit the task time limit.
PLASPPlanner-seq,classical-domains,barman-opt11-strips,pfile01-002,2011,TIMEOUT,,,,0.24,,1800.116,202.16,Hit the task time limit.
PLASPPlanner-seq,classical-domains,barman-opt11-strips,pfile01-003,2011,TIMEOUT,,,,0.241,,1800.12,217.83,Hit the task time limit.
PLASPPlanner-seq,classical-domains,barman-opt11-strips,pfile01-004,2011,TIMEOUT,,,,0.248,,1800.091,210.84,Hit the task time limit.
PLASPPlanner-seq,classical-domains,barman-opt11-strips,pfile02-005,2011,TIMEOUT,,,,0.238,,1800.16,240.89,Hit the task time limit.
PLASPPlanner-seq,classical-domains,barman-opt11-strips,pfile02-006,2011,TIMEOUT,,,,0.232,,1800.129,237.22,Hit the task time limit.
PLASPPlanner-seq,classical-domains,barman-opt11-strips,pfile02-007,2011,TIMEOUT,,,,0.232,,1800.146,229.85,Hit the task time limit.
PLASPPlanner-seq,classical-domains,barman-opt11-strips,pfile02-008,2011,TIMEOUT,,,,0.236,,1800.186,228.31,Hit the task time limit.
PLASPPlanner-seq,classical-domains,barman-opt11-strips,pfile03-009,2011,TIMEOUT,,,,0.254,,1800.197,263.25,Hit the task time limit.
PLASPPlanner-seq,classical-domains,barman-opt11-strips,pfile03-010,2011,TIMEOUT,,,,0.232,,1800.177,254.96,Hit the task time limit.
PLASPPlanner-seq,classical-domains,barman-opt11-strips,pfile03-011,2011,TIMEOUT,,,,0.237,,1800.174,260.66,Hit the task time limit.
PLASPPlanner-seq,classical-domains,barman-opt11-strips,pfile03-012,2011,TIMEOUT,,,,0.248,,1800.163,252.16,Hit the task time limit.
PLASPPlanner-seq,classical-domains,barman-opt11-strips,pfile04-013,2011,TIMEOUT,,,,0.243,,1800.172,258.8,Hit the task time limit.
PLASPPlanner-seq,classical-domains,barman-opt11-strips,pfile04-014,2011,TIMEOUT,,,,0.254,,1800.153,226.72,Hit the task time limit.
PLASPPlanner-seq,classical-domains,barman-opt11-strips,pfile04-015,2011,TIMEOUT,,,,0.254,,1800.148,242.35,Hit the task time limit.
PLASPPlanner-seq,classical-domains,barman-opt11-strips,pfile04-016,2011,TIMEOUT,,,,0.242,,1800.15,232.39,Hit the task time limit.
PLASPPlanner-seq,classical-domains,barman-opt11-strips,pfile05-017,2011,TIMEOUT,,,,0.251,,1800.172,251.7,Hit the task time limit.
PLASPPlanner-seq,classical-domains,barman-opt11-strips,pfile05-018,2011,TIMEOUT,,,,0.245,,1800.171,243.43,Hit the task time limit.
PLASPPlanner-seq,classical-domains,barman-opt11-strips,pfile05-019,2011,TIMEOUT,,,,0.253,,1800.164,252.29,Hit the task time limit.
PLASPPlanner-seq,classical-domains,barman-opt11-strips,pfile05-020,2011,TIMEOUT,,,,0.247,,1800.169,249.84,Hit the task time limit.
PLASPPlanner-seq,classical-domains,barman-opt14-strips,p435.1,2014,TIMEOUT,,,,0.215,,1800.132,233.19,Hit the task time limit.
PLASPPlanner-seq,classical-domains,barman-opt14-strips,p435.2,2014,TIMEOUT,,,,0.212,,1800.159,232.58,Hit the task time limit.
PLASPPlanner-seq,classical-domains,barman-opt14-strips,p435.3,2014,TIMEOUT,,,,0.213,,1800.147,223.65,Hit the task time limit.
PLASPPlanner-seq,classical-domains,barman-opt14-strips,p536.1,2014,TIMEOUT,,,,0.215,,1800.165,265.18,Hit the task time limit.
PLASPPlanner-seq,classical-domains,barman-opt14-strips,p536.2,2014,TIMEOUT,,,,0.213,,1800.179,270.68,Hit the task time limit.
PLASPPlanner-seq,classical-domains,barman-opt14-strips,p536.3,2014,TIMEOUT,,,,0.215,,1800.157,268.2,Hit the task time limit.
PLASPPlanner-seq,classical-domains,barman-opt14-strips,p638.1,2014,TIMEOUT,,,,0.219,,1800.149,241.3,Hit the task time limit.
PLASPPlanner-seq,classical-domains,barman-opt14-strips,p638.2,2014,TIMEOUT,,,,0.239,,1800.174,228.42,Hit the task time limit.
PLASPPlanner-seq,classical-domains,barman-opt14-strips,p638.3,2014,TIMEOUT,,,,0.237,,1800.165,249.41,Hit the task time limit.
PLASPPlanner-seq,classical-domains,barman-opt14-strips,p739.1,2014,TIMEOUT,,,,0.23,,1800.16,247.31,Hit the task time limit.
PLASPPlanner-seq,classical-domains,barman-opt14-strips,p739.2,2014,TIMEOUT,,,,0.233,,1800.164,248.98,Hit the task time limit.
PLASPPlanner-seq,classical-domains,barman-opt14-strips,p739.3,2014,TIMEOUT,,,,0.232,,1800.183,253.21,Hit the task time limit.
PLASPPlanner-seq,classical-domains,barman-opt14-strips,p839.1,2014,TIMEOUT,,,,0.234,,1800.174,243.87,Hit the task time limit.
PLASPPlanner-seq,classical-domains,barman-opt14-strips,p839.2,2014,TIMEOUT,,,,0.23,,1800.177,264.79,Hit the task time limit.
PLASPPlanner-seq,classical-domains,barman-sat11-strips,pfile06-021,2011,TIMEOUT,,,,0.248,,1800.203,266.55,Hit the task time limit.
PLASPPlanner-seq,classical-domains,barman-sat11-strips,pfile06-022,2011,TIMEOUT,,,,0.252,,1800.212,274.98,Hit the task time limit.
PLASPPlanner-seq,classical-domains,barman-sat11-strips,pfile06-023,2011,TIMEOUT,,,,0.258,,1800.223,274.59,Hit the task time limit.
PLASPPlanner-seq,classical-domains,barman-sat11-strips,pfile06-024,2011,TIMEOUT,,,,0.259,,1800.209,272.83,Hit the task time limit.
PLASPPlanner-seq,classical-domains,barman-sat11-strips,pfile07-025,2011,TIMEOUT,,,,0.257,,1800.23,294.48,Hit the task time limit.
PLASPPlanner-seq,classical-domains,barman-sat11-strips,pfile07-026,2011,TIMEOUT,,,,0.261,,1800.238,299.64,Hit the task time limit.
PLASPPlanner-seq,classical-domains,barman-sat11-strips,pfile07-027,2011,TIMEOUT,,,,0.257,,1800.243,314.15,Hit the task time limit.
PLASPPlanner-seq,classical-domains,barman-sat11-strips,pfile07-028,2011,TIMEOUT,,,,0.255,,1800.25,323.37,Hit the task time limit.
PLASPPlanner-seq,classical-domains,barman-sat11-strips,pfile08-029,2011,TIMEOUT,,,,0.284,,1800.243,327.34,Hit the task time limit.
PLASPPlanner-seq,classical-domains,barman-sat11-strips,pfile08-030,2011,TIMEOUT,,,,0.275,,1800.255,323.8,Hit the task time limit.
PLASPPlanner-seq,classical-domains,barman-sat11-strips,pfile08-031,2011,TIMEOUT,,,,0.266,,1800.244,324.97,Hit the task time limit.
PLASPPlanner-seq,classical-domains,barman-sat11-strips,pfile08-032,2011,TIMEOUT,,,,0.262,,1800.291,349.75,Hit the task time limit.
PLASPPlanner-seq,classical-domains,barman-sat11-strips,pfile09-033,2011,TIMEOUT,,,,0.266,,1800.285,336.38,Hit the task time limit.
PLASPPlanner-seq,classical-domains,barman-sat11-strips,pfile09-034,2011,TIMEOUT,,,,0.265,,1800.252,342.03,Hit the task time limit.
PLASPPlanner-seq,classical-domains,barman-sat11-strips,pfile09-035,2011,TIMEOUT,,,,0.269,,1800.284,334.12,Hit the task time limit.
PLASPPlanner-seq,classical-domains,barman-sat11-strips,pfile09-036,2011,TIMEOUT,,,,0.272,,1800.283,354.23,Hit the task time limit.
PLASPPlanner-seq,classical-domains,barman-sat11-strips,pfile10-037,2011,TIMEOUT,,,,0.276,,1800.287,338.64,Hit the task time limit.
PLASPPlanner-seq,classical-domains,barman-sat11-strips,pfile10-038,2011,TIMEOUT,,,,0.287,,1800.293,351.69,Hit the task time limit.
PLASPPlanner-seq,classical-domains,barman-sat11-strips,pfile10-039,2011,TIMEOUT,,,,0.271,,1800.289,372.86,Hit the task time limit.
PLASPPlanner-seq,classical-domains,barman-sat11-strips,pfile10-040,2011,TIMEOUT,,,,0.283,,1800.295,369.11,Hit the task time limit.
PLASPPlanner-seq,classical-domains,barman-sat14-strips,p1-11-4-15,2014,TIMEOUT,,,,0.279,,1800.285,357.05,Hit the task time limit.
PLASPPlanner-seq,classical-domains,barman-sat14-strips,p1-11-5-15,2014,TIMEOUT,,,,0.264,,1800.278,369.66,Hit the task time limit.
PLASPPlanner-seq,classical-domains,barman-sat14-strips,p1-11-5-16,2014,TIMEOUT,,,,0.279,,1800.315,371.06,Hit the task time limit.
PLASPPlanner-seq,classical-domains,barman-sat14-strips,p2-10-4-13,2014,TIMEOUT,,,,0.261,,1800.24,315.21,Hit the task time limit.
PLASPPlanner-seq,classical-domains,barman-sat14-strips,p2-11-4-15,2014,TIMEOUT,,,,0.274,,1800.288,330.21,Hit the task time limit.
PLASPPlanner-seq,classical-domains,barman-sat14-strips,p2-11-5-15,2014,TIMEOUT,,,,0.263,,1800.333,428.52,Hit the task time limit.
PLASPPlanner-seq,classical-domains,barman-sat14-strips,p2-11-5-16,2014,TIMEOUT,,,,0.276,,1800.333,383.66,Hit the task time limit.
PLASPPlanner-seq,classical-domains,barman-sat14-strips,p2-11-5-17,2014,TIMEOUT,,,,0.29,,1800.352,417.76,Hit the task time limit.
PLASPPlanner-seq,classical-domains,barman-sat14-strips,p3-10-4-13,2014,TIMEOUT,,,,0.272,,1800.249,316.57,Hit the task time limit.
PLASPPlanner-seq,classical-domains,barman-sat14-strips,p3-11-4-15,2014,TIMEOUT,,,,0.282,,1800.314,413.64,Hit the task time limit.
PLASPPlanner-seq,classical-domains,barman-sat14-strips,p3-11-5-15,2014,TIMEOUT,,,,0.267,,1800.316,367.5,Hit the task time limit.
PLASPPlanner-seq,classical-domains,barman-sat14-strips,p3-11-5-16,2014,TIMEOUT,,,,0.273,,1800.316,398.5,Hit the task time limit.
PLASPPlanner-seq,classical-domains,barman-sat14-strips,p3-11-5-17,2014,TIMEOUT,,,,0.278,,1800.328,403.25,Hit the task time limit.
PLASPPlanner-seq,classical-domains,barman-sat14-strips,p4-11-4-14,2014,TIMEOUT,,,,0.27,,1800.275,340.59,Hit the task time limit.
PLASPPlanner-seq,classical-domains,barman-sat14-strips,p4-11-4-15,2014,TIMEOUT,,,,0.266,,1800.279,358.34,Hit the task time limit.
PLASPPlanner-seq,classical-domains,barman-sat14-strips,p4-11-5-15,2014,TIMEOUT,,,,0.268,,1800.285,354.03,Hit the task time limit.
PLASPPlanner-seq,classical-domains,barman-sat14-strips,p5-10-4-13,2014,TIMEOUT,,,,0.263,,1800.243,318.08,Hit the task time limit.
PLASPPlanner-seq,classical-domains,barman-sat14-strips,p5-11-4-15,2014,TIMEOUT,,,,0.259,,1800.29,369.17,Hit the task time limit.
PLASPPlanner-seq,classical-domains,barman-sat14-strips,p5-11-5-15,2014,TIMEOUT,,,,0.273,,1800.309,380.47,Hit the task time limit.
PLASPPlanner-seq,classical-domains,barman-sat14-strips,p5-11-5-16,2014,TIMEOUT,,,,0.266,,1800.339,395.23,Hit the task time limit.
PLASPPlanner-seq,classical-domains,blocks,probBLOCKS-10-0,2000,SOLVED,True,34,,0.073,1472.411,1473.905,181.18,
PLASPPlanner-seq,classical-domains,blocks,probBLOCKS-10-1,2000,TIMEOUT,,,,0.062,,1800.251,184.38,Hit the task time limit.
PLASPPlanner-seq,classical-domains,blocks,probBLOCKS-10-2,2000,SOLVED,True,34,,0.065,1334.905,1336.278,181.54,
PLASPPlanner-seq,classical-domains,blocks,probBLOCKS-11-0,2000,TIMEOUT,,,,0.068,,1800.288,187.14,Hit the task time limit.
PLASPPlanner-seq,classical-domains,blocks,probBLOCKS-11-1,2000,TIMEOUT,,,,0.062,,1800.269,180.82,Hit the task time limit.
PLASPPlanner-seq,classical-domains,blocks,probBLOCKS-11-2,2000,TIMEOUT,,,,0.058,,1800.269,190.91,Hit the task time limit.
PLASPPlanner-seq,classical-domains,blocks,probBLOCKS-12-0,2000,TIMEOUT,,,,0.06,,1800.307,199.02,Hit the task time limit.
PLASPPlanner-seq,classical-domains,blocks,probBLOCKS-12-1,2000,TIMEOUT,,,,0.059,,1800.301,194.84,Hit the task time limit.
PLASPPlanner-seq,classical-domains,blocks,probBLOCKS-13-0,2000,TIMEOUT,,,,0.062,,1800.357,208.64,Hit the task time limit.
PLASPPlanner-seq,classical-domains,blocks,probBLOCKS-13-1,2000,TIMEOUT,,,,0.063,,1800.358,207.89,Hit the task time limit.
PLASPPlanner-seq,classical-domains,blocks,probBLOCKS-14-0,2000,TIMEOUT,,,,0.064,,1800.388,216.86,Hit the task time limit.
PLASPPlanner-seq,classical-domains,blocks,probBLOCKS-14-1,2000,TIMEOUT,,,,0.073,,1800.404,202.86,Hit the task time limit.
PLASPPlanner-seq,classical-domains,blocks,probBLOCKS-15-0,2000,TIMEOUT,,,,0.073,,1800.447,196.2,Hit the task time limit.
PLASPPlanner-seq,classical-domains,blocks,probBLOCKS-15-1,2000,TIMEOUT,,,,0.072,,1800.454,210.36,Hit the task time limit.
PLASPPlanner-seq,classical-domains,blocks,probBLOCKS-16-1,2000,TIMEOUT,,,,0.074,,1800.507,217.5,Hit the task time limit.
PLASPPlanner-seq,classical-domains,blocks,probBLOCKS-16-2,2000,TIMEOUT,,,,0.073,,1800.53,220.7,Hit the task time limit.
PLASPPlanner-seq,classical-domains,blocks,probBLOCKS-17-0,2000,TIMEOUT,,,,0.071,,1800.574,231.36,Hit the task time limit.
PLASPPlanner-seq,classical-domains,blocks,probBLOCKS-17-1,2000,TIMEOUT,,,,0.07,,1800.559,223.02,Hit the task time limit.
PLASPPlanner-seq,classical-domains,blocks,probBLOCKS-18-0,2000,TIMEOUT,,,,0.071,,1800.613,248.26,Hit the task time limit.
PLASPPlanner-seq,classical-domains,blocks,probBLOCKS-18-1,2000,TIMEOUT,,,,0.07,,1800.626,237.12,Hit the task time limit.
PLASPPlanner-seq,classical-domains,blocks,probBLOCKS-19-0,2000,TIMEOUT,,,,0.078,,1800.714,244.66,Hit the task time limit.
PLASPPlanner-seq,classical-domains,blocks,probBLOCKS-19-1,2000,TIMEOUT,,,,0.077,,1800.709,252.3,Hit the task time limit.
PLASPPlanner-seq,classical-domains,blocks,probBLOCKS-20-0,2000,TIMEOUT,,,,0.076,,1800.787,295.9,Hit the task time limit.
PLASPPlanner-seq,classical-domains,blocks,probBLOCKS-20-1,2000,TIMEOUT,,,,0.071,,1800.74,254.18,Hit the task time limit.
PLASPPlanner-seq,classical-domains,blocks,probBLOCKS-21-0,2000,ERROR,,,,,,1.36,118.0,KeyError: 'block'
PLASPPlanner-seq,classical-domains,blocks,probBLOCKS-21-1,2000,ERROR,,,,,,1.329,122.0,KeyError: 'block'
PLASPPlanner-seq,classical-domains,blocks,probBLOCKS-22-0,2000,ERROR,,,,,,1.286,122.0,KeyError: 'block'
PLASPPlanner-seq,classical-domains,blocks,probBLOCKS-22-1,2000,ERROR,,,,,,1.32,122.0,KeyError: 'block'
PLASPPlanner-seq,classical-domains,blocks,probBLOCKS-23-0,2000,ERROR,,,,,,1.35,122.0,KeyError: 'block'
PLASPPlanner-seq,classical-domains,blocks,probBLOCKS-23-1,2000,ERROR,,,,,,1.285,120.0,KeyError: 'block'
PLASPPlanner-seq,classical-domains,blocks,probBLOCKS-24-0,2000,ERROR,,,,,,1.285,122.0,KeyError: 'block'
PLASPPlanner-seq,classical-domains,blocks,probBLOCKS-24-1,2000,ERROR,,,,,,1.285,122.0,KeyError: 'block'
PLASPPlanner-seq,classical-domains,blocks,probBLOCKS-25-0,2000,TIMEOUT,,,,0.081,,1801.272,359.56,Hit the task time limit.
PLASPPlanner-seq,classical-domains,blocks,probBLOCKS-25-1,2000,TIMEOUT,,,,0.079,,1801.232,308.5,Hit the task time limit.
PLASPPlanner-seq,classical-domains,blocks,probBLOCKS-26-0,2000,ERROR,,,,,,1.313,122.0,KeyError: 'block'
PLASPPlanner-seq,classical-domains,blocks,probBLOCKS-26-1,2000,ERROR,,,,,,1.274,122.0,KeyError: 'block'
PLASPPlanner-seq,classical-domains,blocks,probBLOCKS-27-0,2000,ERROR,,,,,,1.263,122.0,KeyError: 'block'
PLASPPlanner-seq,classical-domains,blocks,probBLOCKS-27-1,2000,ERROR,,,,,,1.285,120.0,KeyError: 'block'
PLASPPlanner-seq,classical-domains,blocks,probBLOCKS-28-0,2000,TIMEOUT,,,,0.081,,1801.566,440.0,Hit the task time limit.
PLASPPlanner-seq,classical-domains,blocks,probBLOCKS-28-1,2000,TIMEOUT,,,,0.084,,1801.542,412.52,Hit the task time limit.
PLASPPlanner-seq,classical-domains,blocks,probBLOCKS-29-0,2000,ERROR,,,,,,1.325,122.0,KeyError: 'block'
PLASPPlanner-seq,classical-domains,blocks,probBLOCKS-29-1,2000,ERROR,,,,,,1.402,118.0,KeyError: 'block'
PLASPPlanner-seq,classical-domains,blocks,probBLOCKS-30-0,2000,TIMEOUT,,,,0.089,,1801.697,393.24,Hit the task time limit.
PLASPPlanner-seq,classical-domains,blocks,probBLOCKS-30-1,2000,TIMEOUT,,,,0.082,,1801.782,441.58,Hit the task time limit.
PLASPPlanner-seq,classical-domains,blocks,probBLOCKS-31-0,2000,ERROR,,,,,,1.39,122.0,KeyError: 'block'
PLASPPlanner-seq,classical-domains,blocks,probBLOCKS-31-1,2000,ERROR,,,,,,1.326,122.0,KeyError: 'block'
PLASPPlanner-seq,classical-domains,blocks,probBLOCKS-32-0,2000,ERROR,,,,,,1.393,122.0,KeyError: 'block'
PLASPPlanner-seq,classical-domains,blocks,probBLOCKS-32-1,2000,ERROR,,,,,,1.345,122.0,KeyError: 'block'
PLASPPlanner-seq,classical-domains,blocks,probBLOCKS-33-0,2000,ERROR,,,,,,1.36,120.0,KeyError: 'block'
PLASPPlanner-seq,classical-domains,blocks,probBLOCKS-33-1,2000,ERROR,,,,,,1.266,120.0,KeyError: 'block'
PLASPPlanner-seq,classical-domains,blocks,probBLOCKS-34-0,2000,ERROR,,,,,,1.362,122.0,KeyError: 'block'
PLASPPlanner-seq,classical-domains,blocks,probBLOCKS-34-1,2000,ERROR,,,,,,1.273,122.0,KeyError: 'block'
PLASPPlanner-seq,classical-domains,blocks,probBLOCKS-35-0,2000,TIMEOUT,,,,0.089,,1802.329,431.62,Hit the task time limit.
PLASPPlanner-seq,classical-domains,blocks,probBLOCKS-35-1,2000,TIMEOUT,,,,0.091,,1802.48,563.74,Hit the task time limit.
PLASPPlanner-seq,classical-domains,blocks,probBLOCKS-36-0,2000,ERROR,,,,,,1.33,122.0,KeyError: 'block'
PLASPPlanner-seq,classical-domains,blocks,probBLOCKS-36-1,2000,ERROR,,,,,,1.344,122.0,KeyError: 'block'
PLASPPlanner-seq,classical-domains,blocks,probBLOCKS-37-0,2000,ERROR,,,,,,1.343,122.0,KeyError: 'block'
PLASPPlanner-seq,classical-domains,blocks,probBLOCKS-37-1,2000,ERROR,,,,,,1.309,120.0,KeyError: 'block'
PLASPPlanner-seq,classical-domains,blocks,probBLOCKS-38-0,2000,ERROR,,,,,,1.411,120.0,KeyError: 'block'
PLASPPlanner-seq,classical-domains,blocks,probBLOCKS-38-1,2000,ERROR,,,,,,1.352,122.0,KeyError: 'block'
PLASPPlanner-seq,classical-domains,blocks,probBLOCKS-39-0,2000,ERROR,,,,,,1.371,122.0,KeyError: 'block'
PLASPPlanner-seq,classical-domains,blocks,probBLOCKS-39-1,2000,ERROR,,,,,,1.394,122.0,KeyError: 'block'
PLASPPlanner-seq,classical-domains,blocks,probBLOCKS-4-0,2000,SOLVED,True,6,,0.054,0.094,1.452,122.0,
PLASPPlanner-seq,classical-domains,blocks,probBLOCKS-4-1,2000,SOLVED,True,10,,0.061,0.109,1.492,126.0,
PLASPPlanner-seq,classical-domains,blocks,probBLOCKS-4-2,2000,SOLVED,True,6,,0.061,0.098,1.45,124.0,
PLASPPlanner-seq,classical-domains,blocks,probBLOCKS-40-0,2000,TIMEOUT,,,,0.099,,1803.251,696.13,Hit the task time limit.
PLASPPlanner-seq,classical-domains,blocks,probBLOCKS-40-1,2000,TIMEOUT,,,,0.096,,1803.355,790.75,Hit the task time limit.
PLASPPlanner-seq,classical-domains,blocks,probBLOCKS-41-0,2000,ERROR,,,,,,1.365,120.0,KeyError: 'block'
PLASPPlanner-seq,classical-domains,blocks,probBLOCKS-41-1,2000,ERROR,,,,,,1.388,122.0,KeyError: 'block'
PLASPPlanner-seq,classical-domains,blocks,probBLOCKS-42-0,2000,ERROR,,,,,,1.309,120.0,KeyError: 'block'
PLASPPlanner-seq,classical-domains,blocks,probBLOCKS-42-1,2000,ERROR,,,,,,1.414,122.0,KeyError: 'block'
PLASPPlanner-seq,classical-domains,blocks,probBLOCKS-43-0,2000,ERROR,,,,,,1.381,122.0,KeyError: 'block'
PLASPPlanner-seq,classical-domains,blocks,probBLOCKS-43-1,2000,ERROR,,,,,,1.38,122.0,KeyError: 'block'
PLASPPlanner-seq,classical-domains,blocks,probBLOCKS-44-0,2000,ERROR,,,,,,1.369,122.0,KeyError: 'block'
PLASPPlanner-seq,classical-domains,blocks,probBLOCKS-44-1,2000,ERROR,,,,,,1.398,122.0,KeyError: 'block'
PLASPPlanner-seq,classical-domains,blocks,probBLOCKS-45-0,2000,TIMEOUT,,,,0.102,,1804.238,827.8,Hit the task time limit.
PLASPPlanner-seq,classical-domains,blocks,probBLOCKS-45-1,2000,TIMEOUT,,,,0.103,,1804.229,785.3,Hit the task time limit.
PLASPPlanner-seq,classical-domains,blocks,probBLOCKS-46-0,2000,ERROR,,,,,,1.297,120.0,KeyError: 'block'
PLASPPlanner-seq,classical-domains,blocks,probBLOCKS-46-1,2000,ERROR,,,,,,1.306,122.0,KeyError: 'block'
PLASPPlanner-seq,classical-domains,blocks,probBLOCKS-47-0,2000,ERROR,,,,,,1.386,122.0,KeyError: 'block'
PLASPPlanner-seq,classical-domains,blocks,probBLOCKS-47-1,2000,ERROR,,,,,,1.304,122.0,KeyError: 'block'
PLASPPlanner-seq,classical-domains,blocks,probBLOCKS-48-0,2000,ERROR,,,,,,1.298,122.0,KeyError: 'block'
PLASPPlanner-seq,classical-domains,blocks,probBLOCKS-48-1,2000,ERROR,,,,,,1.392,122.0,KeyError: 'block'
PLASPPlanner-seq,classical-domains,blocks,probBLOCKS-49-0,2000,ERROR,,,,,,1.29,122.0,KeyError: 'block'
PLASPPlanner-seq,classical-domains,blocks,probBLOCKS-49-1,2000,ERROR,,,,,,1.359,122.0,KeyError: 'block'
PLASPPlanner-seq,classical-domains,blocks,probBLOCKS-5-0,2000,SOLVED,True,12,,0.051,0.141,1.34,126.0,
PLASPPlanner-seq,classical-domains,blocks,probBLOCKS-5-1,2000,SOLVED,True,10,,0.051,0.131,1.34,126.0,
PLASPPlanner-seq,classical-domains,blocks,probBLOCKS-5-2,2000,SOLVED,True,16,,0.051,0.219,1.421,124.0,
PLASPPlanner-seq,classical-domains,blocks,probBLOCKS-50-0,2000,TIMEOUT,,,,0.108,,1805.279,924.38,Hit the task time limit.
PLASPPlanner-seq,classical-domains,blocks,probBLOCKS-50-1,2000,TIMEOUT,,,,0.109,,1805.429,939.67,Hit the task time limit.
PLASPPlanner-seq,classical-domains,blocks,probBLOCKS-55-0,2000,TIMEOUT,,,,0.118,,1806.773,1034.11,Hit the task time limit.
PLASPPlanner-seq,classical-domains,blocks,probBLOCKS-55-1,2000,TIMEOUT,,,,0.113,,1806.825,1170.44,Hit the task time limit.
PLASPPlanner-seq,classical-domains,blocks,probBLOCKS-6-0,2000,SOLVED,True,12,,0.053,0.187,1.399,126.0,
PLASPPlanner-seq,classical-domains,blocks,probBLOCKS-6-1,2000,SOLVED,True,10,,0.054,0.21,1.41,128.0,
PLASPPlanner-seq,classical-domains,blocks,probBLOCKS-6-2,2000,SOLVED,True,20,,0.052,1.158,2.362,128.0,
PLASPPlanner-seq,classical-domains,blocks,probBLOCKS-60-0,2000,TIMEOUT,,,,0.119,,1808.49,1386.1,Hit the task time limit.
PLASPPlanner-seq,classical-domains,blocks,probBLOCKS-60-1,2000,TIMEOUT,,,,0.123,,1808.519,1363.12,Hit the task time limit.
PLASPPlanner-seq,classical-domains,blocks,probBLOCKS-7-0,2000,SOLVED,True,20,,0.054,0.495,1.711,130.0,
PLASPPlanner-seq,classical-domains,blocks,probBLOCKS-7-1,2000,SOLVED,True,22,,0.059,13.389,14.827,136.0,
PLASPPlanner-seq,classical-domains,blocks,probBLOCKS-7-2,2000,SOLVED,True,20,,0.054,4.476,5.68,134.0,
PLASPPlanner-seq,classical-domains,blocks,probBLOCKS-8-0,2000,SOLVED,True,18,,0.055,5.814,7.028,136.0,
PLASPPlanner-seq,classical-domains,blocks,probBLOCKS-8-1,2000,SOLVED,True,20,,0.055,20.908,22.116,140.0,
PLASPPlanner-seq,classical-domains,blocks,probBLOCKS-8-2,2000,SOLVED,True,16,,0.055,2.195,3.405,134.0,
PLASPPlanner-seq,classical-domains,blocks,probBLOCKS-9-0,2000,SOLVED,True,30,,0.056,198.567,199.801,158.64,
PLASPPlanner-seq,classical-domains,blocks,probBLOCKS-9-1,2000,SOLVED,True,28,,0.055,23.524,24.742,146.52,
PLASPPlanner-seq,classical-domains,blocks,probBLOCKS-9-2,2000,SOLVED,True,26,,0.055,19.528,20.746,144.32,
PLASPPlanner-seq,classical-domains,blocks,probblocks-100-0,2000,TIMEOUT,,,,0.261,,1810.829,3979.14,Hit the task time limit.
PLASPPlanner-seq,classical-domains,blocks,probblocks-100-1,2000,TIMEOUT,,,,0.241,,1831.425,3528.25,Hit the task time limit.
PLASPPlanner-seq,classical-domains,blocks,probblocks-200-0,2000,MEMOUT,,,,0.376,,1233.945,7405.2,MemoryError under a 8192MB limit.
PLASPPlanner-seq,classical-domains,blocks,probblocks-200-1,2000,MEMOUT,,,,0.391,,1347.932,7567.12,MemoryError under a 8192MB limit.
PLASPPlanner-seq,classical-domains,blocks,probblocks-250-0,2000,KILLED,,,,,,,,
PLASPPlanner-seq,classical-domains,blocks,probblocks-250-1,2000,TIMEOUT,,,,0.446,,1801.854,1559.38,Hit the task time limit.
PLASPPlanner-seq,classical-domains,blocks,probblocks-300-0,2000,KILLED,,,,,,,,
PLASPPlanner-seq,classical-domains,blocks,probblocks-300-1,2000,KILLED,,,,,,,,
PLASPPlanner-seq,classical-domains,blocks,probblocks-350-0,2000,KILLED,,,,,,,,
PLASPPlanner-seq,classical-domains,blocks,probblocks-350-1,2000,KILLED,,,,,,,,
PLASPPlanner-seq,classical-domains,blocks,probblocks-400-0,2000,ERROR,,,,,,1.733,126.0,"UPExpressionDefinitionError: In FluentExp, fluent: on has arity 2 but 0 parameters were passed."
PLASPPlanner-seq,classical-domains,blocks,probblocks-400-1,2000,ERROR,,,,,,1.732,126.0,"UPExpressionDefinitionError: In FluentExp, fluent: on has arity 2 but 0 parameters were passed."
PLASPPlanner-seq,classical-domains,blocks,probblocks-425-0,2000,ERROR,,,,,,1.771,128.0,"UPExpressionDefinitionError: In FluentExp, fluent: on has arity 2 but 0 parameters were passed."
PLASPPlanner-seq,classical-domains,blocks,probblocks-425-1,2000,ERROR,,,,,,1.771,128.0,"UPExpressionDefinitionError: In FluentExp, fluent: on has arity 2 but 0 parameters were passed."
PLASPPlanner-seq,classical-domains,blocks,probblocks-450-0,2000,ERROR,,,,,,1.783,128.0,"UPExpressionDefinitionError: In FluentExp, fluent: on has arity 2 but 0 parameters were passed."
PLASPPlanner-seq,classical-domains,blocks,probblocks-450-1,2000,ERROR,,,,,,1.775,128.0,"UPExpressionDefinitionError: In FluentExp, fluent: on has arity 2 but 0 parameters were passed."
PLASPPlanner-seq,classical-domains,blocks,probblocks-475-0,2000,ERROR,,,,,,2.165,130.0,"UPExpressionDefinitionError: In FluentExp, fluent: on has arity 2 but 0 parameters were passed."
PLASPPlanner-seq,classical-domains,blocks,probblocks-475-1,2000,ERROR,,,,,,2.273,130.0,"UPExpressionDefinitionError: In FluentExp, fluent: on has arity 2 but 0 parameters were passed."
PLASPPlanner-seq,classical-domains,blocks,probblocks-500-0,2000,ERROR,,,,,,2.184,130.0,"UPExpressionDefinitionError: In FluentExp, fluent: on has arity 2 but 0 parameters were passed."
PLASPPlanner-seq,classical-domains,blocks,probblocks-500-1,2000,ERROR,,,,,,2.121,128.0,"UPExpressionDefinitionError: In FluentExp, fluent: on has arity 2 but 0 parameters were passed."
PLASPPlanner-seq,classical-domains,blocks,probblocks-65-0,2000,TIMEOUT,,,,0.126,,1810.793,1792.83,Hit the task time limit.
PLASPPlanner-seq,classical-domains,blocks,probblocks-65-1,2000,TIMEOUT,,,,0.123,,1810.666,1556.03,Hit the task time limit.
PLASPPlanner-seq,classical-domains,blocks,probblocks-70-0,2000,TIMEOUT,,,,0.229,,1812.268,1353.2,Hit the task time limit.
PLASPPlanner-seq,classical-domains,blocks,probblocks-70-1,2000,TIMEOUT,,,,0.214,,1812.75,1891.76,Hit the task time limit.
PLASPPlanner-seq,classical-domains,blocks,probblocks-80-0,2000,TIMEOUT,,,,0.239,,1819.632,2464.32,Hit the task time limit.
PLASPPlanner-seq,classical-domains,blocks,probblocks-80-1,2000,TIMEOUT,,,,0.231,,1818.597,2521.98,Hit the task time limit.
PLASPPlanner-seq,classical-domains,blocks,probblocks-90-0,2000,TIMEOUT,,,,0.232,,1826.894,2549.33,Hit the task time limit.
PLASPPlanner-seq,classical-domains,blocks,probblocks-90-1,2000,TIMEOUT,,,,0.235,,1826.732,2840.43,Hit the task time limit.
PLASPPlanner-seq,classical-domains,blocks,probblocks-95-0,2000,TIMEOUT,,,,0.254,,1844.242,3278.15,Hit the task time limit.
PLASPPlanner-seq,classical-domains,blocks,probblocks-95-1,2000,TIMEOUT,,,,0.287,,1843.546,3785.63,Hit the task time limit.
PLASPPlanner-seq,classical-domains,blocks-3op,pfile1,,SOLVED,True,0,,0.038,0.042,1.244,124.0,
PLASPPlanner-seq,classical-domains,blocks-3op,pfile10,,SOLVED,True,16,,0.052,46.943,48.168,163.72,
PLASPPlanner-seq,classical-domains,blocks-3op,pfile11,,SOLVED,True,14,,0.053,58.97,60.231,175.61,
PLASPPlanner-seq,classical-domains,blocks-3op,pfile12,,SOLVED,True,11,,0.053,73.522,74.75,180.57,
PLASPPlanner-seq,classical-domains,blocks-3op,pfile13,,SOLVED,True,15,,0.059,61.544,62.881,185.59,
PLASPPlanner-seq,classical-domains,blocks-3op,pfile14,,SOLVED,True,16,,0.061,442.741,444.156,250.52,
PLASPPlanner-seq,classical-domains,blocks-3op,pfile15,,TIMEOUT,,,,0.06,,1803.222,344.38,Hit the task time limit.
PLASPPlanner-seq,classical-domains,blocks-3op,pfile16,,TIMEOUT,,,,0.059,,1804.011,318.67,Hit the task time limit.
PLASPPlanner-seq,classical-domains,blocks-3op,pfile17,,TIMEOUT,,,,0.062,,1804.935,366.7,Hit the task time limit.
PLASPPlanner-seq,classical-domains,blocks-3op,pfile18,,TIMEOUT,,,,0.062,,1806.087,416.43,Hit the task time limit.
PLASPPlanner-seq,classical-domains,blocks-3op,pfile19,,TIMEOUT,,,,0.065,,1807.481,499.32,Hit the task time limit.
PLASPPlanner-seq,classical-domains,blocks-3op,pfile2,,SOLVED,True,0,,0.039,0.051,1.252,120.0,
PLASPPlanner-seq,classical-domains,blocks-3op,pfile20,,TIMEOUT,,,,0.069,,1809.293,471.38,Hit the task time limit.
PLASPPlanner-seq,classical-domains,blocks-3op,pfile21,,TIMEOUT,,,,0.07,,1811.122,528.52,Hit the task time limit.
PLASPPlanner-seq,classical-domains,blocks-3op,pfile22,,TIMEOUT,,,,0.069,,1813.508,607.84,Hit the task time limit.
PLASPPlanner-seq,classical-domains,blocks-3op,pfile23,,TIMEOUT,,,,0.067,,1816.334,652.32,Hit the task time limit.
PLASPPlanner-seq,classical-domains,blocks-3op,pfile24,,TIMEOUT,,,,0.067,,1820.08,817.55,Hit the task time limit.
PLASPPlanner-seq,classical-domains,blocks-3op,pfile25,,TIMEOUT,,,,0.068,,1825.998,740.67,Hit the task time limit.
PLASPPlanner-seq,classical-domains,blocks-3op,pfile26,,TIMEOUT,,,,0.072,,1845.206,990.07,Hit the task time limit.
PLASPPlanner-seq,classical-domains,blocks-3op,pfile27,,TIMEOUT,,,,0.076,,1836.757,794.97,Hit the task time limit.
PLASPPlanner-seq,classical-domains,blocks-3op,pfile28,,TIMEOUT,,,,0.083,,1856.045,854.95,Hit the task time limit.
PLASPPlanner-seq,classical-domains,blocks-3op,pfile29,,TIMEOUT,,,,0.075,,1873.278,1126.69,Hit the task time limit.
PLASPPlanner-seq,classical-domains,blocks-3op,pfile3,,SOLVED,True,0,,0.04,0.068,1.274,124.0,
PLASPPlanner-seq,classical-domains,blocks-3op,pfile30,,TIMEOUT,,,,0.081,,1883.777,1240.37,Hit the task time limit.
PLASPPlanner-seq,classical-domains,blocks-3op,pfile4,,SOLVED,True,6,,0.045,0.12,1.332,122.0,
PLASPPlanner-seq,classical-domains,blocks-3op,pfile5,,SOLVED,True,6,,0.052,0.218,1.595,124.0,
PLASPPlanner-seq,classical-domains,blocks-3op,pfile6,,SOLVED,True,7,,0.05,0.335,1.644,128.0,
PLASPPlanner-seq,classical-domains,blocks-3op,pfile7,,SOLVED,True,9,,0.05,1.085,2.423,134.0,
PLASPPlanner-seq,classical-domains,blocks-3op,pfile8,,SOLVED,True,11,,0.053,0.691,2.024,134.0,
PLASPPlanner-seq,classical-domains,blocks-3op,pfile9,,SOLVED,True,11,,0.051,6.134,7.357,147.45,
PLASPPlanner-seq,classical-domains,briefcaseworld,pfile1,,SOLVED,True,1,,0.04,0.028,1.34,122.0,
PLASPPlanner-seq,classical-domains,briefcaseworld,pfile10,,TIMEOUT,,,,0.065,,1800.076,188.02,Hit the task time limit.
PLASPPlanner-seq,classical-domains,briefcaseworld,pfile11,,TIMEOUT,,,,0.059,,1800.087,206.8,Hit the task time limit.
PLASPPlanner-seq,classical-domains,briefcaseworld,pfile12,,TIMEOUT,,,,0.054,,1800.121,226.55,Hit the task time limit.
PLASPPlanner-seq,classical-domains,briefcaseworld,pfile13,,TIMEOUT,,,,0.062,,1800.1,235.77,Hit the task time limit.
PLASPPlanner-seq,classical-domains,briefcaseworld,pfile14,,TIMEOUT,,,,0.062,,1800.122,241.97,Hit the task time limit.
PLASPPlanner-seq,classical-domains,briefcaseworld,pfile15,,TIMEOUT,,,,0.061,,1800.129,247.05,Hit the task time limit.
PLASPPlanner-seq,classical-domains,briefcaseworld,pfile16,,TIMEOUT,,,,0.066,,1800.159,286.64,Hit the task time limit.
PLASPPlanner-seq,classical-domains,briefcaseworld,pfile17,,TIMEOUT,,,,0.062,,1800.167,310.4,Hit the task time limit.
PLASPPlanner-seq,classical-domains,briefcaseworld,pfile18,,TIMEOUT,,,,0.062,,1800.203,365.32,Hit the task time limit.
PLASPPlanner-seq,classical-domains,briefcaseworld,pfile19,,TIMEOUT,,,,0.067,,1800.206,356.75,Hit the task time limit.
PLASPPlanner-seq,classical-domains,briefcaseworld,pfile2,,SOLVED,True,2,,0.044,0.03,1.464,124.0,
PLASPPlanner-seq,classical-domains,briefcaseworld,pfile20,,TIMEOUT,,,,0.082,,1800.226,380.32,Hit the task time limit.
PLASPPlanner-seq,classical-domains,briefcaseworld,pfile21,,TIMEOUT,,,,0.064,,1800.25,408.25,Hit the task time limit.
PLASPPlanner-seq,classical-domains,briefcaseworld,pfile22,,TIMEOUT,,,,0.067,,1800.305,471.52,Hit the task time limit.
PLASPPlanner-seq,classical-domains,briefcaseworld,pfile23,,TIMEOUT,,,,0.076,,1800.338,477.4,Hit the task time limit.
PLASPPlanner-seq,classical-domains,briefcaseworld,pfile24,,TIMEOUT,,,,0.068,,1800.372,510.27,Hit the task time limit.
PLASPPlanner-seq,classical-domains,briefcaseworld,pfile25,,TIMEOUT,,,,0.075,,1800.421,620.45,Hit the task time limit.
PLASPPlanner-seq,classical-domains,briefcaseworld,pfile26,,TIMEOUT,,,,0.076,,1800.451,631.6,Hit the task time limit.
PLASPPlanner-seq,classical-domains,briefcaseworld,pfile27,,TIMEOUT,,,,0.077,,1800.512,687.79,Hit the task time limit.
PLASPPlanner-seq,classical-domains,briefcaseworld,pfile28,,TIMEOUT,,,,0.073,,1800.557,795.33,Hit the task time limit.
PLASPPlanner-seq,classical-domains,briefcaseworld,pfile29,,TIMEOUT,,,,0.075,,1800.604,857.46,Hit the task time limit.
PLASPPlanner-seq,classical-domains,briefcaseworld,pfile3,,SOLVED,True,8,,0.044,0.085,1.524,124.0,
PLASPPlanner-seq,classical-domains,briefcaseworld,pfile30,,TIMEOUT,,,,0.085,,1800.641,853.99,Hit the task time limit.
PLASPPlanner-seq,classical-domains,briefcaseworld,pfile4,,SOLVED,True,12,,0.047,1.803,3.264,128.0,
PLASPPlanner-seq,classical-domains,briefcaseworld,pfile5,,SOLVED,True,17,,0.051,29.545,30.905,138.0,
PLASPPlanner-seq,classical-domains,briefcaseworld,pfile6,,SOLVED,True,14,,0.061,35.254,36.739,140.0,
PLASPPlanner-seq,classical-domains,briefcaseworld,pfile7,,TIMEOUT,,,,0.065,,1800.065,174.7,Hit the task time limit.
PLASPPlanner-seq,classical-domains,briefcaseworld,pfile8,,SOLVED,True,16,,0.068,359.313,360.807,168.84,
PLASPPlanner-seq,classical-domains,briefcaseworld,pfile9,,TIMEOUT,,,,0.054,,1800.089,201.17,Hit the task time limit.
PLASPPlanner-seq,classical-domains,caldera-opt18,p01,2018,SOLVED,True,7,,0.321,12.112,13.923,647.53,
PLASPPlanner-seq,classical-domains,caldera-opt18,p02,2018,SOLVED,True,7,,0.328,12.415,14.212,657.77,
PLASPPlanner-seq,classical-domains,caldera-opt18,p03,2018,SOLVED,True,7,,0.322,6.323,8.119,404.48,
PLASPPlanner-seq,classical-domains,caldera-opt18,p04,2018,SOLVED,True,7,,0.324,11.794,13.542,650.05,
PLASPPlanner-seq,classical-domains,caldera-opt18,p05,2018,MEMOUT,,,,0.401,,94.074,7828.52,MemoryError under a 8192MB limit.
PLASPPlanner-seq,classical-domains,caldera-opt18,p06,2018,MEMOUT,,,,0.409,,92.5,7087.49,MemoryError under a 8192MB limit.
PLASPPlanner-seq,classical-domains,caldera-opt18,p07,2018,MEMOUT,,,,0.344,,208.605,7773.36,MemoryError under a 8192MB limit.
PLASPPlanner-seq,classical-domains,caldera-opt18,p08,2018,MEMOUT,,,,0.331,,213.912,7746.23,MemoryError under a 8192MB limit.
PLASPPlanner-seq,classical-domains,caldera-opt18,p09,2018,MEMOUT,,,,0.361,,94.619,6291.67,MemoryError under a 8192MB limit.
PLASPPlanner-seq,classical-domains,caldera-opt18,p10,2018,MEMOUT,,,,0.313,,143.076,6286.79,MemoryError under a 8192MB limit.
PLASPPlanner-seq,classical-domains,caldera-opt18,p11,2018,MEMOUT,,,,0.381,,97.084,7526.85,MemoryError under a 8192MB limit.
PLASPPlanner-seq,classical-domains,caldera-opt18,p12,2018,MEMOUT,,,,0.356,,94.776,7573.62,MemoryError under a 8192MB limit.
PLASPPlanner-seq,classical-domains,caldera-opt18,p13,2018,MEMOUT,,,,0.324,,91.184,7690.29,MemoryError under a 8192MB limit.
PLASPPlanner-seq,classical-domains,caldera-opt18,p14,2018,MEMOUT,,,,0.368,,58.083,5856.28,MemoryError under a 8192MB limit.
PLASPPlanner-seq,classical-domains,caldera-opt18,p15,2018,MEMOUT,,,,0.396,,78.614,7784.21,MemoryError under a 8192MB limit.
PLASPPlanner-seq,classical-domains,caldera-opt18,p16,2018,KILLED,,,,,,,,
PLASPPlanner-seq,classical-domains,caldera-opt18,p17,2018,MEMOUT,,,,0.377,,59.633,5977.33,MemoryError under a 8192MB limit.
PLASPPlanner-seq,classical-domains,caldera-opt18,p18,2018,KILLED,,,,,,,,
PLASPPlanner-seq,classical-domains,caldera-opt18,p19,2018,MEMOUT,,,,0.356,,78.341,7476.31,MemoryError under a 8192MB limit.
PLASPPlanner-seq,classical-domains,caldera-opt18,p20,2018,KILLED,,,,,,,,
PLASPPlanner-seq,classical-domains,caldera-sat18,p01,2018,MEMOUT,,,,0.333,,199.964,7776.28,MemoryError under a 8192MB limit.
PLASPPlanner-seq,classical-domains,caldera-sat18,p02,2018,MEMOUT,,,,0.325,,170.896,7656.6,MemoryError under a 8192MB limit.
PLASPPlanner-seq,classical-domains,caldera-sat18,p03,2018,MEMOUT,,,,0.359,,92.52,7514.89,MemoryError under a 8192MB limit.
PLASPPlanner-seq,classical-domains,caldera-sat18,p04,2018,MEMOUT,,,,0.373,,94.23,7521.07,MemoryError under a 8192MB limit.
PLASPPlanner-seq,classical-domains,caldera-sat18,p05,2018,MEMOUT,,,,0.327,,94.269,7551.93,MemoryError under a 8192MB limit.
PLASPPlanner-seq,classical-domains,caldera-sat18,p06,2018,MEMOUT,,,,0.332,,94.712,7553.79,MemoryError under a 8192MB limit.
PLASPPlanner-seq,classical-domains,caldera-sat18,p07,2018,MEMOUT,,,,0.379,,58.041,5980.61,MemoryError under a 8192MB limit.
PLASPPlanner-seq,classical-domains,caldera-sat18,p08,2018,MEMOUT,,,,0.384,,77.162,7868.79,MemoryError under a 8192MB limit.
PLASPPlanner-seq,classical-domains,caldera-sat18,p09,2018,KILLED,,,,,,,,
PLASPPlanner-seq,classical-domains,caldera-sat18,p10,2018,MEMOUT,,,,0.36,,82.615,7817.47,MemoryError under a 8192MB limit.
PLASPPlanner-seq,classical-domains,caldera-sat18,p11,2018,MEMOUT,,,,0.373,,57.404,5862.38,MemoryError under a 8192MB limit.
PLASPPlanner-seq,classical-domains,caldera-sat18,p12,2018,MEMOUT,,,,0.6,,83.448,7694.23,MemoryError under a 8192MB limit.
PLASPPlanner-seq,classical-domains,caldera-sat18,p13,2018,KILLED,,,,,,,,
PLASPPlanner-seq,classical-domains,caldera-sat18,p14,2018,MEMOUT,,,,0.498,,82.327,7663.46,MemoryError under a 8192MB limit.
PLASPPlanner-seq,classical-domains,caldera-sat18,p15,2018,MEMOUT,,,,0.436,,81.623,7658.41,MemoryError under a 8192MB limit.
PLASPPlanner-seq,classical-domains,caldera-sat18,p16,2018,MEMOUT,,,,0.584,,89.747,7662.38,MemoryError under a 8192MB limit.
PLASPPlanner-seq,classical-domains,caldera-sat18,p17,2018,MEMOUT,,,,0.416,,80.703,7654.81,MemoryError under a 8192MB limit.
PLASPPlanner-seq,classical-domains,caldera-sat18,p18,2018,MEMOUT,,,,0.4,,80.761,7652.37,MemoryError under a 8192MB limit.
PLASPPlanner-seq,classical-domains,caldera-sat18,p19,2018,MEMOUT,,,,0.499,,83.59,7673.15,MemoryError under a 8192MB limit.
PLASPPlanner-seq,classical-domains,caldera-sat18,p20,2018,MEMOUT,,,,0.482,,82.576,7673.61,MemoryError under a 8192MB limit.
PLASPPlanner-seq,classical-domains,caldera-split-opt18,p01,2018,SOLVED,True,20,,0.465,2.297,4.244,200.93,
PLASPPlanner-seq,classical-domains,caldera-split-opt18,p02,2018,SOLVED,True,20,,0.462,2.523,4.422,203.38,
PLASPPlanner-seq,classical-domains,caldera-split-opt18,p03,2018,SOLVED,True,20,,0.44,1.357,3.201,169.27,
PLASPPlanner-seq,classical-domains,caldera-split-opt18,p04,2018,SOLVED,True,20,,0.456,2.334,4.251,199.73,
PLASPPlanner-seq,classical-domains,caldera-split-opt18,p05,2018,SOLVED,True,38,,0.538,280.696,284.872,3457.81,
PLASPPlanner-seq,classical-domains,caldera-split-opt18,p06,2018,SOLVED,True,38,,0.536,255.727,258.854,1934.06,
PLASPPlanner-seq,classical-domains,caldera-split-opt18,p07,2018,SOLVED,True,37,,0.492,153.254,155.306,629.55,
PLASPPlanner-seq,classical-domains,caldera-split-opt18,p08,2018,SOLVED,True,38,,0.469,95.786,97.881,589.32,
PLASPPlanner-seq,classical-domains,caldera-split-opt18,p09,2018,TIMEOUT,,,,0.478,,1800.773,1217.38,Hit the task time limit.
PLASPPlanner-seq,classical-domains,caldera-split-opt18,p10,2018,TIMEOUT,,,,0.522,,1800.583,453.32,Hit the task time limit.
PLASPPlanner-seq,classical-domains,caldera-split-opt18,p11,2018,TIMEOUT,,,,0.53,,1801.072,1906.33,Hit the task time limit.
PLASPPlanner-seq,classical-domains,caldera-split-opt18,p12,2018,TIMEOUT,,,,0.491,,1801.08,1925.8,Hit the task time limit.
PLASPPlanner-seq,classical-domains,caldera-split-opt18,p13,2018,TIMEOUT,,,,0.489,,1800.715,623.52,Hit the task time limit.
PLASPPlanner-seq,classical-domains,caldera-split-opt18,p14,2018,TIMEOUT,,,,0.513,,1801.695,3701.85,Hit the task time limit.
PLASPPlanner-seq,classical-domains,caldera-split-opt18,p15,2018,TIMEOUT,,,,0.511,,1801.737,3698.38,Hit the task time limit.
PLASPPlanner-seq,classical-domains,caldera-split-opt18,p16,2018,TIMEOUT,,,,0.509,,1801.181,1561.14,Hit the task time limit.
PLASPPlanner-seq,classical-domains,caldera-split-opt18,p17,2018,TIMEOUT,,,,0.538,,1802.63,6991.59,Hit the task time limit.
PLASPPlanner-seq,classical-domains,caldera-split-opt18,p18,2018,TIMEOUT,,,,0.465,,1801.336,1589.36,Hit the task time limit.
PLASPPlanner-seq,classical-domains,caldera-split-opt18,p19,2018,TIMEOUT,,,,0.459,,1801.15,1382.09,Hit the task time limit.
PLASPPlanner-seq,classical-domains,caldera-split-opt18,p20,2018,TIMEOUT,,,,0.455,,1800.983,940.97,Hit the task time limit.
PLASPPlanner-seq,classical-domains,caldera-split-sat18,p01,2018,SOLVED,True,37,,0.46,102.175,104.122,611.15,
PLASPPlanner-seq,classical-domains,caldera-split-sat18,p02,2018,SOLVED,True,37,,0.454,109.211,111.094,630.75,
PLASPPlanner-seq,classical-domains,caldera-split-sat18,p03,2018,TIMEOUT,,,,0.489,,1801.062,1929.22,Hit the task time limit.
PLASPPlanner-seq,classical-domains,caldera-split-sat18,p04,2018,TIMEOUT,,,,0.507,,1801.092,1928.79,Hit the task time limit.
PLASPPlanner-seq,classical-domains,caldera-split-sat18,p05,2018,TIMEOUT,,,,0.469,,1800.832,884.27,Hit the task time limit.
PLASPPlanner-seq,classical-domains,caldera-split-sat18,p06,2018,TIMEOUT,,,,0.473,,1800.836,850.92,Hit the task time limit.
PLASPPlanner-seq,classical-domains,caldera-split-sat18,p07,2018,TIMEOUT,,,,0.577,,1803.167,7020.54,Hit the task time limit.
PLASPPlanner-seq,classical-domains,caldera-split-sat18,p08,2018,TIMEOUT,,,,0.525,,1802.863,7172.11,Hit the task time limit.
PLASPPlanner-seq,classical-domains,caldera-split-sat18,p09,2018,MEMOUT,,,,0.562,,416.619,7805.3,MemoryError under a 8192MB limit.
PLASPPlanner-seq,classical-domains,caldera-split-sat18,p10,2018,TIMEOUT,,,,0.466,,1801.348,1470.12,Hit the task time limit.
PLASPPlanner-seq,classical-domains,caldera-split-sat18,p11,2018,TIMEOUT,,,,0.53,,1802.344,4354.42,Hit the task time limit.
PLASPPlanner-seq,classical-domains,caldera-split-sat18,p12,2018,MEMOUT,,,,0.909,,84.188,6398.77,MemoryError under a 8192MB limit.
PLASPPlanner-seq,classical-domains,caldera-split-sat18,p13,2018,TIMEOUT,,,,0.531,,1803.182,5160.11,Hit the task time limit.
PLASPPlanner-seq,classical-domains,caldera-split-sat18,p14,2018,MEMOUT,,,,0.639,,271.302,6448.54,MemoryError under a 8192MB limit.
PLASPPlanner-seq,classical-domains,caldera-split-sat18,p15,2018,MEMOUT,,,,0.593,,374.543,7793.76,MemoryError under a 8192MB limit.
PLASPPlanner-seq,classical-domains,caldera-split-sat18,p16,2018,MEMOUT,,,,0.653,,263.832,6178.95,MemoryError under a 8192MB limit.
PLASPPlanner-seq,classical-domains,caldera-split-sat18,p17,2018,MEMOUT,,,,0.54,,1016.921,7755.5,MemoryError under a 8192MB limit.
PLASPPlanner-seq,classical-domains,caldera-split-sat18,p18,2018,MEMOUT,,,,0.536,,725.592,7756.02,MemoryError under a 8192MB limit.
PLASPPlanner-seq,classical-domains,caldera-split-sat18,p19,2018,MEMOUT,,,,0.649,,83.486,6996.48,MemoryError under a 8192MB limit.
PLASPPlanner-seq,classical-domains,caldera-split-sat18,p20,2018,MEMOUT,,,,0.657,,85.225,6995.83,MemoryError under a 8192MB limit.
PLASPPlanner-seq,classical-domains,cavediving,testing01,2014,TIMEOUT,,,,0.133,,1800.345,375.49,Hit the task time limit.
PLASPPlanner-seq,classical-domains,cavediving,testing01_easy,2014,TIMEOUT,,,,0.129,,1800.237,356.43,Hit the task time limit.
PLASPPlanner-seq,classical-domains,cavediving,testing02_easy,2014,TIMEOUT,,,,0.125,,1800.243,405.9,Hit the task time limit.
PLASPPlanner-seq,classical-domains,cavediving,testing03_easy,2014,TIMEOUT,,,,0.123,,1800.201,301.14,Hit the task time limit.
PLASPPlanner-seq,classical-domains,cavediving,testing04_easy,2014,TIMEOUT,,,,0.135,,1800.26,389.09,Hit the task time limit.
PLASPPlanner-seq,classical-domains,cavediving,testing05A_easy,2014,SOLVED,True,23,,0.117,101.04,102.411,166.14,
PLASPPlanner-seq,classical-domains,cavediving,testing06A_easy,2014,SOLVED,True,23,,0.12,94.466,95.933,164.17,
PLASPPlanner-seq,classical-domains,cavediving,testing07_easy,2014,SOLVED,True,23,,0.13,255.114,256.579,178.91,
PLASPPlanner-seq,classical-domains,cavediving,testing08_easy,2014,SOLVED,True,23,,0.121,83.2,84.649,165.95,
PLASPPlanner-seq,classical-domains,cavediving,testing09_easy,2014,TIMEOUT,,,,0.254,,1800.461,549.99,Hit the task time limit.
PLASPPlanner-seq,classical-domains,cavediving,testing10_easy,2014,TIMEOUT,,,,0.256,,1800.563,654.94,Hit the task time limit.
PLASPPlanner-seq,classical-domains,cavediving,testing11_easy,2014,TIMEOUT,,,,0.243,,1800.53,630.46,Hit the task time limit.
PLASPPlanner-seq,classical-domains,cavediving,testing12_easy,2014,TIMEOUT,,,,0.249,,1800.514,634.76,Hit the task time limit.
PLASPPlanner-seq,classical-domains,cavediving,testing13_easy,2014,TIMEOUT,,,,0.136,,1800.361,417.12,Hit the task time limit.
PLASPPlanner-seq,classical-domains,cavediving,testing14_easy,2014,TIMEOUT,,,,0.133,,1800.334,375.45,Hit the task time limit.
PLASPPlanner-seq,classical-domains,cavediving,testing15_easy,2014,TIMEOUT,,,,0.129,,1800.241,331.67,Hit the task time limit.
PLASPPlanner-seq,classical-domains,cavediving,testing16_easy,2014,TIMEOUT,,,,0.135,,1800.359,371.19,Hit the task time limit.
PLASPPlanner-seq,classical-domains,cavediving,testing18A_easy,2014,SOLVED,True,23,,0.123,632.422,633.883,220.62,
PLASPPlanner-seq,classical-domains,cavediving,testing18_easy,2014,SOLVED,True,23,,0.121,1035.679,1037.185,254.39,
PLASPPlanner-seq,classical-domains,cavediving,testing20A_easy,2014,SOLVED,True,23,,0.123,334.461,335.918,208.43,
PLASPPlanner-seq,classical-domains,childsnack-opt14-strips,child-snack_pfile01,2014,TIMEOUT,,,,0.093,,1800.057,186.44,Hit the task time limit.
PLASPPlanner-seq,classical-domains,childsnack-opt14-strips,child-snack_pfile01-2,2014,TIMEOUT,,,,0.087,,1800.074,179.57,Hit the task time limit.
PLASPPlanner-seq,classical-domains,childsnack-opt14-strips,child-snack_pfile02,2014,TIMEOUT,,,,0.095,,1800.082,238.44,Hit the task time limit.
PLASPPlanner-seq,classical-domains,childsnack-opt14-strips,child-snack_pfile02-2,2014,TIMEOUT,,,,0.097,,1800.064,194.05,Hit the task time limit.
PLASPPlanner-seq,classical-domains,childsnack-opt14-strips,child-snack_pfile03,2014,TIMEOUT,,,,0.111,,1800.076,214.82,Hit the task time limit.
PLASPPlanner-seq,classical-domains,childsnack-opt14-strips,child-snack_pfile03-2,2014,TIMEOUT,,,,0.099,,1800.071,220.73,Hit the task time limit.
PLASPPlanner-seq,classical-domains,childsnack-opt14-strips,child-snack_pfile04,2014,TIMEOUT,,,,0.106,,1800.09,245.51,Hit the task time limit.
PLASPPlanner-seq,classical-domains,childsnack-opt14-strips,child-snack_pfile04-2,2014,TIMEOUT,,,,0.108,,1800.104,238.97,Hit the task time limit.
PLASPPlanner-seq,classical-domains,childsnack-opt14-strips,child-snack_pfile05,2014,TIMEOUT,,,,0.106,,1800.127,294.91,Hit the task time limit.
PLASPPlanner-seq,classical-domains,childsnack-opt14-strips,child-snack_pfile05-2,2014,TIMEOUT,,,,0.103,,1800.134,278.64,Hit the task time limit.
PLASPPlanner-seq,classical-domains,childsnack-opt14-strips,child-snack_pfile06,2014,TIMEOUT,,,,0.107,,1800.157,323.13,Hit the task time limit.
PLASPPlanner-seq,classical-domains,childsnack-opt14-strips,child-snack_pfile06-2,2014,TIMEOUT,,,,0.11,,1800.156,304.44,Hit the task time limit.
PLASPPlanner-seq,classical-domains,childsnack-opt14-strips,child-snack_pfile07,2014,TIMEOUT,,,,0.117,,1800.17,351.86,Hit the task time limit.
PLASPPlanner-seq,classical-domains,childsnack-opt14-strips,child-snack_pfile07-2,2014,TIMEOUT,,,,0.116,,1800.153,365.39,Hit the task time limit.
PLASPPlanner-seq,classical-domains,childsnack-opt14-strips,child-snack_pfile08,2014,TIMEOUT,,,,0.116,,1800.187,450.43,Hit the task time limit.
PLASPPlanner-seq,classical-domains,childsnack-opt14-strips,child-snack_pfile08-2,2014,TIMEOUT,,,,0.117,,1800.164,391.99,Hit the task time limit.
PLASPPlanner-seq,classical-domains,childsnack-opt14-strips,child-snack_pfile09,2014,TIMEOUT,,,,0.124,,1800.203,457.81,Hit the task time limit.
PLASPPlanner-seq,classical-domains,childsnack-opt14-strips,child-snack_pfile09-2,2014,TIMEOUT,,,,0.116,,1800.213,542.36,Hit the task time limit.
PLASPPlanner-seq,classical-domains,childsnack-opt14-strips,child-snack_pfile10,2014,TIMEOUT,,,,0.129,,1800.169,476.84,Hit the task time limit.
PLASPPlanner-seq,classical-domains,childsnack-opt14-strips,child-snack_pfile10-2,2014,TIMEOUT,,,,0.123,,1800.19,489.2,Hit the task time limit.
PLASPPlanner-seq,classical-domains,childsnack-sat14-strips,child-snack_pfile05,2014,TIMEOUT,,,,0.114,,1800.123,295.48,Hit the task time limit.
PLASPPlanner-seq,classical-domains,childsnack-sat14-strips,child-snack_pfile05-2,2014,TIMEOUT,,,,0.103,,1800.117,280.14,Hit the task time limit.
PLASPPlanner-seq,classical-domains,childsnack-sat14-strips,child-snack_pfile06-2,2014,TIMEOUT,,,,0.125,,1800.177,302.71,Hit the task time limit.
PLASPPlanner-seq,classical-domains,childsnack-sat14-strips,child-snack_pfile07-2,2014,TIMEOUT,,,,0.119,,1800.146,364.09,Hit the task time limit.
PLASPPlanner-seq,classical-domains,childsnack-sat14-strips,child-snack_pfile08,2014,TIMEOUT,,,,0.113,,1800.158,451.77,Hit the task time limit.
PLASPPlanner-seq,classical-domains,childsnack-sat14-strips,child-snack_pfile08-2,2014,TIMEOUT,,,,0.118,,1800.164,393.76,Hit the task time limit.
PLASPPlanner-seq,classical-domains,childsnack-sat14-strips,child-snack_pfile09,2014,TIMEOUT,,,,0.124,,1800.22,456.98,Hit the task time limit.
PLASPPlanner-seq,classical-domains,childsnack-sat14-strips,child-snack_pfile09-2,2014,TIMEOUT,,,,0.122,,1800.227,539.56,Hit the task time limit.
PLASPPlanner-seq,classical-domains,childsnack-sat14-strips,child-snack_pfile10,2014,TIMEOUT,,,,0.122,,1800.193,480.1,Hit the task time limit.
PLASPPlanner-seq,classical-domains,childsnack-sat14-strips,child-snack_pfile10-2,2014,TIMEOUT,,,,0.125,,1800.207,464.12,Hit the task time limit.
PLASPPlanner-seq,classical-domains,childsnack-sat14-strips,child-snack_pfile11,2014,TIMEOUT,,,,0.13,,1800.292,912.46,Hit the task time limit.
PLASPPlanner-seq,classical-domains,childsnack-sat14-strips,child-snack_pfile11-2,2014,TIMEOUT,,,,0.12,,1800.252,560.71,Hit the task time limit.
PLASPPlanner-seq,classical-domains,childsnack-sat14-strips,child-snack_pfile12,2014,TIMEOUT,,,,0.128,,1800.199,292.17,Hit the task time limit.
PLASPPlanner-seq,classical-domains,childsnack-sat14-strips,child-snack_pfile13,2014,TIMEOUT,,,,0.128,,1800.284,284.37,Hit the task time limit.
PLASPPlanner-seq,classical-domains,childsnack-sat14-strips,child-snack_pfile13-2,2014,TIMEOUT,,,,0.129,,1800.3,344.29,Hit the task time limit.
PLASPPlanner-seq,classical-domains,childsnack-sat14-strips,child-snack_pfile14,2014,TIMEOUT,,,,0.139,,1800.291,313.64,Hit the task time limit.
PLASPPlanner-seq,classical-domains,childsnack-sat14-strips,child-snack_pfile15-2,2014,TIMEOUT,,,,0.22,,1800.238,343.62,Hit the task time limit.
PLASPPlanner-seq,classical-domains,childsnack-sat14-strips,child-snack_pfile16-2,2014,TIMEOUT,,,,0.226,,1800.267,368.19,Hit the task time limit.
PLASPPlanner-seq,classical-domains,childsnack-sat14-strips,child-snack_pfile19,2014,TIMEOUT,,,,0.232,,1800.367,452.5,Hit the task time limit.
PLASPPlanner-seq,classical-domains,childsnack-sat14-strips,child-snack_pfile19-2,2014,TIMEOUT,,,,0.229,,1800.355,450.54,Hit the task time limit.
PLASPPlanner-seq,classical-domains,citycar-opt14-adl,p2-2-2-1-2,2014,SOLVED,True,10,,0.098,0.429,1.805,134.0,
PLASPPlanner-seq,classical-domains,citycar-opt14-adl,p2-2-2-2-1,2014,SOLVED,True,10,,0.1,0.883,2.347,136.0,
PLASPPlanner-seq,classical-domains,citycar-opt14-adl,p2-2-3-1-2,2014,SOLVED,True,14,,0.099,25.065,26.456,150.0,
PLASPPlanner-seq,classical-domains,citycar-opt14-adl,p2-2-3-2-1,2014,SOLVED,True,14,,0.109,18.907,20.312,146.5,
PLASPPlanner-seq,classical-domains,citycar-opt14-adl,p2-2-3-2-2,2014,SOLVED,True,14,,0.1,19.862,21.236,146.23,
PLASPPlanner-seq,classical-domains,citycar-opt14-adl,p2-2-4-1-2,2014,TIMEOUT,,,,0.101,,1800.078,201.22,Hit the task time limit.
PLASPPlanner-seq,classical-domains,citycar-opt14-adl,p2-2-4-2-1,2014,TIMEOUT,,,,0.104,,1800.091,199.93,Hit the task time limit.
PLASPPlanner-seq,classical-domains,citycar-opt14-adl,p2-2-5-2-2,2014,TIMEOUT,,,,0.108,,1800.093,208.96,Hit the task time limit.
PLASPPlanner-seq,classical-domains,citycar-opt14-adl,p2-2-6-1-1,2014,TIMEOUT,,,,0.109,,1800.102,226.1,Hit the task time limit.
PLASPPlanner-seq,classical-domains,citycar-opt14-adl,p2-2-6-2-2,2014,TIMEOUT,,,,0.109,,1800.101,223.93,Hit the task time limit.
PLASPPlanner-seq,classical-domains,citycar-opt14-adl,p2-3-2-3-1,2014,SOLVED,True,13,,0.104,308.608,310.05,171.89,
PLASPPlanner-seq,classical-domains,citycar-opt14-adl,p2-3-3-3-1,2014,SOLVED,True,15,,0.113,1591.774,1593.172,203.75,
PLASPPlanner-seq,classical-domains,citycar-opt14-adl,p2-3-4-3-1,2014,TIMEOUT,,,,0.109,,1800.096,234.43,Hit the task time limit.
PLASPPlanner-seq,classical-domains,citycar-opt14-adl,p2-3-6-3-2,2014,TIMEOUT,,,,0.108,,1800.137,240.86,Hit the task time limit.
PLASPPlanner-seq,classical-domains,citycar-opt14-adl,p3-3-2-2-1,2014,TIMEOUT,,,,0.113,,1800.135,236.49,Hit the task time limit.
PLASPPlanner-seq,classical-domains,citycar-opt14-adl,p3-3-2-2-2,2014,TIMEOUT,,,,0.125,,1800.139,236.42,Hit the task time limit.
PLASPPlanner-seq,classical-domains,citycar-opt14-adl,p3-3-2-3-1,2014,TIMEOUT,,,,0.116,,1800.135,244.43,Hit the task time limit.
PLASPPlanner-seq,classical-domains,citycar-opt14-adl,p3-3-2-3-2,2014,TIMEOUT,,,,0.119,,1800.138,230.54,Hit the task time limit.
PLASPPlanner-seq,classical-domains,citycar-opt14-adl,p3-3-3-3-1,2014,TIMEOUT,,,,0.126,,1800.184,268.81,Hit the task time limit.
PLASPPlanner-seq,classical-domains,citycar-opt14-adl,p3-3-3-3-2,2014,TIMEOUT,,,,0.121,,1800.173,285.46,Hit the task time limit.
PLASPPlanner-seq,classical-domains,citycar-sat14-adl,p3-2-2-0-1,2014,TIMEOUT,,,,0.127,,1800.137,233.04,Hit the task time limit.
PLASPPlanner-seq,classical-domains,citycar-sat14-adl,p3-3-2-0-1,2014,TIMEOUT,,,,0.119,,1800.168,272.29,Hit the task time limit.
PLASPPlanner-seq,classical-domains,citycar-sat14-adl,p3-4-2-0-1,2014,TIMEOUT,,,,0.121,,1800.199,311.33,Hit the task time limit.
PLASPPlanner-seq,classical-domains,citycar-sat14-adl,p3-5-2-0-1,2014,TIMEOUT,,,,0.126,,1800.226,366.6,Hit the task time limit.
PLASPPlanner-seq,classical-domains,citycar-sat14-adl,p3-5-2-0-2,2014,TIMEOUT,,,,0.128,,1800.229,369.44,Hit the task time limit.
PLASPPlanner-seq,classical-domains,citycar-sat14-adl,p4-2-2-0-1,2014,TIMEOUT,,,,0.246,,1800.32,380.76,Hit the task time limit.
PLASPPlanner-seq,classical-domains,citycar-sat14-adl,p4-2-3-0-1,2014,TIMEOUT,,,,0.233,,1800.312,375.38,Hit the task time limit.
PLASPPlanner-seq,classical-domains,citycar-sat14-adl,p4-2-3-0-2,2014,TIMEOUT,,,,0.24,,1800.327,362.76,Hit the task time limit.
PLASPPlanner-seq,classical-domains,citycar-sat14-adl,p4-3-2-0-1,2014,TIMEOUT,,,,0.231,,1800.377,491.79,Hit the task time limit.
PLASPPlanner-seq,classical-domains,citycar-sat14-adl,p4-3-2-0-2,2014,TIMEOUT,,,,0.24,,1800.438,515.6,Hit the task time limit.
PLASPPlanner-seq,classical-domains,citycar-sat14-adl,p4-3-3-0-1,2014,TIMEOUT,,,,0.232,,1800.401,445.37,Hit the task time limit.
PLASPPlanner-seq,classical-domains,citycar-sat14-adl,p4-3-3-0-2,2014,TIMEOUT,,,,0.237,,1800.393,430.62,Hit the task time limit.
PLASPPlanner-seq,classical-domains,citycar-sat14-adl,p4-4-2-0-1,2014,TIMEOUT,,,,0.235,,1800.484,612.28,Hit the task time limit.
PLASPPlanner-seq,classical-domains,citycar-sat14-adl,p4-4-2-0-2,2014,TIMEOUT,,,,0.232,,1800.48,601.62,Hit the task time limit.
PLASPPlanner-seq,classical-domains,citycar-sat14-adl,p4-4-3-0-1,2014,TIMEOUT,,,,0.229,,1800.493,588.5,Hit the task time limit.
PLASPPlanner-seq,classical-domains,citycar-sat14-adl,p4-4-3-0-2,2014,TIMEOUT,,,,0.232,,1800.52,582.47,Hit the task time limit.
PLASPPlanner-seq,classical-domains,citycar-sat14-adl,p4-5-2-0-1,2014,TIMEOUT,,,,0.23,,1800.58,693.28,Hit the task time limit.
PLASPPlanner-seq,classical-domains,citycar-sat14-adl,p4-5-2-0-2,2014,TIMEOUT,,,,0.23,,1800.623,747.14,Hit the task time limit.
PLASPPlanner-seq,classical-domains,citycar-sat14-adl,p4-5-3-0-1,2014,TIMEOUT,,,,0.236,,1800.529,583.32,Hit the task time limit.
PLASPPlanner-seq,classical-domains,citycar-sat14-adl,p4-5-3-0-2,2014,TIMEOUT,,,,0.234,,1800.546,731.83,Hit the task time limit.
PLASPPlanner-seq,classical-domains,cybersec,p01,2008,TIMEOUT,,,,,,1800.002,4333.72,Hit the task time limit.
PLASPPlanner-seq,classical-domains,cybersec,p02,2008,TIMEOUT,,,,,,1800.002,4337.75,Hit the task time limit.
PLASPPlanner-seq,classical-domains,cybersec,p03,2008,TIMEOUT,,,,,,1800.002,4337.81,Hit the task time limit.
PLASPPlanner-seq,classical-domains,cybersec,p04,2008,TIMEOUT,,,,,,1800.002,4334.54,Hit the task time limit.
PLASPPlanner-seq,classical-domains,cybersec,p05,2008,TIMEOUT,,,,,,1800.001,4336.77,Hit the task time limit.
PLASPPlanner-seq,classical-domains,cybersec,p06,2008,TIMEOUT,,,,1109.41,,1800.002,3334.53,Hit the task time limit.
PLASPPlanner-seq,classical-domains,cybersec,p07,2008,TIMEOUT,,,,1108.596,,1800.002,3333.92,Hit the task time limit.
PLASPPlanner-seq,classical-domains,cybersec,p08,2008,SOLVED,True,32,,13.081,131.228,148.04,346.0,
PLASPPlanner-seq,classical-domains,cybersec,p09,2008,SOLVED,True,31,,7.534,29.445,39.189,261.36,
PLASPPlanner-seq,classical-domains,cybersec,p10,2008,SOLVED,True,27,,31.291,103.26,138.589,471.84,
PLASPPlanner-seq,classical-domains,cybersec,p11,2008,SOLVED,True,32,,34.524,428.222,467.345,535.13,
PLASPPlanner-seq,classical-domains,cybersec,p12,2008,TIMEOUT,,,,511.615,,2061.57,3379.35,Hit the task time limit.
PLASPPlanner-seq,classical-domains,cybersec,p13,2008,TIMEOUT,,,,1088.157,,1800.004,3329.46,Hit the task time limit.
PLASPPlanner-seq,classical-domains,cybersec,p14,2008,TIMEOUT,,,,1101.387,,1800.002,3318.71,Hit the task time limit.
PLASPPlanner-seq,classical-domains,cybersec,p15,2008,TIMEOUT,,,,,,1800.002,4339.87,Hit the task time limit.
PLASPPlanner-seq,classical-domains,cybersec,p16,2008,TIMEOUT,,,,,,1800.002,4324.8,Hit the task time limit.
PLASPPlanner-seq,classical-domains,cybersec,p17,2008,TIMEOUT,,,,,,1800.002,4323.5,Hit the task time limit.
PLASPPlanner-seq,classical-domains,cybersec,p18,2008,TIMEOUT,,,,,,1800.002,4324.51,Hit the task time limit.
PLASPPlanner-seq,classical-domains,cybersec,p19,2008,TIMEOUT,,,,,,1800.002,4324.95,Hit the task time limit.
PLASPPlanner-seq,classical-domains,cybersec,p20,2008,TIMEOUT,,,,,,1800.002,4325.34,Hit the task time limit.
PLASPPlanner-seq,classical-domains,cybersec,p21,2008,TIMEOUT,,,,1174.334,,1800.002,3332.81,Hit the task time limit.
PLASPPlanner-seq,classical-domains,cybersec,p22,2008,TIMEOUT,,,,1144.17,,1800.002,3340.69,Hit the task time limit.
PLASPPlanner-seq,classical-domains,cybersec,p23,2008,SOLVED,True,32,,14.22,113.757,130.964,360.46,
PLASPPlanner-seq,classical-domains,cybersec,p24,2008,SOLVED,True,31,,8.164,24.175,34.441,267.52,
PLASPPlanner-seq,classical-domains,cybersec,p25,2008,SOLVED,True,27,,31.228,77.117,112.4,476.55,
PLASPPlanner-seq,classical-domains,cybersec,p26,2008,SOLVED,True,32,,34.307,369.029,407.907,541.95,
PLASPPlanner-seq,classical-domains,cybersec,p27,2008,KILLED,,,,,,,,
PLASPPlanner-seq,classical-domains,cybersec,p28,2008,TIMEOUT,,,,1161.08,,1800.002,3338.27,Hit the task time limit.
PLASPPlanner-seq,classical-domains,cybersec,p29,2008,TIMEOUT,,,,1130.405,,1800.002,3315.66,Hit the task time limit.
PLASPPlanner-seq,classical-domains,cybersec,p30,2008,TIMEOUT,,,,,,1800.002,4325.14,Hit the task time limit.
PLASPPlanner-seq,classical-domains,data-network-opt18,p01,2018,SOLVED,True,7,,0.245,0.589,2.155,136.0,
PLASPPlanner-seq,classical-domains,data-network-opt18,p02,2018,SOLVED,True,6,,0.273,0.645,2.254,140.0,
PLASPPlanner-seq,classical-domains,data-network-opt18,p03,2018,SOLVED,True,11,,0.26,1.647,3.28,152.99,
PLASPPlanner-seq,classical-domains,data-network-opt18,p04,2018,SOLVED,True,12,,0.329,3.255,5.121,170.6,
PLASPPlanner-seq,classical-domains,data-network-opt18,p05,2018,SOLVED,True,14,,0.293,16.525,18.327,176.73,
PLASPPlanner-seq,classical-domains,data-network-opt18,p06,2018,SOLVED,True,11,,0.315,5.713,7.832,178.77,
PLASPPlanner-seq,classical-domains,data-network-opt18,p07,2018,TIMEOUT,,,,0.35,,1801.714,278.86,Hit the task time limit.
PLASPPlanner-seq,classical-domains,data-network-opt18,p08,2018,TIMEOUT,,,,0.32,,1801.458,270.02,Hit the task time limit.
PLASPPlanner-seq,classical-domains,data-network-opt18,p09,2018,SOLVED,True,8,,0.312,0.759,2.456,146.0,
PLASPPlanner-seq,classical-domains,data-network-opt18,p10,2018,SOLVED,True,9,,0.314,0.982,2.694,152.0,
PLASPPlanner-seq,classical-domains,data-network-opt18,p11,2018,SOLVED,True,7,,0.337,1.005,2.812,151.63,
PLASPPlanner-seq,classical-domains,data-network-opt18,p12,2018,SOLVED,True,7,,0.375,1.162,3.048,154.0,
PLASPPlanner-seq,classical-domains,data-network-opt18,p13,2018,SOLVED,True,10,,0.363,2.204,4.182,168.16,
PLASPPlanner-seq,classical-domains,data-network-opt18,p14,2018,TIMEOUT,,,,0.419,,1801.422,309.89,Hit the task time limit.
PLASPPlanner-seq,classical-domains,data-network-opt18,p15,2018,SOLVED,True,7,,0.499,0.975,2.86,162.2,
PLASPPlanner-seq,classical-domains,data-network-opt18,p16,2018,SOLVED,True,13,,0.428,15.91,17.795,202.12,
PLASPPlanner-seq,classical-domains,data-network-opt18,p17,2018,SOLVED,True,10,,0.441,6.402,8.351,198.09,
PLASPPlanner-seq,classical-domains,data-network-opt18,p18,2018,TIMEOUT,,,,0.424,,1800.717,300.55,Hit the task time limit.
PLASPPlanner-seq,classical-domains,data-network-opt18,p19,2018,SOLVED,True,15,,0.52,863.175,865.348,304.95,
PLASPPlanner-seq,classical-domains,data-network-opt18,p20,2018,TIMEOUT,,,,0.58,,1801.389,367.86,Hit the task time limit.
PLASPPlanner-seq,classical-domains,data-network-sat18,p01,2018,TIMEOUT,,,,0.453,,1810.816,468.94,Hit the task time limit.
PLASPPlanner-seq,classical-domains,data-network-sat18,p02,2018,TIMEOUT,,,,0.534,,1824.451,689.61,Hit the task time limit.
PLASPPlanner-seq,classical-domains,data-network-sat18,p03,2018,TIMEOUT,,,,0.47,,1831.517,902.61,Hit the task time limit.
PLASPPlanner-seq,classical-domains,data-network-sat18,p04,2018,TIMEOUT,,,,0.522,,1849.508,1197.38,Hit the task time limit.
PLASPPlanner-seq,classical-domains,data-network-sat18,p05,2018,TIMEOUT,,,,0.978,,1992.347,3424.8,Hit the task time limit.
PLASPPlanner-seq,classical-domains,data-network-sat18,p06,2018,TIMEOUT,,,,0.941,,2080.501,4688.62,Hit the task time limit.
PLASPPlanner-seq,classical-domains,data-network-sat18,p07,2018,TIMEOUT,,,,0.844,,2104.301,4971.27,Hit the task time limit.
PLASPPlanner-seq,classical-domains,data-network-sat18,p08,2018,MEMOUT,,,,1.122,,542.13,7333.03,MemoryError under a 8192MB limit.
PLASPPlanner-seq,classical-domains,data-network-sat18,p09,2018,KILLED,,,,,,,,
PLASPPlanner-seq,classical-domains,data-network-sat18,p10,2018,MEMOUT,,,,1.039,,782.992,7808.91,MemoryError under a 8192MB limit.
PLASPPlanner-seq,classical-domains,data-network-sat18,p11,2018,TIMEOUT,,,,0.589,,1801.681,350.85,Hit the task time limit.
PLASPPlanner-seq,classical-domains,data-network-sat18,p12,2018,TIMEOUT,,,,0.745,,1804.199,463.02,Hit the task time limit.
PLASPPlanner-seq,classical-domains,data-network-sat18,p13,2018,TIMEOUT,,,,0.86,,1809.828,707.47,Hit the task time limit.
PLASPPlanner-seq,classical-domains,data-network-sat18,p14,2018,TIMEOUT,,,,0.84,,1818.633,926.99,Hit the task time limit.
PLASPPlanner-seq,classical-domains,data-network-sat18,p15,2018,TIMEOUT,,,,0.95,,1840.135,1023.71,Hit the task time limit.
PLASPPlanner-seq,classical-domains,data-network-sat18,p16,2018,TIMEOUT,,,,1.086,,1874.987,1621.9,Hit the task time limit.
PLASPPlanner-seq,classical-domains,data-network-sat18,p17,2018,TIMEOUT,,,,0.853,,1808.364,1499.27,Hit the task time limit.
PLASPPlanner-seq,classical-domains,data-network-sat18,p18,2018,TIMEOUT,,,,1.4,,2004.015,3560.87,Hit the task time limit.
PLASPPlanner-seq,classical-domains,data-network-sat18,p19,2018,TIMEOUT,,,,0.921,,1938.751,2644.99,Hit the task time limit.
PLASPPlanner-seq,classical-domains,data-network-sat18,p20,2018,KILLED,,,,,,,,
PLASPPlanner-seq,classical-domains,depot,pfile1,2002,SOLVED,True,10,,0.095,0.361,1.72,128.0,
PLASPPlanner-seq,classical-domains,depot,pfile10,2002,TIMEOUT,,,,0.112,,1801.411,232.3,Hit the task time limit.
PLASPPlanner-seq,classical-domains,depot,pfile11,2002,TIMEOUT,,,,0.121,,1802.864,356.02,Hit the task time limit.
PLASPPlanner-seq,classical-domains,depot,pfile12,2002,TIMEOUT,,,,0.196,,1805.708,620.36,Hit the task time limit.
PLASPPlanner-seq,classical-domains,depot,pfile13,2002,TIMEOUT,,,,0.118,,1801.679,247.09,Hit the task time limit.
PLASPPlanner-seq,classical-domains,depot,pfile14,2002,TIMEOUT,,,,0.144,,1803.289,354.58,Hit the task time limit.
PLASPPlanner-seq,classical-domains,depot,pfile15,2002,TIMEOUT,,,,0.227,,1806.302,527.58,Hit the task time limit.
PLASPPlanner-seq,classical-domains,depot,pfile16,2002,TIMEOUT,,,,0.126,,1802.109,266.79,Hit the task time limit.
PLASPPlanner-seq,classical-domains,depot,pfile17,2002,TIMEOUT,,,,0.134,,1804.39,338.13,Hit the task time limit.
PLASPPlanner-seq,classical-domains,depot,pfile18,2002,TIMEOUT,,,,0.227,,1808.76,540.29,Hit the task time limit.
PLASPPlanner-seq,classical-domains,depot,pfile19,2002,TIMEOUT,,,,0.134,,1803.836,398.2,Hit the task time limit.
PLASPPlanner-seq,classical-domains,depot,pfile2,2002,SOLVED,True,15,,0.101,8.72,10.088,140.0,
PLASPPlanner-seq,classical-domains,depot,pfile20,2002,TIMEOUT,,,,0.215,,1809.6,811.02,Hit the task time limit.
PLASPPlanner-seq,classical-domains,depot,pfile21,2002,TIMEOUT,,,,0.243,,1815.181,1312.36,Hit the task time limit.
PLASPPlanner-seq,classical-domains,depot,pfile22,2002,TIMEOUT,,,,0.269,,1871.02,3053.05,Hit the task time limit.
PLASPPlanner-seq,classical-domains,depot,pfile3,2002,TIMEOUT,,,,0.102,,1800.678,186.09,Hit the task time limit.
PLASPPlanner-seq,classical-domains,depot,pfile4,2002,TIMEOUT,,,,0.104,,1800.955,219.52,Hit the task time limit.
PLASPPlanner-seq,classical-domains,depot,pfile5,2002,TIMEOUT,,,,0.113,,1801.353,244.79,Hit the task time limit.
PLASPPlanner-seq,classical-domains,depot,pfile6,2002,TIMEOUT,,,,0.125,,1802.606,330.86,Hit the task time limit.
PLASPPlanner-seq,classical-domains,depot,pfile7,2002,TIMEOUT,,,,0.103,,1800.752,192.79,Hit the task time limit.
PLASPPlanner-seq,classical-domains,depot,pfile8,2002,TIMEOUT,,,,0.115,,1801.474,246.83,Hit the task time limit.
PLASPPlanner-seq,classical-domains,depot,pfile9,2002,TIMEOUT,,,,0.133,,1802.857,329.56,Hit the task time limit.
PLASPPlanner-seq,classical-domains,driverlog,pfile1,2002,SOLVED,True,7,,0.088,0.183,1.541,126.0,
PLASPPlanner-seq,classical-domains,driverlog,pfile10,2002,TIMEOUT,,,,0.121,,1800.646,187.23,Hit the task time limit.
PLASPPlanner-seq,classical-domains,driverlog,pfile11,2002,TIMEOUT,,,,0.138,,1800.687,191.45,Hit the task time limit.
PLASPPlanner-seq,classical-domains,driverlog,pfile12,2002,TIMEOUT,,,,0.242,,1801.06,223.3,Hit the task time limit.
PLASPPlanner-seq,classical-domains,driverlog,pfile13,2002,TIMEOUT,,,,0.26,,1801.375,245.82,Hit the task time limit.
PLASPPlanner-seq,classical-domains,driverlog,pfile14,2002,TIMEOUT,,,,0.234,,1801.185,227.61,Hit the task time limit.
PLASPPlanner-seq,classical-domains,driverlog,pfile15,2002,TIMEOUT,,,,0.264,,1802.638,334.94,Hit the task time limit.
PLASPPlanner-seq,classical-domains,driverlog,pfile16,2002,TIMEOUT,,,,0.315,,1805.275,421.39,Hit the task time limit.
PLASPPlanner-seq,classical-domains,driverlog,pfile17,2002,TIMEOUT,,,,0.308,,1806.934,405.48,Hit the task time limit.
PLASPPlanner-seq,classical-domains,driverlog,pfile18,2002,TIMEOUT,,,,0.354,,1811.03,490.42,Hit the task time limit.
PLASPPlanner-seq,classical-domains,driverlog,pfile19,2002,TIMEOUT,,,,0.365,,1812.939,592.12,Hit the task time limit.
PLASPPlanner-seq,classical-domains,driverlog,pfile2,2002,TIMEOUT,,,,0.097,,1800.202,160.0,Hit the task time limit.
PLASPPlanner-seq,classical-domains,driverlog,pfile20,2002,TIMEOUT,,,,0.392,,1827.571,705.76,Hit the task time limit.
PLASPPlanner-seq,classical-domains,driverlog,pfile3,2002,SOLVED,True,12,,0.093,0.726,2.048,130.0,
PLASPPlanner-seq,classical-domains,driverlog,pfile4,2002,SOLVED,True,16,,0.102,249.59,251.064,146.0,
PLASPPlanner-seq,classical-domains,driverlog,pfile5,2002,SOLVED,True,18,,0.101,165.809,167.289,144.0,
PLASPPlanner-seq,classical-domains,driverlog,pfile6,2002,SOLVED,True,11,,0.103,4.831,6.202,134.0,
PLASPPlanner-seq,classical-domains,driverlog,pfile7,2002,SOLVED,True,13,,0.103,18.798,20.207,140.0,
PLASPPlanner-seq,classical-domains,driverlog,pfile8,2002,TIMEOUT,,,,0.101,,1800.419,161.63,Hit the task time limit.
PLASPPlanner-seq,classical-domains,driverlog,pfile9,2002,TIMEOUT,,,,0.112,,1800.528,169.49,Hit the task time limit.
PLASPPlanner-seq,classical-domains,elevators-00-adl,m10-strips,2000,ERROR,,,,,,1.383,120.0,"ParseException: Expected 'problem', found 'domain' (at char 9), (line:1, col:10)"
PLASPPlanner-seq,classical-domains,elevators-00-adl,s1-0,2000,SOLVED,True,4,,0.052,0.027,1.338,122.0,
PLASPPlanner-seq,classical-domains,elevators-00-adl,s1-1,2000,SOLVED,True,3,,0.059,0.028,1.356,122.0,
PLASPPlanner-seq,classical-domains,elevators-00-adl,s1-2,2000,SOLVED,True,4,,0.051,0.027,1.345,120.0,
PLASPPlanner-seq,classical-domains,elevators-00-adl,s1-3,2000,SOLVED,True,4,,0.055,0.03,1.421,122.0,
PLASPPlanner-seq,classical-domains,elevators-00-adl,s1-4,2000,SOLVED,True,4,,0.057,0.028,1.363,122.0,
PLASPPlanner-seq,classical-domains,elevators-00-adl,s10-0,2000,TIMEOUT,,,,0.242,,1800.108,197.95,Hit the task time limit.
PLASPPlanner-seq,classical-domains,elevators-00-adl,s10-1,2000,TIMEOUT,,,,0.232,,1800.108,209.49,Hit the task time limit.
PLASPPlanner-seq,classical-domains,elevators-00-adl,s10-2,2000,TIMEOUT,,,,0.233,,1800.109,206.78,Hit the task time limit.
PLASPPlanner-seq,classical-domains,elevators-00-adl,s10-3,2000,TIMEOUT,,,,0.227,,1800.114,210.24,Hit the task time limit.
PLASPPlanner-seq,classical-domains,elevators-00-adl,s10-4,2000,TIMEOUT,,,,0.236,,1800.105,206.0,Hit the task time limit.
PLASPPlanner-seq,classical-domains,elevators-00-adl,s11-0,2000,TIMEOUT,,,,0.252,,1800.118,210.81,Hit the task time limit.
PLASPPlanner-seq,classical-domains,elevators-00-adl,s11-1,2000,TIMEOUT,,,,0.26,,1800.111,216.38,Hit the task time limit.
PLASPPlanner-seq,classical-domains,elevators-00-adl,s11-2,2000,TIMEOUT,,,,0.252,,1800.122,213.3,Hit the task time limit.
PLASPPlanner-seq,classical-domains,elevators-00-adl,s11-3,2000,TIMEOUT,,,,0.25,,1800.117,221.57,Hit the task time limit.
PLASPPlanner-seq,classical-domains,elevators-00-adl,s11-4,2000,TIMEOUT,,,,0.255,,1800.117,216.84,Hit the task time limit.
PLASPPlanner-seq,classical-domains,elevators-00-adl,s12-0,2000,TIMEOUT,,,,0.277,,1800.142,233.02,Hit the task time limit.
PLASPPlanner-seq,classical-domains,elevators-00-adl,s12-1,2000,TIMEOUT,,,,0.278,,1800.131,212.14,Hit the task time limit.
PLASPPlanner-seq,classical-domains,elevators-00-adl,s12-2,2000,TIMEOUT,,,,0.279,,1800.12,216.34,Hit the task time limit.
PLASPPlanner-seq,classical-domains,elevators-00-adl,s12-3,2000,TIMEOUT,,,,0.276,,1800.12,216.95,Hit the task time limit.
PLASPPlanner-seq,classical-domains,elevators-00-adl,s12-4,2000,TIMEOUT,,,,0.294,,1800.127,222.0,Hit the task time limit.
PLASPPlanner-seq,classical-domains,elevators-00-adl,s13-0,2000,TIMEOUT,,,,0.303,,1800.139,229.71,Hit the task time limit.
PLASPPlanner-seq,classical-domains,elevators-00-adl,s13-1,2000,TIMEOUT,,,,0.302,,1800.126,236.12,Hit the task time limit.
PLASPPlanner-seq,classical-domains,elevators-00-adl,s13-2,2000,TIMEOUT,,,,0.303,,1800.134,234.07,Hit the task time limit.
PLASPPlanner-seq,classical-domains,elevators-00-adl,s13-3,2000,TIMEOUT,,,,0.299,,1800.132,239.12,Hit the task time limit.
PLASPPlanner-seq,classical-domains,elevators-00-adl,s13-4,2000,TIMEOUT,,,,0.301,,1800.132,238.18,Hit the task time limit.
PLASPPlanner-seq,classical-domains,elevators-00-adl,s14-0,2000,TIMEOUT,,,,0.345,,1800.136,244.64,Hit the task time limit.
PLASPPlanner-seq,classical-domains,elevators-00-adl,s14-1,2000,TIMEOUT,,,,0.334,,1800.144,252.51,Hit the task time limit.
PLASPPlanner-seq,classical-domains,elevators-00-adl,s14-2,2000,TIMEOUT,,,,0.353,,1800.152,244.32,Hit the task time limit.
PLASPPlanner-seq,classical-domains,elevators-00-adl,s14-3,2000,TIMEOUT,,,,0.339,,1800.146,245.08,Hit the task time limit.
PLASPPlanner-seq,classical-domains,elevators-00-adl,s14-4,2000,TIMEOUT,,,,0.35,,1800.158,254.63,Hit the task time limit.
PLASPPlanner-seq,classical-domains,elevators-00-adl,s15-0,2000,TIMEOUT,,,,0.385,,1800.165,270.78,Hit the task time limit.
PLASPPlanner-seq,classical-domains,elevators-00-adl,s15-1,2000,TIMEOUT,,,,0.36,,1800.162,276.62,Hit the task time limit.
PLASPPlanner-seq,classical-domains,elevators-00-adl,s15-2,2000,TIMEOUT,,,,0.382,,1800.159,265.96,Hit the task time limit.
PLASPPlanner-seq,classical-domains,elevators-00-adl,s15-3,2000,TIMEOUT,,,,0.37,,1800.168,267.57,Hit the task time limit.
PLASPPlanner-seq,classical-domains,elevators-00-adl,s15-4,2000,TIMEOUT,,,,0.358,,1800.167,261.84,Hit the task time limit.
PLASPPlanner-seq,classical-domains,elevators-00-adl,s16-0,2000,TIMEOUT,,,,0.416,,1800.173,240.05,Hit the task time limit.
PLASPPlanner-seq,classical-domains,elevators-00-adl,s16-1,2000,TIMEOUT,,,,0.398,,1800.177,278.38,Hit the task time limit.
PLASPPlanner-seq,classical-domains,elevators-00-adl,s16-2,2000,TIMEOUT,,,,0.395,,1800.18,263.55,Hit the task time limit.
PLASPPlanner-seq,classical-domains,elevators-00-adl,s16-3,2000,TIMEOUT,,,,0.39,,1800.175,254.56,Hit the task time limit.
PLASPPlanner-seq,classical-domains,elevators-00-adl,s16-4,2000,TIMEOUT,,,,0.397,,1800.189,268.37,Hit the task time limit.
PLASPPlanner-seq,classical-domains,elevators-00-adl,s17-0,2000,TIMEOUT,,,,0.42,,1800.193,298.03,Hit the task time limit.
PLASPPlanner-seq,classical-domains,elevators-00-adl,s17-1,2000,TIMEOUT,,,,0.424,,1800.199,286.54,Hit the task time limit.
PLASPPlanner-seq,classical-domains,elevators-00-adl,s17-2,2000,TIMEOUT,,,,0.422,,1800.197,268.97,Hit the task time limit.
PLASPPlanner-seq,classical-domains,elevators-00-adl,s17-3,2000,TIMEOUT,,,,0.427,,1800.187,284.81,Hit the task time limit.
PLASPPlanner-seq,classical-domains,elevators-00-adl,s17-4,2000,TIMEOUT,,,,0.428,,1800.199,294.43,Hit the task time limit.
PLASPPlanner-seq,classical-domains,elevators-00-adl,s18-0,2000,TIMEOUT,,,,0.466,,1800.215,306.18,Hit the task time limit.
PLASPPlanner-seq,classical-domains,elevators-00-adl,s18-1,2000,TIMEOUT,,,,0.457,,1800.205,272.78,Hit the task time limit.
PLASPPlanner-seq,classical-domains,elevators-00-adl,s18-2,2000,TIMEOUT,,,,0.464,,1800.226,301.71,Hit the task time limit.
PLASPPlanner-seq,classical-domains,elevators-00-adl,s18-3,2000,TIMEOUT,,,,0.468,,1800.192,302.35,Hit the task time limit.
PLASPPlanner-seq,classical-domains,elevators-00-adl,s18-4,2000,TIMEOUT,,,,0.456,,1800.203,288.76,Hit the task time limit.
PLASPPlanner-seq,classical-domains,elevators-00-adl,s19-0,2000,TIMEOUT,,,,0.51,,1800.208,310.18,Hit the task time limit.
PLASPPlanner-seq,classical-domains,elevators-00-adl,s19-1,2000,TIMEOUT,,,,0.499,,1800.213,329.8,Hit the task time limit.
PLASPPlanner-seq,classical-domains,elevators-00-adl,s19-2,2000,TIMEOUT,,,,0.497,,1800.233,315.8,Hit the task time limit.
PLASPPlanner-seq,classical-domains,elevators-00-adl,s19-3,2000,TIMEOUT,,,,0.509,,1800.226,286.26,Hit the task time limit.
PLASPPlanner-seq,classical-domains,elevators-00-adl,s19-4,2000,TIMEOUT,,,,0.511,,1800.225,312.32,Hit the task time limit.
PLASPPlanner-seq,classical-domains,elevators-00-adl,s2-0,2000,SOLVED,True,6,,0.062,0.04,1.384,124.0,
PLASPPlanner-seq,classical-domains,elevators-00-adl,s2-1,2000,SOLVED,True,6,,0.06,0.04,1.424,124.0,
PLASPPlanner-seq,classical-domains,elevators-00-adl,s2-2,2000,SOLVED,True,6,,0.06,0.039,1.369,122.0,
PLASPPlanner-seq,classical-domains,elevators-00-adl,s2-3,2000,SOLVED,True,6,,0.058,0.038,1.374,122.0,
PLASPPlanner-seq,classical-domains,elevators-00-adl,s2-4,2000,SOLVED,True,6,,0.06,0.039,1.428,122.0,
PLASPPlanner-seq,classical-domains,elevators-00-adl,s20-0,2000,TIMEOUT,,,,0.54,,1800.232,316.59,Hit the task time limit.
PLASPPlanner-seq,classical-domains,elevators-00-adl,s20-1,2000,TIMEOUT,,,,0.54,,1800.237,322.73,Hit the task time limit.
PLASPPlanner-seq,classical-domains,elevators-00-adl,s20-2,2000,TIMEOUT,,,,0.537,,1800.244,340.91,Hit the task time limit.
PLASPPlanner-seq,classical-domains,elevators-00-adl,s20-3,2000,TIMEOUT,,,,0.56,,1800.23,303.55,Hit the task time limit.
PLASPPlanner-seq,classical-domains,elevators-00-adl,s20-4,2000,TIMEOUT,,,,0.573,,1800.241,303.88,Hit the task time limit.
PLASPPlanner-seq,classical-domains,elevators-00-adl,s21-0,2000,TIMEOUT,,,,0.586,,1800.254,345.8,Hit the task time limit.
PLASPPlanner-seq,classical-domains,elevators-00-adl,s21-1,2000,TIMEOUT,,,,0.58,,1800.263,322.58,Hit the task time limit.
PLASPPlanner-seq,classical-domains,elevators-00-adl,s21-2,2000,TIMEOUT,,,,0.601,,1800.267,348.34,Hit the task time limit.
PLASPPlanner-seq,classical-domains,elevators-00-adl,s21-3,2000,TIMEOUT,,,,0.582,,1800.253,312.25,Hit the task time limit.
PLASPPlanner-seq,classical-domains,elevators-00-adl,s21-4,2000,TIMEOUT,,,,0.572,,1800.247,392.62,Hit the task time limit.
PLASPPlanner-seq,classical-domains,elevators-00-adl,s22-0,2000,TIMEOUT,,,,0.625,,1800.382,341.66,Hit the task time limit.
PLASPPlanner-seq,classical-domains,elevators-00-adl,s22-1,2000,TIMEOUT,,,,0.645,,1800.397,362.27,Hit the task time limit.
PLASPPlanner-seq,classical-domains,elevators-00-adl,s22-2,2000,TIMEOUT,,,,0.652,,1800.41,388.72,Hit the task time limit.
PLASPPlanner-seq,classical-domains,elevators-00-adl,s22-3,2000,TIMEOUT,,,,0.622,,1800.423,349.1,Hit the task time limit.
PLASPPlanner-seq,classical-domains,elevators-00-adl,s22-4,2000,TIMEOUT,,,,0.625,,1800.372,387.36,Hit the task time limit.
PLASPPlanner-seq,classical-domains,elevators-00-adl,s23-0,2000,TIMEOUT,,,,0.824,,1800.284,344.16,Hit the task time limit.
PLASPPlanner-seq,classical-domains,elevators-00-adl,s23-1,2000,TIMEOUT,,,,0.821,,1800.251,369.66,Hit the task time limit.
PLASPPlanner-seq,classical-domains,elevators-00-adl,s23-2,2000,TIMEOUT,,,,0.789,,1800.283,353.92,Hit the task time limit.
PLASPPlanner-seq,classical-domains,elevators-00-adl,s23-3,2000,TIMEOUT,,,,0.78,,1800.271,408.08,Hit the task time limit.
PLASPPlanner-seq,classical-domains,elevators-00-adl,s23-4,2000,TIMEOUT,,,,0.795,,1800.275,330.68,Hit the task time limit.
PLASPPlanner-seq,classical-domains,elevators-00-adl,s24-0,2000,TIMEOUT,,,,0.849,,1800.296,414.09,Hit the task time limit.
PLASPPlanner-seq,classical-domains,elevators-00-adl,s24-1,2000,TIMEOUT,,,,0.835,,1800.279,391.5,Hit the task time limit.
PLASPPlanner-seq,classical-domains,elevators-00-adl,s24-2,2000,TIMEOUT,,,,0.84,,1800.264,416.36,Hit the task time limit.
PLASPPlanner-seq,classical-domains,elevators-00-adl,s24-3,2000,TIMEOUT,,,,0.831,,1800.287,402.25,Hit the task time limit.
PLASPPlanner-seq,classical-domains,elevators-00-adl,s24-4,2000,TIMEOUT,,,,0.846,,1800.286,380.9,Hit the task time limit.
PLASPPlanner-seq,classical-domains,elevators-00-adl,s25-0,2000,TIMEOUT,,,,0.885,,1800.284,389.79,Hit the task time limit.
PLASPPlanner-seq,classical-domains,elevators-00-adl,s25-1,2000,TIMEOUT,,,,0.899,,1800.282,461.01,Hit the task time limit.
PLASPPlanner-seq,classical-domains,elevators-00-adl,s25-2,2000,TIMEOUT,,,,0.885,,1800.314,381.28,Hit the task time limit.
PLASPPlanner-seq,classical-domains,elevators-00-adl,s25-3,2000,TIMEOUT,,,,0.886,,1800.29,386.46,Hit the task time limit.
PLASPPlanner-seq,classical-domains,elevators-00-adl,s25-4,2000,TIMEOUT,,,,1.024,,1800.328,392.46,Hit the task time limit.
PLASPPlanner-seq,classical-domains,elevators-00-adl,s26-0,2000,TIMEOUT,,,,0.992,,1800.325,391.48,Hit the task time limit.
PLASPPlanner-seq,classical-domains,elevators-00-adl,s26-1,2000,TIMEOUT,,,,0.94,,1800.334,413.13,Hit the task time limit.
PLASPPlanner-seq,classical-domains,elevators-00-adl,s26-2,2000,TIMEOUT,,,,0.939,,1800.326,432.84,Hit the task time limit.
PLASPPlanner-seq,classical-domains,elevators-00-adl,s26-3,2000,TIMEOUT,,,,0.952,,1800.309,451.55,Hit the task time limit.
PLASPPlanner-seq,classical-domains,elevators-00-adl,s26-4,2000,TIMEOUT,,,,0.936,,1800.314,428.9,Hit the task time limit.
PLASPPlanner-seq,classical-domains,elevators-00-adl,s27-0,2000,TIMEOUT,,,,0.982,,1800.333,426.63,Hit the task time limit.
PLASPPlanner-seq,classical-domains,elevators-00-adl,s27-1,2000,TIMEOUT,,,,0.984,,1800.333,438.99,Hit the task time limit.
PLASPPlanner-seq,classical-domains,elevators-00-adl,s27-2,2000,TIMEOUT,,,,0.982,,1800.349,428.46,Hit the task time limit.
PLASPPlanner-seq,classical-domains,elevators-00-adl,s27-3,2000,TIMEOUT,,,,1.089,,1800.333,486.2,Hit the task time limit.
PLASPPlanner-seq,classical-domains,elevators-00-adl,s27-4,2000,TIMEOUT,,,,1.034,,1800.342,458.89,Hit the task time limit.
PLASPPlanner-seq,classical-domains,elevators-00-adl,s28-0,2000,TIMEOUT,,,,1.036,,1800.358,559.03,Hit the task time limit.
PLASPPlanner-seq,classical-domains,elevators-00-adl,s28-1,2000,TIMEOUT,,,,1.1,,1800.351,467.46,Hit the task time limit.
PLASPPlanner-seq,classical-domains,elevators-00-adl,s28-2,2000,TIMEOUT,,,,1.121,,1800.352,411.09,Hit the task time limit.
PLASPPlanner-seq,classical-domains,elevators-00-adl,s28-3,2000,TIMEOUT,,,,1.061,,1800.35,424.01,Hit the task time limit.
PLASPPlanner-seq,classical-domains,elevators-00-adl,s28-4,2000,TIMEOUT,,,,1.125,,1800.357,431.87,Hit the task time limit.
PLASPPlanner-seq,classical-domains,elevators-00-adl,s29-0,2000,TIMEOUT,,,,1.201,,1800.389,453.64,Hit the task time limit.
PLASPPlanner-seq,classical-domains,elevators-00-adl,s29-1,2000,TIMEOUT,,,,1.159,,1800.373,448.05,Hit the task time limit.
PLASPPlanner-seq,classical-domains,elevators-00-adl,s29-2,2000,TIMEOUT,,,,1.161,,1800.365,510.37,Hit the task time limit.
PLASPPlanner-seq,classical-domains,elevators-00-adl,s29-3,2000,TIMEOUT,,,,1.118,,1800.373,498.16,Hit the task time limit.
PLASPPlanner-seq,classical-domains,elevators-00-adl,s29-4,2000,TIMEOUT,,,,1.116,,1800.343,462.63,Hit the task time limit.
PLASPPlanner-seq,classical-domains,elevators-00-adl,s3-0,2000,SOLVED,True,8,,0.066,0.068,1.443,124.0,
PLASPPlanner-seq,classical-domains,elevators-00-adl,s3-1,2000,SOLVED,True,10,,0.068,0.141,1.554,126.0,
PLASPPlanner-seq,classical-domains,elevators-00-adl,s3-2,2000,SOLVED,True,8,,0.06,0.064,1.404,124.0,
PLASPPlanner-seq,classical-domains,elevators-00-adl,s3-3,2000,SOLVED,True,9,,0.062,0.086,1.436,124.0,
PLASPPlanner-seq,classical-domains,elevators-00-adl,s3-4,2000,SOLVED,True,8,,0.068,0.064,1.464,122.0,
PLASPPlanner-seq,classical-domains,elevators-00-adl,s30-0,2000,TIMEOUT,,,,1.16,,1800.54,471.0,Hit the task time limit.
PLASPPlanner-seq,classical-domains,elevators-00-adl,s30-1,2000,TIMEOUT,,,,1.245,,1800.57,515.3,Hit the task time limit.
PLASPPlanner-seq,classical-domains,elevators-00-adl,s30-2,2000,TIMEOUT,,,,1.2,,1800.601,661.56,Hit the task time limit.
PLASPPlanner-seq,classical-domains,elevators-00-adl,s30-3,2000,TIMEOUT,,,,1.196,,1800.573,524.25,Hit the task time limit.
PLASPPlanner-seq,classical-domains,elevators-00-adl,s30-4,2000,TIMEOUT,,,,1.191,,1800.575,448.44,Hit the task time limit.
PLASPPlanner-seq,classical-domains,elevators-00-adl,s4-0,2000,SOLVED,True,12,,0.069,0.674,2.025,126.0,
PLASPPlanner-seq,classical-domains,elevators-00-adl,s4-1,2000,SOLVED,True,11,,0.068,0.418,1.766,126.0,
PLASPPlanner-seq,classical-domains,elevators-00-adl,s4-2,2000,SOLVED,True,14,,0.075,3.041,4.461,128.0,
PLASPPlanner-seq,classical-domains,elevators-00-adl,s4-3,2000,SOLVED,True,14,,0.071,2.84,4.197,128.0,
PLASPPlanner-seq,classical-domains,elevators-00-adl,s4-4,2000,SOLVED,True,14,,0.07,4.353,5.684,130.0,
PLASPPlanner-seq,classical-domains,elevators-00-adl,s5-0,2000,SOLVED,True,14,,0.079,4.415,5.835,132.0,
PLASPPlanner-seq,classical-domains,elevators-00-adl,s5-1,2000,SOLVED,True,15,,0.079,13.262,14.621,136.0,
PLASPPlanner-seq,classical-domains,elevators-00-adl,s5-2,2000,SOLVED,True,10,,0.084,0.346,1.709,128.0,
PLASPPlanner-seq,classical-domains,elevators-00-adl,s5-3,2000,SOLVED,True,14,,0.084,7.256,8.661,132.0,
PLASPPlanner-seq,classical-domains,elevators-00-adl,s5-4,2000,SOLVED,True,16,,0.078,16.84,18.151,136.0,
PLASPPlanner-seq,classical-domains,elevators-00-adl,s6-0,2000,SOLVED,True,14,,0.091,6.356,7.704,132.0,
PLASPPlanner-seq,classical-domains,elevators-00-adl,s6-1,2000,SOLVED,True,15,,0.091,25.152,26.555,140.0,
PLASPPlanner-seq,classical-domains,elevators-00-adl,s6-2,2000,SOLVED,True,16,,0.1,68.447,69.881,144.0,
PLASPPlanner-seq,classical-domains,elevators-00-adl,s6-3,2000,SOLVED,True,16,,0.097,45.802,47.201,142.0,
PLASPPlanner-seq,classical-domains,elevators-00-adl,s6-4,2000,SOLVED,True,18,,0.099,184.356,185.768,154.0,
PLASPPlanner-seq,classical-domains,elevators-00-adl,s7-0,2000,SOLVED,True,18,,0.107,502.677,504.092,166.0,
PLASPPlanner-seq,classical-domains,elevators-00-adl,s7-1,2000,SOLVED,True,20,,0.109,1447.265,1448.622,186.0,
PLASPPlanner-seq,classical-domains,elevators-00-adl,s7-2,2000,SOLVED,True,17,,0.104,279.938,281.325,162.0,
PLASPPlanner-seq,classical-domains,elevators-00-adl,s7-3,2000,SOLVED,True,17,,0.105,292.402,293.829,164.0,
PLASPPlanner-seq,classical-domains,elevators-00-adl,s7-4,2000,TIMEOUT,,,,0.113,,1800.095,190.0,Hit the task time limit.
PLASPPlanner-seq,classical-domains,elevators-00-adl,s8-0,2000,TIMEOUT,,,,0.122,,1800.092,196.0,Hit the task time limit.
PLASPPlanner-seq,classical-domains,elevators-00-adl,s8-1,2000,TIMEOUT,,,,0.127,,1800.1,194.0,Hit the task time limit.
PLASPPlanner-seq,classical-domains,elevators-00-adl,s8-2,2000,TIMEOUT,,,,0.12,,1800.094,190.0,Hit the task time limit.
PLASPPlanner-seq,classical-domains,elevators-00-adl,s8-3,2000,TIMEOUT,,,,0.12,,1800.092,188.51,Hit the task time limit.
PLASPPlanner-seq,classical-domains,elevators-00-adl,s8-4,2000,TIMEOUT,,,,0.125,,1800.091,188.0,Hit the task time limit.
PLASPPlanner-seq,classical-domains,elevators-00-adl,s9-0,2000,TIMEOUT,,,,0.235,,1800.09,199.8,Hit the task time limit.
PLASPPlanner-seq,classical-domains,elevators-00-adl,s9-1,2000,TIMEOUT,,,,0.219,,1800.102,196.0,Hit the task time limit.
PLASPPlanner-seq,classical-domains,elevators-00-adl,s9-2,2000,TIMEOUT,,,,0.234,,1800.098,200.3,Hit the task time limit.
PLASPPlanner-seq,classical-domains,elevators-00-adl,s9-3,2000,TIMEOUT,,,,0.236,,1800.096,196.0,Hit the task time limit.
PLASPPlanner-seq,classical-domains,elevators-00-adl,s9-4,2000,TIMEOUT,,,,0.21,,1800.096,209.98,Hit the task time limit.
PLASPPlanner-seq,classical-domains,elevators-00-full,f1-0,2000,EXHAUSTED,,,,0.11,17.608,19.017,140.0,No plan found up to horizon 1000 (the task may be solvable with a longer horizon).
PLASPPlanner-seq,classical-domains,elevators-00-full,f1-1,2000,EXHAUSTED,,,,0.117,16.038,17.453,140.0,No plan found up to horizon 1000 (the task may be solvable with a longer horizon).
PLASPPlanner-seq,classical-domains,elevators-00-full,f1-2,2000,EXHAUSTED,,,,0.114,18.304,19.676,140.0,No plan found up to horizon 1000 (the task may be solvable with a longer horizon).
PLASPPlanner-seq,classical-domains,elevators-00-full,f1-3,2000,EXHAUSTED,,,,0.116,16.484,17.896,140.0,No plan found up to horizon 1000 (the task may be solvable with a longer horizon).
PLASPPlanner-seq,classical-domains,elevators-00-full,f1-4,2000,EXHAUSTED,,,,0.104,15.009,16.343,140.0,No plan found up to horizon 1000 (the task may be solvable with a longer horizon).
PLASPPlanner-seq,classical-domains,elevators-00-full,f10-0,2000,ERROR,,,,,,1.487,124.0,UPProblemDefinitionError: Name p3 already defined! Different elements of a problem can have the same name if the environment flag error_used_name is disabled.
PLASPPlanner-seq,classical-domains,elevators-00-full,f10-1,2000,ERROR,,,,,,1.476,122.0,UPProblemDefinitionError: Name p0 already defined! Different elements of a problem can have the same name if the environment flag error_used_name is disabled.
PLASPPlanner-seq,classical-domains,elevators-00-full,f10-2,2000,ERROR,,,,,,1.544,122.0,UPProblemDefinitionError: Name p3 already defined! Different elements of a problem can have the same name if the environment flag error_used_name is disabled.
PLASPPlanner-seq,classical-domains,elevators-00-full,f10-3,2000,ERROR,,,,,,1.525,124.0,UPProblemDefinitionError: Name p5 already defined! Different elements of a problem can have the same name if the environment flag error_used_name is disabled.
PLASPPlanner-seq,classical-domains,elevators-00-full,f10-4,2000,ERROR,,,,,,1.557,124.0,UPProblemDefinitionError: Name p5 already defined! Different elements of a problem can have the same name if the environment flag error_used_name is disabled.
PLASPPlanner-seq,classical-domains,elevators-00-full,f11-0,2000,ERROR,,,,,,1.565,124.0,UPProblemDefinitionError: Name p6 already defined! Different elements of a problem can have the same name if the environment flag error_used_name is disabled.
PLASPPlanner-seq,classical-domains,elevators-00-full,f11-1,2000,ERROR,,,,,,1.595,122.0,UPProblemDefinitionError: Name p0 already defined! Different elements of a problem can have the same name if the environment flag error_used_name is disabled.
PLASPPlanner-seq,classical-domains,elevators-00-full,f11-2,2000,ERROR,,,,,,1.538,122.0,UPProblemDefinitionError: Name p10 already defined! Different elements of a problem can have the same name if the environment flag error_used_name is disabled.
PLASPPlanner-seq,classical-domains,elevators-00-full,f11-3,2000,ERROR,,,,,,1.516,122.0,UPProblemDefinitionError: Name p8 already defined! Different elements of a problem can have the same name if the environment flag error_used_name is disabled.
PLASPPlanner-seq,classical-domains,elevators-00-full,f11-4,2000,ERROR,,,,,,1.533,124.0,UPProblemDefinitionError: Name p4 already defined! Different elements of a problem can have the same name if the environment flag error_used_name is disabled.
PLASPPlanner-seq,classical-domains,elevators-00-full,f12-0,2000,ERROR,,,,,,1.553,124.0,UPProblemDefinitionError: Name p7 already defined! Different elements of a problem can have the same name if the environment flag error_used_name is disabled.
PLASPPlanner-seq,classical-domains,elevators-00-full,f12-1,2000,ERROR,,,,,,1.545,122.0,UPProblemDefinitionError: Name p8 already defined! Different elements of a problem can have the same name if the environment flag error_used_name is disabled.
PLASPPlanner-seq,classical-domains,elevators-00-full,f12-2,2000,ERROR,,,,,,1.556,122.0,UPProblemDefinitionError: Name p7 already defined! Different elements of a problem can have the same name if the environment flag error_used_name is disabled.
PLASPPlanner-seq,classical-domains,elevators-00-full,f12-3,2000,ERROR,,,,,,1.54,124.0,UPProblemDefinitionError: Name p5 already defined! Different elements of a problem can have the same name if the environment flag error_used_name is disabled.
PLASPPlanner-seq,classical-domains,elevators-00-full,f12-4,2000,ERROR,,,,,,1.515,124.0,UPProblemDefinitionError: Name p6 already defined! Different elements of a problem can have the same name if the environment flag error_used_name is disabled.
PLASPPlanner-seq,classical-domains,elevators-00-full,f13-0,2000,ERROR,,,,,,1.514,122.0,UPProblemDefinitionError: Name p0 already defined! Different elements of a problem can have the same name if the environment flag error_used_name is disabled.
PLASPPlanner-seq,classical-domains,elevators-00-full,f13-1,2000,ERROR,,,,,,1.577,122.0,UPProblemDefinitionError: Name p7 already defined! Different elements of a problem can have the same name if the environment flag error_used_name is disabled.
PLASPPlanner-seq,classical-domains,elevators-00-full,f13-2,2000,ERROR,,,,,,1.515,122.0,UPProblemDefinitionError: Name p2 already defined! Different elements of a problem can have the same name if the environment flag error_used_name is disabled.
PLASPPlanner-seq,classical-domains,elevators-00-full,f13-3,2000,ERROR,,,,,,1.632,124.0,UPProblemDefinitionError: Name p10 already defined! Different elements of a problem can have the same name if the environment flag error_used_name is disabled.
PLASPPlanner-seq,classical-domains,elevators-00-full,f13-4,2000,ERROR,,,,,,1.584,122.0,UPProblemDefinitionError: Name p7 already defined! Different elements of a problem can have the same name if the environment flag error_used_name is disabled.
PLASPPlanner-seq,classical-domains,elevators-00-full,f14-0,2000,ERROR,,,,,,1.58,124.0,UPProblemDefinitionError: Name p1 already defined! Different elements of a problem can have the same name if the environment flag error_used_name is disabled.
PLASPPlanner-seq,classical-domains,elevators-00-full,f14-1,2000,ERROR,,,,,,1.565,122.0,UPProblemDefinitionError: Name p1 already defined! Different elements of a problem can have the same name if the environment flag error_used_name is disabled.
PLASPPlanner-seq,classical-domains,elevators-00-full,f14-2,2000,ERROR,,,,,,1.567,124.0,UPProblemDefinitionError: Name p9 already defined! Different elements of a problem can have the same name if the environment flag error_used_name is disabled.
PLASPPlanner-seq,classical-domains,elevators-00-full,f14-3,2000,ERROR,,,,,,1.588,124.0,UPProblemDefinitionError: Name p7 already defined! Different elements of a problem can have the same name if the environment flag error_used_name is disabled.
PLASPPlanner-seq,classical-domains,elevators-00-full,f14-4,2000,ERROR,,,,,,1.571,122.0,UPProblemDefinitionError: Name p8 already defined! Different elements of a problem can have the same name if the environment flag error_used_name is disabled.
PLASPPlanner-seq,classical-domains,elevators-00-full,f15-0,2000,ERROR,,,,,,1.599,122.0,UPProblemDefinitionError: Name p1 already defined! Different elements of a problem can have the same name if the environment flag error_used_name is disabled.
PLASPPlanner-seq,classical-domains,elevators-00-full,f15-1,2000,ERROR,,,,,,1.661,124.0,UPProblemDefinitionError: Name p11 already defined! Different elements of a problem can have the same name if the environment flag error_used_name is disabled.
PLASPPlanner-seq,classical-domains,elevators-00-full,f15-2,2000,ERROR,,,,,,1.584,124.0,UPProblemDefinitionError: Name p4 already defined! Different elements of a problem can have the same name if the environment flag error_used_name is disabled.
PLASPPlanner-seq,classical-domains,elevators-00-full,f15-3,2000,ERROR,,,,,,1.595,124.0,UPProblemDefinitionError: Name p5 already defined! Different elements of a problem can have the same name if the environment flag error_used_name is disabled.
PLASPPlanner-seq,classical-domains,elevators-00-full,f15-4,2000,ERROR,,,,,,1.612,124.0,UPProblemDefinitionError: Name p0 already defined! Different elements of a problem can have the same name if the environment flag error_used_name is disabled.
PLASPPlanner-seq,classical-domains,elevators-00-full,f16-0,2000,ERROR,,,,,,1.653,126.0,UPProblemDefinitionError: Name p9 already defined! Different elements of a problem can have the same name if the environment flag error_used_name is disabled.
PLASPPlanner-seq,classical-domains,elevators-00-full,f16-1,2000,ERROR,,,,,,1.678,126.0,UPProblemDefinitionError: Name p7 already defined! Different elements of a problem can have the same name if the environment flag error_used_name is disabled.
PLASPPlanner-seq,classical-domains,elevators-00-full,f16-2,2000,ERROR,,,,,,1.648,126.0,UPProblemDefinitionError: Name p11 already defined! Different elements of a problem can have the same name if the environment flag error_used_name is disabled.
PLASPPlanner-seq,classical-domains,elevators-00-full,f16-3,2000,ERROR,,,,,,1.63,124.0,UPProblemDefinitionError: Name p14 already defined! Different elements of a problem can have the same name if the environment flag error_used_name is disabled.
PLASPPlanner-seq,classical-domains,elevators-00-full,f16-4,2000,ERROR,,,,,,1.649,124.0,UPProblemDefinitionError: Name p2 already defined! Different elements of a problem can have the same name if the environment flag error_used_name is disabled.
PLASPPlanner-seq,classical-domains,elevators-00-full,f17-0,2000,ERROR,,,,,,1.672,126.0,UPProblemDefinitionError: Name p15 already defined! Different elements of a problem can have the same name if the environment flag error_used_name is disabled.
PLASPPlanner-seq,classical-domains,elevators-00-full,f17-1,2000,ERROR,,,,,,1.639,124.0,UPProblemDefinitionError: Name p16 already defined! Different elements of a problem can have the same name if the environment flag error_used_name is disabled.
PLASPPlanner-seq,classical-domains,elevators-00-full,f17-2,2000,ERROR,,,,,,1.625,126.0,UPProblemDefinitionError: Name p2 already defined! Different elements of a problem can have the same name if the environment flag error_used_name is disabled.
PLASPPlanner-seq,classical-domains,elevators-00-full,f17-3,2000,ERROR,,,,,,1.768,126.0,UPProblemDefinitionError: Name p3 already defined! Different elements of a problem can have the same name if the environment flag error_used_name is disabled.
PLASPPlanner-seq,classical-domains,elevators-00-full,f17-4,2000,ERROR,,,,,,1.62,126.0,UPProblemDefinitionError: Name p16 already defined! Different elements of a problem can have the same name if the environment flag error_used_name is disabled.
PLASPPlanner-seq,classical-domains,elevators-00-full,f18-0,2000,ERROR,,,,,,1.717,124.0,UPProblemDefinitionError: Name p1 already defined! Different elements of a problem can have the same name if the environment flag error_used_name is disabled.
PLASPPlanner-seq,classical-domains,elevators-00-full,f18-1,2000,ERROR,,,,,,1.764,128.0,UPProblemDefinitionError: Name p3 already defined! Different elements of a problem can have the same name if the environment flag error_used_name is disabled.
PLASPPlanner-seq,classical-domains,elevators-00-full,f18-2,2000,ERROR,,,,,,1.679,126.0,UPProblemDefinitionError: Name p12 already defined! Different elements of a problem can have the same name if the environment flag error_used_name is disabled.
PLASPPlanner-seq,classical-domains,elevators-00-full,f18-3,2000,ERROR,,,,,,1.726,128.0,UPProblemDefinitionError: Name p1 already defined! Different elements of a problem can have the same name if the environment flag error_used_name is disabled.
PLASPPlanner-seq,classical-domains,elevators-00-full,f18-4,2000,ERROR,,,,,,1.701,126.0,UPProblemDefinitionError: Name p15 already defined! Different elements of a problem can have the same name if the environment flag error_used_name is disabled.
PLASPPlanner-seq,classical-domains,elevators-00-full,f19-0,2000,ERROR,,,,,,1.756,128.0,UPProblemDefinitionError: Name p2 already defined! Different elements of a problem can have the same name if the environment flag error_used_name is disabled.
PLASPPlanner-seq,classical-domains,elevators-00-full,f19-1,2000,ERROR,,,,,,1.794,124.0,UPProblemDefinitionError: Name p18 already defined! Different elements of a problem can have the same name if the environment flag error_used_name is disabled.
PLASPPlanner-seq,classical-domains,elevators-00-full,f19-2,2000,ERROR,,,,,,1.745,128.0,UPProblemDefinitionError: Name p14 already defined! Different elements of a problem can have the same name if the environment flag error_used_name is disabled.
PLASPPlanner-seq,classical-domains,elevators-00-full,f19-3,2000,ERROR,,,,,,1.685,128.0,UPProblemDefinitionError: Name p3 already defined! Different elements of a problem can have the same name if the environment flag error_used_name is disabled.
PLASPPlanner-seq,classical-domains,elevators-00-full,f19-4,2000,ERROR,,,,,,1.693,124.0,UPProblemDefinitionError: Name p17 already defined! Different elements of a problem can have the same name if the environment flag error_used_name is disabled.
PLASPPlanner-seq,classical-domains,elevators-00-full,f2-0,2000,EXHAUSTED,,,,0.121,63.593,64.987,203.19,No plan found up to horizon 1000 (the task may be solvable with a longer horizon).
PLASPPlanner-seq,classical-domains,elevators-00-full,f2-1,2000,EXHAUSTED,,,,0.117,63.292,64.681,201.79,No plan found up to horizon 1000 (the task may be solvable with a longer horizon).
PLASPPlanner-seq,classical-domains,elevators-00-full,f2-2,2000,EXHAUSTED,,,,0.111,64.53,65.885,201.61,No plan found up to horizon 1000 (the task may be solvable with a longer horizon).
PLASPPlanner-seq,classical-domains,elevators-00-full,f2-3,2000,EXHAUSTED,,,,0.112,62.66,64.071,201.86,No plan found up to horizon 1000 (the task may be solvable with a longer horizon).
PLASPPlanner-seq,classical-domains,elevators-00-full,f2-4,2000,EXHAUSTED,,,,0.111,64.665,66.027,199.61,No plan found up to horizon 1000 (the task may be solvable with a longer horizon).
PLASPPlanner-seq,classical-domains,elevators-00-full,f20-0,2000,ERROR,,,,,,1.757,126.0,UPProblemDefinitionError: Name p15 already defined! Different elements of a problem can have the same name if the environment flag error_used_name is disabled.
PLASPPlanner-seq,classical-domains,elevators-00-full,f20-1,2000,ERROR,,,,,,1.793,126.0,UPProblemDefinitionError: Name p1 already defined! Different elements of a problem can have the same name if the environment flag error_used_name is disabled.
PLASPPlanner-seq,classical-domains,elevators-00-full,f20-2,2000,ERROR,,,,,,1.743,128.0,UPProblemDefinitionError: Name p3 already defined! Different elements of a problem can have the same name if the environment flag error_used_name is disabled.
PLASPPlanner-seq,classical-domains,elevators-00-full,f20-3,2000,ERROR,,,,,,1.738,128.0,UPProblemDefinitionError: Name p19 already defined! Different elements of a problem can have the same name if the environment flag error_used_name is disabled.
PLASPPlanner-seq,classical-domains,elevators-00-full,f20-4,2000,ERROR,,,,,,1.814,126.0,UPProblemDefinitionError: Name p2 already defined! Different elements of a problem can have the same name if the environment flag error_used_name is disabled.
PLASPPlanner-seq,classical-domains,elevators-00-full,f21-0,2000,ERROR,,,,,,1.865,128.0,UPProblemDefinitionError: Name p19 already defined! Different elements of a problem can have the same name if the environment flag error_used_name is disabled.
PLASPPlanner-seq,classical-domains,elevators-00-full,f21-1,2000,ERROR,,,,,,1.861,128.0,UPProblemDefinitionError: Name p8 already defined! Different elements of a problem can have the same name if the environment flag error_used_name is disabled.
PLASPPlanner-seq,classical-domains,elevators-00-full,f21-2,2000,ERROR,,,,,,1.829,130.0,UPProblemDefinitionError: Name p9 already defined! Different elements of a problem can have the same name if the environment flag error_used_name is disabled.
PLASPPlanner-seq,classical-domains,elevators-00-full,f21-3,2000,ERROR,,,,,,1.841,130.0,UPProblemDefinitionError: Name p6 already defined! Different elements of a problem can have the same name if the environment flag error_used_name is disabled.
PLASPPlanner-seq,classical-domains,elevators-00-full,f21-4,2000,ERROR,,,,,,1.794,128.0,UPProblemDefinitionError: Name p0 already defined! Different elements of a problem can have the same name if the environment flag error_used_name is disabled.
PLASPPlanner-seq,classical-domains,elevators-00-full,f22-0,2000,ERROR,,,,,,1.919,130.0,UPProblemDefinitionError: Name p1 already defined! Different elements of a problem can have the same name if the environment flag error_used_name is disabled.
PLASPPlanner-seq,classical-domains,elevators-00-full,f22-1,2000,ERROR,,,,,,1.916,130.0,UPProblemDefinitionError: Name p17 already defined! Different elements of a problem can have the same name if the environment flag error_used_name is disabled.
PLASPPlanner-seq,classical-domains,elevators-00-full,f22-2,2000,ERROR,,,,,,2.093,126.0,UPProblemDefinitionError: Name p21 already defined! Different elements of a problem can have the same name if the environment flag error_used_name is disabled.
PLASPPlanner-seq,classical-domains,elevators-00-full,f22-3,2000,ERROR,,,,,,2.019,128.0,UPProblemDefinitionError: Name p8 already defined! Different elements of a problem can have the same name if the environment flag error_used_name is disabled.
PLASPPlanner-seq,classical-domains,elevators-00-full,f22-4,2000,ERROR,,,,,,1.91,130.0,UPProblemDefinitionError: Name p15 already defined! Different elements of a problem can have the same name if the environment flag error_used_name is disabled.
PLASPPlanner-seq,classical-domains,elevators-00-full,f23-0,2000,ERROR,,,,,,1.998,130.0,UPProblemDefinitionError: Name p6 already defined! Different elements of a problem can have the same name if the environment flag error_used_name is disabled.
PLASPPlanner-seq,classical-domains,elevators-00-full,f23-1,2000,ERROR,,,,,,2.048,128.0,UPProblemDefinitionError: Name p18 already defined! Different elements of a problem can have the same name if the environment flag error_used_name is disabled.
PLASPPlanner-seq,classical-domains,elevators-00-full,f23-2,2000,ERROR,,,,,,1.968,130.0,UPProblemDefinitionError: Name p9 already defined! Different elements of a problem can have the same name if the environment flag error_used_name is disabled.
PLASPPlanner-seq,classical-domains,elevators-00-full,f23-3,2000,ERROR,,,,,,2.01,130.0,UPProblemDefinitionError: Name p8 already defined! Different elements of a problem can have the same name if the environment flag error_used_name is disabled.
PLASPPlanner-seq,classical-domains,elevators-00-full,f23-4,2000,ERROR,,,,,,1.946,128.0,UPProblemDefinitionError: Name p10 already defined! Different elements of a problem can have the same name if the environment flag error_used_name is disabled.
PLASPPlanner-seq,classical-domains,elevators-00-full,f24-0,2000,ERROR,,,,,,1.976,126.0,UPProblemDefinitionError: Name p7 already defined! Different elements of a problem can have the same name if the environment flag error_used_name is disabled.
PLASPPlanner-seq,classical-domains,elevators-00-full,f24-1,2000,ERROR,,,,,,1.967,126.0,UPProblemDefinitionError: Name p5 already defined! Different elements of a problem can have the same name if the environment flag error_used_name is disabled.
PLASPPlanner-seq,classical-domains,elevators-00-full,f24-2,2000,ERROR,,,,,,1.93,130.0,UPProblemDefinitionError: Name p18 already defined! Different elements of a problem can have the same name if the environment flag error_used_name is disabled.
PLASPPlanner-seq,classical-domains,elevators-00-full,f24-3,2000,ERROR,,,,,,1.78,130.0,UPProblemDefinitionError: Name p3 already defined! Different elements of a problem can have the same name if the environment flag error_used_name is disabled.
PLASPPlanner-seq,classical-domains,elevators-00-full,f24-4,2000,ERROR,,,,,,1.801,130.0,UPProblemDefinitionError: Name p6 already defined! Different elements of a problem can have the same name if the environment flag error_used_name is disabled.
PLASPPlanner-seq,classical-domains,elevators-00-full,f25-0,2000,ERROR,,,,,,1.863,128.0,UPProblemDefinitionError: Name p11 already defined! Different elements of a problem can have the same name if the environment flag error_used_name is disabled.
PLASPPlanner-seq,classical-domains,elevators-00-full,f25-1,2000,ERROR,,,,,,1.887,130.0,UPProblemDefinitionError: Name p5 already defined! Different elements of a problem can have the same name if the environment flag error_used_name is disabled.
PLASPPlanner-seq,classical-domains,elevators-00-full,f25-2,2000,ERROR,,,,,,1.934,130.0,UPProblemDefinitionError: Name p24 already defined! Different elements of a problem can have the same name if the environment flag error_used_name is disabled.
PLASPPlanner-seq,classical-domains,elevators-00-full,f25-3,2000,ERROR,,,,,,1.826,130.0,UPProblemDefinitionError: Name p11 already defined! Different elements of a problem can have the same name if the environment flag error_used_name is disabled.
PLASPPlanner-seq,classical-domains,elevators-00-full,f25-4,2000,ERROR,,,,,,1.86,130.0,UPProblemDefinitionError: Name p13 already defined! Different elements of a problem can have the same name if the environment flag error_used_name is disabled.
PLASPPlanner-seq,classical-domains,elevators-00-full,f26-0,2000,ERROR,,,,,,1.908,132.0,UPProblemDefinitionError: Name p10 already defined! Different elements of a problem can have the same name if the environment flag error_used_name is disabled.
PLASPPlanner-seq,classical-domains,elevators-00-full,f26-1,2000,ERROR,,,,,,1.845,132.0,UPProblemDefinitionError: Name p1 already defined! Different elements of a problem can have the same name if the environment flag error_used_name is disabled.
PLASPPlanner-seq,classical-domains,elevators-00-full,f26-2,2000,ERROR,,,,,,1.901,132.0,UPProblemDefinitionError: Name p18 already defined! Different elements of a problem can have the same name if the environment flag error_used_name is disabled.
PLASPPlanner-seq,classical-domains,elevators-00-full,f26-3,2000,ERROR,,,,,,1.883,132.0,UPProblemDefinitionError: Name p23 already defined! Different elements of a problem can have the same name if the environment flag error_used_name is disabled.
PLASPPlanner-seq,classical-domains,elevators-00-full,f26-4,2000,ERROR,,,,,,1.844,132.0,UPProblemDefinitionError: Name p8 already defined! Different elements of a problem can have the same name if the environment flag error_used_name is disabled.
PLASPPlanner-seq,classical-domains,elevators-00-full,f27-0,2000,ERROR,,,,,,1.974,132.0,UPProblemDefinitionError: Name p25 already defined! Different elements of a problem can have the same name if the environment flag error_used_name is disabled.
PLASPPlanner-seq,classical-domains,elevators-00-full,f27-1,2000,ERROR,,,,,,1.962,132.0,UPProblemDefinitionError: Name p14 already defined! Different elements of a problem can have the same name if the environment flag error_used_name is disabled.
PLASPPlanner-seq,classical-domains,elevators-00-full,f27-2,2000,ERROR,,,,,,1.934,132.0,UPProblemDefinitionError: Name p12 already defined! Different elements of a problem can have the same name if the environment flag error_used_name is disabled.
PLASPPlanner-seq,classical-domains,elevators-00-full,f27-3,2000,ERROR,,,,,,2.0,128.0,UPProblemDefinitionError: Name p21 already defined! Different elements of a problem can have the same name if the environment flag error_used_name is disabled.
PLASPPlanner-seq,classical-domains,elevators-00-full,f27-4,2000,ERROR,,,,,,1.983,130.0,UPProblemDefinitionError: Name p20 already defined! Different elements of a problem can have the same name if the environment flag error_used_name is disabled.
PLASPPlanner-seq,classical-domains,elevators-00-full,f28-0,2000,ERROR,,,,,,2.0,134.0,UPProblemDefinitionError: Name p19 already defined! Different elements of a problem can have the same name if the environment flag error_used_name is disabled.
PLASPPlanner-seq,classical-domains,elevators-00-full,f28-1,2000,ERROR,,,,,,1.93,132.0,UPProblemDefinitionError: Name p7 already defined! Different elements of a problem can have the same name if the environment flag error_used_name is disabled.
PLASPPlanner-seq,classical-domains,elevators-00-full,f28-2,2000,ERROR,,,,,,2.009,134.0,UPProblemDefinitionError: Name p2 already defined! Different elements of a problem can have the same name if the environment flag error_used_name is disabled.
PLASPPlanner-seq,classical-domains,elevators-00-full,f28-3,2000,ERROR,,,,,,1.974,134.0,UPProblemDefinitionError: Name p21 already defined! Different elements of a problem can have the same name if the environment flag error_used_name is disabled.
PLASPPlanner-seq,classical-domains,elevators-00-full,f28-4,2000,ERROR,,,,,,2.048,134.0,UPProblemDefinitionError: Name p6 already defined! Different elements of a problem can have the same name if the environment flag error_used_name is disabled.
PLASPPlanner-seq,classical-domains,elevators-00-full,f29-0,2000,ERROR,,,,,,2.032,134.0,UPProblemDefinitionError: Name p3 already defined! Different elements of a problem can have the same name if the environment flag error_used_name is disabled.
PLASPPlanner-seq,classical-domains,elevators-00-full,f29-1,2000,ERROR,,,,,,1.976,134.0,UPProblemDefinitionError: Name p18 already defined! Different elements of a problem can have the same name if the environment flag error_used_name is disabled.
PLASPPlanner-seq,classical-domains,elevators-00-full,f29-2,2000,ERROR,,,,,,2.03,134.0,UPProblemDefinitionError: Name p23 already defined! Different elements of a problem can have the same name if the environment flag error_used_name is disabled.
PLASPPlanner-seq,classical-domains,elevators-00-full,f29-3,2000,ERROR,,,,,,2.036,134.0,UPProblemDefinitionError: Name p10 already defined! Different elements of a problem can have the same name if the environment flag error_used_name is disabled.
PLASPPlanner-seq,classical-domains,elevators-00-full,f29-4,2000,ERROR,,,,,,2.056,132.0,UPProblemDefinitionError: Name p27 already defined! Different elements of a problem can have the same name if the environment flag error_used_name is disabled.
PLASPPlanner-seq,classical-domains,elevators-00-full,f3-0,2000,EXHAUSTED,,,,0.122,111.677,113.04,280.42,No plan found up to horizon 1000 (the task may be solvable with a longer horizon).
PLASPPlanner-seq,classical-domains,elevators-00-full,f3-1,2000,EXHAUSTED,,,,0.124,113.73,115.098,277.04,No plan found up to horizon 1000 (the task may be solvable with a longer horizon).
PLASPPlanner-seq,classical-domains,elevators-00-full,f3-2,2000,EXHAUSTED,,,,0.115,111.717,113.077,278.92,No plan found up to horizon 1000 (the task may be solvable with a longer horizon).
PLASPPlanner-seq,classical-domains,elevators-00-full,f3-3,2000,EXHAUSTED,,,,0.115,110.124,111.477,278.14,No plan found up to horizon 1000 (the task may be solvable with a longer horizon).
PLASPPlanner-seq,classical-domains,elevators-00-full,f3-4,2000,EXHAUSTED,,,,0.115,111.722,113.097,280.29,No plan found up to horizon 1000 (the task may be solvable with a longer horizon).
PLASPPlanner-seq,classical-domains,elevators-00-full,f30-0,2000,ERROR,,,,,,2.229,134.0,UPProblemDefinitionError: Name p23 already defined! Different elements of a problem can have the same name if the environment flag error_used_name is disabled.
PLASPPlanner-seq,classical-domains,elevators-00-full,f30-1,2000,ERROR,,,,,,2.198,134.0,UPProblemDefinitionError: Name p10 already defined! Different elements of a problem can have the same name if the environment flag error_used_name is disabled.
PLASPPlanner-seq,classical-domains,elevators-00-full,f30-2,2000,ERROR,,,,,,2.216,134.0,UPProblemDefinitionError: Name p24 already defined! Different elements of a problem can have the same name if the environment flag error_used_name is disabled.
PLASPPlanner-seq,classical-domains,elevators-00-full,f30-3,2000,ERROR,,,,,,2.242,132.0,UPProblemDefinitionError: Name p9 already defined! Different elements of a problem can have the same name if the environment flag error_used_name is disabled.
PLASPPlanner-seq,classical-domains,elevators-00-full,f30-4,2000,ERROR,,,,,,2.172,136.0,UPProblemDefinitionError: Name p28 already defined! Different elements of a problem can have the same name if the environment flag error_used_name is disabled.
PLASPPlanner-seq,classical-domains,elevators-00-full,f4-0,2000,EXHAUSTED,,,,0.132,159.219,160.628,377.2,No plan found up to horizon 1000 (the task may be solvable with a longer horizon).
PLASPPlanner-seq,classical-domains,elevators-00-full,f4-1,2000,EXHAUSTED,,,,0.124,164.713,166.061,380.69,No plan found up to horizon 1000 (the task may be solvable with a longer horizon).
PLASPPlanner-seq,classical-domains,elevators-00-full,f4-2,2000,EXHAUSTED,,,,0.124,157.713,159.059,380.7,No plan found up to horizon 1000 (the task may be solvable with a longer horizon).
PLASPPlanner-seq,classical-domains,elevators-00-full,f4-3,2000,EXHAUSTED,,,,0.122,159.099,160.444,379.84,No plan found up to horizon 1000 (the task may be solvable with a longer horizon).
PLASPPlanner-seq,classical-domains,elevators-00-full,f4-4,2000,EXHAUSTED,,,,0.124,161.631,163.031,378.77,No plan found up to horizon 1000 (the task may be solvable with a longer horizon).
PLASPPlanner-seq,classical-domains,elevators-00-full,f5-0,2000,ERROR,,,,,,1.338,122.0,UPProblemDefinitionError: Name p3 already defined! Different elements of a problem can have the same name if the environment flag error_used_name is disabled.
PLASPPlanner-seq,classical-domains,elevators-00-full,f5-1,2000,ERROR,,,,,,1.329,122.0,UPProblemDefinitionError: Name p0 already defined! Different elements of a problem can have the same name if the environment flag error_used_name is disabled.
PLASPPlanner-seq,classical-domains,elevators-00-full,f5-2,2000,ERROR,,,,,,1.447,120.0,UPProblemDefinitionError: Name p3 already defined! Different elements of a problem can have the same name if the environment flag error_used_name is disabled.
PLASPPlanner-seq,classical-domains,elevators-00-full,f5-3,2000,ERROR,,,,,,1.412,122.0,UPProblemDefinitionError: Name p3 already defined! Different elements of a problem can have the same name if the environment flag error_used_name is disabled.
PLASPPlanner-seq,classical-domains,elevators-00-full,f5-4,2000,ERROR,,,,,,1.321,120.0,UPProblemDefinitionError: Name p0 already defined! Different elements of a problem can have the same name if the environment flag error_used_name is disabled.
PLASPPlanner-seq,classical-domains,elevators-00-full,f6-0,2000,ERROR,,,,,,1.413,122.0,UPProblemDefinitionError: Name p1 already defined! Different elements of a problem can have the same name if the environment flag error_used_name is disabled.
PLASPPlanner-seq,classical-domains,elevators-00-full,f6-1,2000,ERROR,,,,,,1.461,120.0,UPProblemDefinitionError: Name p2 already defined! Different elements of a problem can have the same name if the environment flag error_used_name is disabled.
PLASPPlanner-seq,classical-domains,elevators-00-full,f6-2,2000,ERROR,,,,,,1.392,122.0,UPProblemDefinitionError: Name p1 already defined! Different elements of a problem can have the same name if the environment flag error_used_name is disabled.
PLASPPlanner-seq,classical-domains,elevators-00-full,f6-3,2000,ERROR,,,,,,1.442,122.0,UPProblemDefinitionError: Name p5 already defined! Different elements of a problem can have the same name if the environment flag error_used_name is disabled.
PLASPPlanner-seq,classical-domains,elevators-00-full,f6-4,2000,ERROR,,,,,,1.389,120.0,UPProblemDefinitionError: Name p3 already defined! Different elements of a problem can have the same name if the environment flag error_used_name is disabled.
PLASPPlanner-seq,classical-domains,elevators-00-full,f7-0,2000,ERROR,,,,,,1.444,118.0,UPProblemDefinitionError: Name p1 already defined! Different elements of a problem can have the same name if the environment flag error_used_name is disabled.
PLASPPlanner-seq,classical-domains,elevators-00-full,f7-1,2000,ERROR,,,,,,1.458,122.0,UPProblemDefinitionError: Name p1 already defined! Different elements of a problem can have the same name if the environment flag error_used_name is disabled.
PLASPPlanner-seq,classical-domains,elevators-00-full,f7-2,2000,ERROR,,,,,,1.444,120.0,UPProblemDefinitionError: Name p2 already defined! Different elements of a problem can have the same name if the environment flag error_used_name is disabled.
PLASPPlanner-seq,classical-domains,elevators-00-full,f7-3,2000,ERROR,,,,,,1.416,120.0,UPProblemDefinitionError: Name p0 already defined! Different elements of a problem can have the same name if the environment flag error_used_name is disabled.
PLASPPlanner-seq,classical-domains,elevators-00-full,f7-4,2000,ERROR,,,,,,1.419,122.0,UPProblemDefinitionError: Name p5 already defined! Different elements of a problem can have the same name if the environment flag error_used_name is disabled.
PLASPPlanner-seq,classical-domains,elevators-00-full,f8-0,2000,ERROR,,,,,,1.441,120.0,UPProblemDefinitionError: Name p7 already defined! Different elements of a problem can have the same name if the environment flag error_used_name is disabled.
PLASPPlanner-seq,classical-domains,elevators-00-full,f8-1,2000,ERROR,,,,,,1.508,122.0,UPProblemDefinitionError: Name p0 already defined! Different elements of a problem can have the same name if the environment flag error_used_name is disabled.
PLASPPlanner-seq,classical-domains,elevators-00-full,f8-2,2000,ERROR,,,,,,1.5,122.0,UPProblemDefinitionError: Name p3 already defined! Different elements of a problem can have the same name if the environment flag error_used_name is disabled.
PLASPPlanner-seq,classical-domains,elevators-00-full,f8-3,2000,EXHAUSTED,,,,0.261,456.76,458.201,1341.36,No plan found up to horizon 1000 (the task may be solvable with a longer horizon).
PLASPPlanner-seq,classical-domains,elevators-00-full,f8-4,2000,ERROR,,,,,,1.408,122.0,UPProblemDefinitionError: Name p7 already defined! Different elements of a problem can have the same name if the environment flag error_used_name is disabled.
PLASPPlanner-seq,classical-domains,elevators-00-full,f9-0,2000,ERROR,,,,,,1.427,120.0,UPProblemDefinitionError: Name p1 already defined! Different elements of a problem can have the same name if the environment flag error_used_name is disabled.
PLASPPlanner-seq,classical-domains,elevators-00-full,f9-1,2000,ERROR,,,,,,1.5,122.0,UPProblemDefinitionError: Name p2 already defined! Different elements of a problem can have the same name if the environment flag error_used_name is disabled.
PLASPPlanner-seq,classical-domains,elevators-00-full,f9-2,2000,ERROR,,,,,,1.493,122.0,UPProblemDefinitionError: Name p4 already defined! Different elements of a problem can have the same name if the environment flag error_used_name is disabled.
PLASPPlanner-seq,classical-domains,elevators-00-full,f9-3,2000,ERROR,,,,,,1.507,122.0,UPProblemDefinitionError: Name p2 already defined! Different elements of a problem can have the same name if the environment flag error_used_name is disabled.
PLASPPlanner-seq,classical-domains,elevators-00-full,f9-4,2000,ERROR,,,,,,1.469,122.0,UPProblemDefinitionError: Name p0 already defined! Different elements of a problem can have the same name if the environment flag error_used_name is disabled.
PLASPPlanner-seq,classical-domains,elevators-00-strips,s1-0,2000,SOLVED,True,4,,0.047,0.023,1.252,122.0,
PLASPPlanner-seq,classical-domains,elevators-00-strips,s1-1,2000,SOLVED,True,3,,0.047,0.02,1.193,120.0,
PLASPPlanner-seq,classical-domains,elevators-00-strips,s1-2,2000,SOLVED,True,4,,0.045,0.022,1.18,120.0,
PLASPPlanner-seq,classical-domains,elevators-00-strips,s1-3,2000,SOLVED,True,4,,0.046,0.023,1.198,122.0,
PLASPPlanner-seq,classical-domains,elevators-00-strips,s1-4,2000,SOLVED,True,4,,0.046,0.021,1.181,122.0,
PLASPPlanner-seq,classical-domains,elevators-00-strips,s10-0,2000,TIMEOUT,,,,0.194,,1800.103,202.58,Hit the task time limit.
PLASPPlanner-seq,classical-domains,elevators-00-strips,s10-1,2000,TIMEOUT,,,,0.177,,1800.104,199.89,Hit the task time limit.
PLASPPlanner-seq,classical-domains,elevators-00-strips,s10-2,2000,TIMEOUT,,,,0.195,,1800.101,204.02,Hit the task time limit.
PLASPPlanner-seq,classical-domains,elevators-00-strips,s10-3,2000,TIMEOUT,,,,0.2,,1800.112,211.62,Hit the task time limit.
PLASPPlanner-seq,classical-domains,elevators-00-strips,s10-4,2000,TIMEOUT,,,,0.204,,1800.092,195.09,Hit the task time limit.
PLASPPlanner-seq,classical-domains,elevators-00-strips,s11-0,2000,TIMEOUT,,,,0.225,,1800.118,213.77,Hit the task time limit.
PLASPPlanner-seq,classical-domains,elevators-00-strips,s11-1,2000,TIMEOUT,,,,0.215,,1800.106,207.53,Hit the task time limit.
PLASPPlanner-seq,classical-domains,elevators-00-strips,s11-2,2000,TIMEOUT,,,,0.225,,1800.109,205.8,Hit the task time limit.
PLASPPlanner-seq,classical-domains,elevators-00-strips,s11-3,2000,TIMEOUT,,,,0.222,,1800.108,217.26,Hit the task time limit.
PLASPPlanner-seq,classical-domains,elevators-00-strips,s11-4,2000,TIMEOUT,,,,0.225,,1800.108,207.99,Hit the task time limit.
PLASPPlanner-seq,classical-domains,elevators-00-strips,s12-0,2000,TIMEOUT,,,,0.235,,1800.123,218.27,Hit the task time limit.
PLASPPlanner-seq,classical-domains,elevators-00-strips,s12-1,2000,TIMEOUT,,,,0.251,,1800.12,213.36,Hit the task time limit.
PLASPPlanner-seq,classical-domains,elevators-00-strips,s12-2,2000,TIMEOUT,,,,0.255,,1800.119,226.14,Hit the task time limit.
PLASPPlanner-seq,classical-domains,elevators-00-strips,s12-3,2000,TIMEOUT,,,,0.253,,1800.139,228.97,Hit the task time limit.
PLASPPlanner-seq,classical-domains,elevators-00-strips,s12-4,2000,TIMEOUT,,,,0.241,,1800.112,208.28,Hit the task time limit.
PLASPPlanner-seq,classical-domains,elevators-00-strips,s13-0,2000,TIMEOUT,,,,0.272,,1800.13,226.84,Hit the task time limit.
PLASPPlanner-seq,classical-domains,elevators-00-strips,s13-1,2000,TIMEOUT,,,,0.271,,1800.13,227.74,Hit the task time limit.
PLASPPlanner-seq,classical-domains,elevators-00-strips,s13-2,2000,TIMEOUT,,,,0.27,,1800.127,231.73,Hit the task time limit.
PLASPPlanner-seq,classical-domains,elevators-00-strips,s13-3,2000,TIMEOUT,,,,0.278,,1800.133,226.3,Hit the task time limit.
PLASPPlanner-seq,classical-domains,elevators-00-strips,s13-4,2000,TIMEOUT,,,,0.277,,1800.135,238.79,Hit the task time limit.
PLASPPlanner-seq,classical-domains,elevators-00-strips,s14-0,2000,TIMEOUT,,,,0.293,,1800.138,245.42,Hit the task time limit.
PLASPPlanner-seq,classical-domains,elevators-00-strips,s14-1,2000,TIMEOUT,,,,0.303,,1800.136,232.32,Hit the task time limit.
PLASPPlanner-seq,classical-domains,elevators-00-strips,s14-2,2000,TIMEOUT,,,,0.306,,1800.133,242.21,Hit the task time limit.
PLASPPlanner-seq,classical-domains,elevators-00-strips,s14-3,2000,TIMEOUT,,,,0.285,,1800.133,231.95,Hit the task time limit.
PLASPPlanner-seq,classical-domains,elevators-00-strips,s14-4,2000,TIMEOUT,,,,0.31,,1800.143,225.65,Hit the task time limit.
PLASPPlanner-seq,classical-domains,elevators-00-strips,s15-0,2000,TIMEOUT,,,,0.321,,1800.154,232.18,Hit the task time limit.
PLASPPlanner-seq,classical-domains,elevators-00-strips,s15-1,2000,TIMEOUT,,,,0.319,,1800.145,289.32,Hit the task time limit.
PLASPPlanner-seq,classical-domains,elevators-00-strips,s15-2,2000,TIMEOUT,,,,0.321,,1800.146,250.4,Hit the task time limit.
PLASPPlanner-seq,classical-domains,elevators-00-strips,s15-3,2000,TIMEOUT,,,,0.339,,1800.15,246.03,Hit the task time limit.
PLASPPlanner-seq,classical-domains,elevators-00-strips,s15-4,2000,TIMEOUT,,,,0.332,,1800.148,234.93,Hit the task time limit.
PLASPPlanner-seq,classical-domains,elevators-00-strips,s16-0,2000,TIMEOUT,,,,0.388,,1800.173,255.2,Hit the task time limit.
PLASPPlanner-seq,classical-domains,elevators-00-strips,s16-1,2000,TIMEOUT,,,,0.369,,1800.185,234.41,Hit the task time limit.
PLASPPlanner-seq,classical-domains,elevators-00-strips,s16-2,2000,TIMEOUT,,,,0.368,,1800.176,258.45,Hit the task time limit.
PLASPPlanner-seq,classical-domains,elevators-00-strips,s16-3,2000,TIMEOUT,,,,0.377,,1800.173,268.05,Hit the task time limit.
PLASPPlanner-seq,classical-domains,elevators-00-strips,s16-4,2000,TIMEOUT,,,,0.38,,1800.186,235.48,Hit the task time limit.
PLASPPlanner-seq,classical-domains,elevators-00-strips,s17-0,2000,TIMEOUT,,,,0.423,,1800.167,254.54,Hit the task time limit.
PLASPPlanner-seq,classical-domains,elevators-00-strips,s17-1,2000,TIMEOUT,,,,0.431,,1800.167,246.5,Hit the task time limit.
PLASPPlanner-seq,classical-domains,elevators-00-strips,s17-2,2000,TIMEOUT,,,,0.416,,1800.17,241.25,Hit the task time limit.
PLASPPlanner-seq,classical-domains,elevators-00-strips,s17-3,2000,TIMEOUT,,,,0.439,,1800.182,284.59,Hit the task time limit.
PLASPPlanner-seq,classical-domains,elevators-00-strips,s17-4,2000,TIMEOUT,,,,0.447,,1800.169,250.73,Hit the task time limit.
PLASPPlanner-seq,classical-domains,elevators-00-strips,s18-0,2000,TIMEOUT,,,,0.481,,1800.191,204.4,Hit the task time limit.
PLASPPlanner-seq,classical-domains,elevators-00-strips,s18-1,2000,TIMEOUT,,,,0.413,,1800.191,259.06,Hit the task time limit.
PLASPPlanner-seq,classical-domains,elevators-00-strips,s18-2,2000,TIMEOUT,,,,0.412,,1800.184,251.84,Hit the task time limit.
PLASPPlanner-seq,classical-domains,elevators-00-strips,s18-3,2000,TIMEOUT,,,,0.444,,1800.21,272.04,Hit the task time limit.
PLASPPlanner-seq,classical-domains,elevators-00-strips,s18-4,2000,TIMEOUT,,,,0.414,,1800.201,281.98,Hit the task time limit.
PLASPPlanner-seq,classical-domains,elevators-00-strips,s19-0,2000,TIMEOUT,,,,0.467,,1800.216,281.03,Hit the task time limit.
PLASPPlanner-seq,classical-domains,elevators-00-strips,s19-1,2000,TIMEOUT,,,,0.487,,1800.225,289.91,Hit the task time limit.
PLASPPlanner-seq,classical-domains,elevators-00-strips,s19-2,2000,TIMEOUT,,,,0.492,,1800.21,268.66,Hit the task time limit.
PLASPPlanner-seq,classical-domains,elevators-00-strips,s19-3,2000,TIMEOUT,,,,0.444,,1800.198,373.77,Hit the task time limit.
PLASPPlanner-seq,classical-domains,elevators-00-strips,s19-4,2000,TIMEOUT,,,,0.439,,1800.187,269.16,Hit the task time limit.
PLASPPlanner-seq,classical-domains,elevators-00-strips,s2-0,2000,SOLVED,True,7,,0.049,0.03,1.194,122.0,
PLASPPlanner-seq,classical-domains,elevators-00-strips,s2-1,2000,SOLVED,True,7,,0.05,0.032,1.203,122.0,
PLASPPlanner-seq,classical-domains,elevators-00-strips,s2-2,2000,SOLVED,True,7,,0.049,0.032,1.205,122.0,
PLASPPlanner-seq,classical-domains,elevators-00-strips,s2-3,2000,SOLVED,True,7,,0.049,0.031,1.188,124.0,
PLASPPlanner-seq,classical-domains,elevators-00-strips,s2-4,2000,SOLVED,True,7,,0.05,0.033,1.219,124.0,
PLASPPlanner-seq,classical-domains,elevators-00-strips,s20-0,2000,TIMEOUT,,,,0.493,,1800.215,283.89,Hit the task time limit.
PLASPPlanner-seq,classical-domains,elevators-00-strips,s20-1,2000,TIMEOUT,,,,0.557,,1800.209,291.87,Hit the task time limit.
PLASPPlanner-seq,classical-domains,elevators-00-strips,s20-2,2000,TIMEOUT,,,,0.495,,1800.22,293.7,Hit the task time limit.
PLASPPlanner-seq,classical-domains,elevators-00-strips,s20-3,2000,TIMEOUT,,,,0.494,,1800.221,274.14,Hit the task time limit.
PLASPPlanner-seq,classical-domains,elevators-00-strips,s20-4,2000,TIMEOUT,,,,0.493,,1800.231,275.18,Hit the task time limit.
PLASPPlanner-seq,classical-domains,elevators-00-strips,s21-0,2000,TIMEOUT,,,,0.535,,1800.231,323.27,Hit the task time limit.
PLASPPlanner-seq,classical-domains,elevators-00-strips,s21-1,2000,TIMEOUT,,,,0.591,,1800.232,288.41,Hit the task time limit.
PLASPPlanner-seq,classical-domains,elevators-00-strips,s21-2,2000,TIMEOUT,,,,0.559,,1800.218,252.04,Hit the task time limit.
PLASPPlanner-seq,classical-domains,elevators-00-strips,s21-3,2000,TIMEOUT,,,,0.531,,1800.225,283.94,Hit the task time limit.
PLASPPlanner-seq,classical-domains,elevators-00-strips,s21-4,2000,TIMEOUT,,,,0.532,,1800.231,291.66,Hit the task time limit.
PLASPPlanner-seq,classical-domains,elevators-00-strips,s22-0,2000,TIMEOUT,,,,0.58,,1800.373,302.13,Hit the task time limit.
PLASPPlanner-seq,classical-domains,elevators-00-strips,s22-1,2000,TIMEOUT,,,,0.579,,1800.347,285.83,Hit the task time limit.
PLASPPlanner-seq,classical-domains,elevators-00-strips,s22-2,2000,TIMEOUT,,,,0.616,,1800.35,276.71,Hit the task time limit.
PLASPPlanner-seq,classical-domains,elevators-00-strips,s22-3,2000,TIMEOUT,,,,0.569,,1800.365,299.89,Hit the task time limit.
PLASPPlanner-seq,classical-domains,elevators-00-strips,s22-4,2000,TIMEOUT,,,,0.633,,1800.351,302.53,Hit the task time limit.
PLASPPlanner-seq,classical-domains,elevators-00-strips,s23-0,2000,TIMEOUT,,,,0.691,,1800.264,338.25,Hit the task time limit.
PLASPPlanner-seq,classical-domains,elevators-00-strips,s23-1,2000,TIMEOUT,,,,0.756,,1800.27,292.29,Hit the task time limit.
PLASPPlanner-seq,classical-domains,elevators-00-strips,s23-2,2000,TIMEOUT,,,,0.754,,1800.269,333.82,Hit the task time limit.
PLASPPlanner-seq,classical-domains,elevators-00-strips,s23-3,2000,TIMEOUT,,,,0.745,,1800.285,326.34,Hit the task time limit.
PLASPPlanner-seq,classical-domains,elevators-00-strips,s23-4,2000,TIMEOUT,,,,0.737,,1800.274,306.15,Hit the task time limit.
PLASPPlanner-seq,classical-domains,elevators-00-strips,s24-0,2000,TIMEOUT,,,,0.762,,1800.301,340.04,Hit the task time limit.
PLASPPlanner-seq,classical-domains,elevators-00-strips,s24-1,2000,TIMEOUT,,,,0.781,,1800.27,325.6,Hit the task time limit.
PLASPPlanner-seq,classical-domains,elevators-00-strips,s24-2,2000,TIMEOUT,,,,0.823,,1800.289,332.7,Hit the task time limit.
PLASPPlanner-seq,classical-domains,elevators-00-strips,s24-3,2000,TIMEOUT,,,,0.77,,1800.275,367.55,Hit the task time limit.
PLASPPlanner-seq,classical-domains,elevators-00-strips,s24-4,2000,TIMEOUT,,,,0.759,,1800.308,299.87,Hit the task time limit.
PLASPPlanner-seq,classical-domains,elevators-00-strips,s25-0,2000,TIMEOUT,,,,0.807,,1800.311,319.98,Hit the task time limit.
PLASPPlanner-seq,classical-domains,elevators-00-strips,s25-1,2000,TIMEOUT,,,,0.821,,1800.325,353.85,Hit the task time limit.
PLASPPlanner-seq,classical-domains,elevators-00-strips,s25-2,2000,TIMEOUT,,,,0.818,,1800.308,335.55,Hit the task time limit.
PLASPPlanner-seq,classical-domains,elevators-00-strips,s25-3,2000,TIMEOUT,,,,0.812,,1800.296,350.64,Hit the task time limit.
PLASPPlanner-seq,classical-domains,elevators-00-strips,s25-4,2000,TIMEOUT,,,,0.795,,1800.317,327.39,Hit the task time limit.
PLASPPlanner-seq,classical-domains,elevators-00-strips,s26-0,2000,TIMEOUT,,,,0.858,,1800.333,391.48,Hit the task time limit.
PLASPPlanner-seq,classical-domains,elevators-00-strips,s26-1,2000,TIMEOUT,,,,0.895,,1800.33,388.45,Hit the task time limit.
PLASPPlanner-seq,classical-domains,elevators-00-strips,s26-2,2000,TIMEOUT,,,,0.896,,1800.326,339.25,Hit the task time limit.
PLASPPlanner-seq,classical-domains,elevators-00-strips,s26-3,2000,TIMEOUT,,,,0.893,,1800.317,380.38,Hit the task time limit.
PLASPPlanner-seq,classical-domains,elevators-00-strips,s26-4,2000,TIMEOUT,,,,0.892,,1800.332,335.53,Hit the task time limit.
PLASPPlanner-seq,classical-domains,elevators-00-strips,s27-0,2000,TIMEOUT,,,,0.949,,1800.336,312.06,Hit the task time limit.
PLASPPlanner-seq,classical-domains,elevators-00-strips,s27-1,2000,TIMEOUT,,,,1.001,,1800.324,336.12,Hit the task time limit.
PLASPPlanner-seq,classical-domains,elevators-00-strips,s27-2,2000,TIMEOUT,,,,1.062,,1800.339,444.57,Hit the task time limit.
PLASPPlanner-seq,classical-domains,elevators-00-strips,s27-3,2000,TIMEOUT,,,,0.995,,1800.359,360.98,Hit the task time limit.
PLASPPlanner-seq,classical-domains,elevators-00-strips,s27-4,2000,TIMEOUT,,,,1.025,,1800.346,363.16,Hit the task time limit.
PLASPPlanner-seq,classical-domains,elevators-00-strips,s28-0,2000,TIMEOUT,,,,1.061,,1800.352,403.02,Hit the task time limit.
PLASPPlanner-seq,classical-domains,elevators-00-strips,s28-1,2000,TIMEOUT,,,,1.112,,1800.345,353.36,Hit the task time limit.
PLASPPlanner-seq,classical-domains,elevators-00-strips,s28-2,2000,TIMEOUT,,,,1.048,,1800.359,384.66,Hit the task time limit.
PLASPPlanner-seq,classical-domains,elevators-00-strips,s28-3,2000,TIMEOUT,,,,1.067,,1800.343,361.07,Hit the task time limit.
PLASPPlanner-seq,classical-domains,elevators-00-strips,s28-4,2000,TIMEOUT,,,,1.142,,1800.345,329.44,Hit the task time limit.
PLASPPlanner-seq,classical-domains,elevators-00-strips,s29-0,2000,TIMEOUT,,,,0.932,,1800.343,346.54,Hit the task time limit.
PLASPPlanner-seq,classical-domains,elevators-00-strips,s29-1,2000,TIMEOUT,,,,0.926,,1800.361,389.93,Hit the task time limit.
PLASPPlanner-seq,classical-domains,elevators-00-strips,s29-2,2000,TIMEOUT,,,,0.914,,1800.334,466.78,Hit the task time limit.
PLASPPlanner-seq,classical-domains,elevators-00-strips,s29-3,2000,TIMEOUT,,,,1.153,,1800.402,349.68,Hit the task time limit.
PLASPPlanner-seq,classical-domains,elevators-00-strips,s29-4,2000,TIMEOUT,,,,1.101,,1800.378,416.75,Hit the task time limit.
PLASPPlanner-seq,classical-domains,elevators-00-strips,s3-0,2000,SOLVED,True,10,,0.055,0.099,1.274,120.0,
PLASPPlanner-seq,classical-domains,elevators-00-strips,s3-1,2000,SOLVED,True,11,,0.054,0.147,1.322,124.0,
PLASPPlanner-seq,classical-domains,elevators-00-strips,s3-2,2000,SOLVED,True,10,,0.056,0.071,1.255,124.0,
PLASPPlanner-seq,classical-domains,elevators-00-strips,s3-3,2000,SOLVED,True,10,,0.055,0.102,1.278,124.0,
PLASPPlanner-seq,classical-domains,elevators-00-strips,s3-4,2000,SOLVED,True,10,,0.055,0.08,1.269,122.0,
PLASPPlanner-seq,classical-domains,elevators-00-strips,s30-0,2000,TIMEOUT,,,,1.126,,1800.569,398.13,Hit the task time limit.
PLASPPlanner-seq,classical-domains,elevators-00-strips,s30-1,2000,TIMEOUT,,,,1.142,,1800.537,403.99,Hit the task time limit.
PLASPPlanner-seq,classical-domains,elevators-00-strips,s30-2,2000,TIMEOUT,,,,1.159,,1800.559,397.72,Hit the task time limit.
PLASPPlanner-seq,classical-domains,elevators-00-strips,s30-3,2000,TIMEOUT,,,,1.12,,1800.586,403.36,Hit the task time limit.
PLASPPlanner-seq,classical-domains,elevators-00-strips,s30-4,2000,TIMEOUT,,,,1.122,,1800.532,406.34,Hit the task time limit.
PLASPPlanner-seq,classical-domains,elevators-00-strips,s4-0,2000,SOLVED,True,14,,0.06,2.852,4.02,128.0,
PLASPPlanner-seq,classical-domains,elevators-00-strips,s4-1,2000,SOLVED,True,13,,0.062,1.993,3.175,128.0,
PLASPPlanner-seq,classical-domains,elevators-00-strips,s4-2,2000,SOLVED,True,15,,0.062,4.405,5.6,128.0,
PLASPPlanner-seq,classical-domains,elevators-00-strips,s4-3,2000,SOLVED,True,15,,0.06,4.26,5.451,130.0,
PLASPPlanner-seq,classical-domains,elevators-00-strips,s4-4,2000,SOLVED,True,15,,0.059,5.827,7.001,132.0,
PLASPPlanner-seq,classical-domains,elevators-00-strips,s5-0,2000,SOLVED,True,17,,0.069,44.149,45.349,138.0,
PLASPPlanner-seq,classical-domains,elevators-00-strips,s5-1,2000,SOLVED,True,17,,0.071,30.436,31.648,138.0,
PLASPPlanner-seq,classical-domains,elevators-00-strips,s5-2,2000,SOLVED,True,15,,0.079,8.091,9.354,132.0,
PLASPPlanner-seq,classical-domains,elevators-00-strips,s5-3,2000,SOLVED,True,17,,0.071,35.192,36.402,138.0,
PLASPPlanner-seq,classical-domains,elevators-00-strips,s5-4,2000,SOLVED,True,18,,0.069,101.125,102.324,144.0,
PLASPPlanner-seq,classical-domains,elevators-00-strips,s6-0,2000,SOLVED,True,19,,0.084,383.393,384.609,156.0,
PLASPPlanner-seq,classical-domains,elevators-00-strips,s6-1,2000,SOLVED,True,19,,0.084,550.497,551.709,162.0,
PLASPPlanner-seq,classical-domains,elevators-00-strips,s6-2,2000,SOLVED,True,20,,0.084,745.726,746.933,168.0,
PLASPPlanner-seq,classical-domains,elevators-00-strips,s6-3,2000,SOLVED,True,20,,0.082,523.692,524.89,162.0,
PLASPPlanner-seq,classical-domains,elevators-00-strips,s6-4,2000,SOLVED,True,21,,0.083,1085.768,1086.982,168.0,
PLASPPlanner-seq,classical-domains,elevators-00-strips,s7-0,2000,TIMEOUT,,,,0.094,,1800.085,180.0,Hit the task time limit.
PLASPPlanner-seq,classical-domains,elevators-00-strips,s7-1,2000,TIMEOUT,,,,0.096,,1800.076,178.0,Hit the task time limit.
PLASPPlanner-seq,classical-domains,elevators-00-strips,s7-2,2000,TIMEOUT,,,,0.095,,1800.077,178.0,Hit the task time limit.
PLASPPlanner-seq,classical-domains,elevators-00-strips,s7-3,2000,TIMEOUT,,,,0.094,,1800.085,180.0,Hit the task time limit.
PLASPPlanner-seq,classical-domains,elevators-00-strips,s7-4,2000,TIMEOUT,,,,0.096,,1800.068,176.0,Hit the task time limit.
PLASPPlanner-seq,classical-domains,elevators-00-strips,s8-0,2000,TIMEOUT,,,,0.107,,1800.091,188.0,Hit the task time limit.
PLASPPlanner-seq,classical-domains,elevators-00-strips,s8-1,2000,TIMEOUT,,,,0.108,,1800.081,188.0,Hit the task time limit.
PLASPPlanner-seq,classical-domains,elevators-00-strips,s8-2,2000,TIMEOUT,,,,0.11,,1800.082,188.0,Hit the task time limit.
PLASPPlanner-seq,classical-domains,elevators-00-strips,s8-3,2000,TIMEOUT,,,,0.11,,1800.079,184.0,Hit the task time limit.
PLASPPlanner-seq,classical-domains,elevators-00-strips,s8-4,2000,TIMEOUT,,,,0.108,,1800.088,188.0,Hit the task time limit.
PLASPPlanner-seq,classical-domains,elevators-00-strips,s9-0,2000,TIMEOUT,,,,0.175,,1800.073,196.0,Hit the task time limit.
PLASPPlanner-seq,classical-domains,elevators-00-strips,s9-1,2000,TIMEOUT,,,,0.173,,1800.095,188.0,Hit the task time limit.
PLASPPlanner-seq,classical-domains,elevators-00-strips,s9-2,2000,TIMEOUT,,,,0.181,,1800.091,198.0,Hit the task time limit.
PLASPPlanner-seq,classical-domains,elevators-00-strips,s9-3,2000,TIMEOUT,,,,0.171,,1800.099,200.0,Hit the task time limit.
PLASPPlanner-seq,classical-domains,elevators-00-strips,s9-4,2000,TIMEOUT,,,,0.178,,1800.084,196.0,Hit the task time limit.
PLASPPlanner-seq,classical-domains,elevators-opt08-strips,p01,2008,SOLVED,True,14,,0.206,35.137,36.513,150.0,
PLASPPlanner-seq,classical-domains,elevators-opt08-strips,p02,2008,SOLVED,True,9,,0.211,2.551,3.924,140.0,
PLASPPlanner-seq,classical-domains,elevators-opt08-strips,p03,2008,SOLVED,True,18,,0.209,958.59,960.005,173.59,
PLASPPlanner-seq,classical-domains,elevators-opt08-strips,p04,2008,TIMEOUT,,,,0.211,,1800.096,194.66,Hit the task time limit.
PLASPPlanner-seq,classical-domains,elevators-opt08-strips,p05,2008,TIMEOUT,,,,0.207,,1800.093,182.81,Hit the task time limit.
PLASPPlanner-seq,classical-domains,elevators-opt08-strips,p06,2008,TIMEOUT,,,,0.211,,1800.105,199.02,Hit the task time limit.
PLASPPlanner-seq,classical-domains,elevators-opt08-strips,p07,2008,TIMEOUT,,,,0.206,,1800.102,186.43,Hit the task time limit.
PLASPPlanner-seq,classical-domains,elevators-opt08-strips,p08,2008,TIMEOUT,,,,0.21,,1800.106,188.09,Hit the task time limit.
PLASPPlanner-seq,classical-domains,elevators-opt08-strips,p09,2008,TIMEOUT,,,,0.205,,1800.109,192.2,Hit the task time limit.
PLASPPlanner-seq,classical-domains,elevators-opt08-strips,p10,2008,TIMEOUT,,,,0.209,,1800.116,212.79,Hit the task time limit.
PLASPPlanner-seq,classical-domains,elevators-opt08-strips,p11,2008,SOLVED,True,17,,0.243,844.051,845.455,185.48,
PLASPPlanner-seq,classical-domains,elevators-opt08-strips,p12,2008,SOLVED,True,16,,0.248,145.3,146.695,175.27,
PLASPPlanner-seq,classical-domains,elevators-opt08-strips,p13,2008,SOLVED,True,15,,0.254,373.79,375.244,178.65,
PLASPPlanner-seq,classical-domains,elevators-opt08-strips,p14,2008,TIMEOUT,,,,0.241,,1800.14,204.09,Hit the task time limit.
PLASPPlanner-seq,classical-domains,elevators-opt08-strips,p15,2008,TIMEOUT,,,,0.271,,1800.134,209.12,Hit the task time limit.
PLASPPlanner-seq,classical-domains,elevators-opt08-strips,p16,2008,TIMEOUT,,,,0.25,,1800.159,233.73,Hit the task time limit.
PLASPPlanner-seq,classical-domains,elevators-opt08-strips,p17,2008,TIMEOUT,,,,0.248,,1800.14,211.63,Hit the task time limit.
PLASPPlanner-seq,classical-domains,elevators-opt08-strips,p18,2008,TIMEOUT,,,,0.255,,1800.156,228.59,Hit the task time limit.
PLASPPlanner-seq,classical-domains,elevators-opt08-strips,p19,2008,TIMEOUT,,,,0.249,,1800.149,212.5,Hit the task time limit.
PLASPPlanner-seq,classical-domains,elevators-opt08-strips,p20,2008,TIMEOUT,,,,0.262,,1800.153,220.62,Hit the task time limit.
PLASPPlanner-seq,classical-domains,elevators-opt08-strips,p21,2008,TIMEOUT,,,,0.254,,1800.116,195.91,Hit the task time limit.
PLASPPlanner-seq,classical-domains,elevators-opt08-strips,p22,2008,SOLVED,True,13,,0.263,170.524,171.978,175.4,
PLASPPlanner-seq,classical-domains,elevators-opt08-strips,p23,2008,TIMEOUT,,,,0.244,,1800.137,203.84,Hit the task time limit.
PLASPPlanner-seq,classical-domains,elevators-opt08-strips,p24,2008,TIMEOUT,,,,0.257,,1800.151,211.14,Hit the task time limit.
PLASPPlanner-seq,classical-domains,elevators-opt08-strips,p25,2008,TIMEOUT,,,,0.245,,1800.128,207.3,Hit the task time limit.
PLASPPlanner-seq,classical-domains,elevators-opt08-strips,p26,2008,TIMEOUT,,,,0.236,,1800.152,223.87,Hit the task time limit.
PLASPPlanner-seq,classical-domains,elevators-opt08-strips,p27,2008,TIMEOUT,,,,0.252,,1800.163,227.61,Hit the task time limit.
PLASPPlanner-seq,classical-domains,elevators-opt08-strips,p28,2008,TIMEOUT,,,,0.258,,1800.16,230.62,Hit the task time limit.
PLASPPlanner-seq,classical-domains,elevators-opt08-strips,p29,2008,TIMEOUT,,,,0.249,,1800.167,217.91,Hit the task time limit.
PLASPPlanner-seq,classical-domains,elevators-opt08-strips,p30,2008,TIMEOUT,,,,0.255,,1800.193,252.36,Hit the task time limit.
PLASPPlanner-seq,classical-domains,elevators-opt11-strips,p01,2011,SOLVED,True,17,,0.243,927.282,928.704,186.0,
PLASPPlanner-seq,classical-domains,elevators-opt11-strips,p02,2011,TIMEOUT,,,,0.231,,1800.121,202.36,Hit the task time limit.
PLASPPlanner-seq,classical-domains,elevators-opt11-strips,p03,2011,SOLVED,True,16,,0.227,131.532,132.913,175.51,
PLASPPlanner-seq,classical-domains,elevators-opt11-strips,p04,2011,SOLVED,True,18,,0.188,823.872,825.203,173.58,
PLASPPlanner-seq,classical-domains,elevators-opt11-strips,p05,2011,SOLVED,True,15,,0.225,331.224,332.59,177.38,
PLASPPlanner-seq,classical-domains,elevators-opt11-strips,p06,2011,TIMEOUT,,,,0.199,,1800.101,198.16,Hit the task time limit.
PLASPPlanner-seq,classical-domains,elevators-opt11-strips,p07,2011,TIMEOUT,,,,0.258,,1800.142,220.12,Hit the task time limit.
PLASPPlanner-seq,classical-domains,elevators-opt11-strips,p08,2011,TIMEOUT,,,,0.204,,1800.082,182.71,Hit the task time limit.
PLASPPlanner-seq,classical-domains,elevators-opt11-strips,p09,2011,SOLVED,True,13,,0.284,175.014,176.629,176.0,
PLASPPlanner-seq,classical-domains,elevators-opt11-strips,p10,2011,TIMEOUT,,,,0.266,,1800.147,210.18,Hit the task time limit.
PLASPPlanner-seq,classical-domains,elevators-opt11-strips,p11,2011,TIMEOUT,,,,0.28,,1800.177,230.7,Hit the task time limit.
PLASPPlanner-seq,classical-domains,elevators-opt11-strips,p12,2011,TIMEOUT,,,,0.226,,1800.126,198.39,Hit the task time limit.
PLASPPlanner-seq,classical-domains,elevators-opt11-strips,p13,2011,TIMEOUT,,,,0.228,,1800.112,187.47,Hit the task time limit.
PLASPPlanner-seq,classical-domains,elevators-opt11-strips,p14,2011,TIMEOUT,,,,0.232,,1800.106,191.73,Hit the task time limit.
PLASPPlanner-seq,classical-domains,elevators-opt11-strips,p15,2011,TIMEOUT,,,,0.223,,1800.123,200.42,Hit the task time limit.
PLASPPlanner-seq,classical-domains,elevators-opt11-strips,p16,2011,TIMEOUT,,,,0.282,,1800.156,203.84,Hit the task time limit.
PLASPPlanner-seq,classical-domains,elevators-opt11-strips,p17,2011,TIMEOUT,,,,0.279,,1800.15,209.08,Hit the task time limit.
PLASPPlanner-seq,classical-domains,elevators-opt11-strips,p18,2011,TIMEOUT,,,,0.273,,1800.161,226.52,Hit the task time limit.
PLASPPlanner-seq,classical-domains,elevators-opt11-strips,p19,2011,TIMEOUT,,,,0.28,,1800.149,204.52,Hit the task time limit.
PLASPPlanner-seq,classical-domains,elevators-opt11-strips,p20,2011,TIMEOUT,,,,0.278,,1800.156,213.16,Hit the task time limit.
PLASPPlanner-seq,classical-domains,elevators-sat08-strips,p01,2008,SOLVED,True,18,,0.227,1372.614,1374.147,192.69,
PLASPPlanner-seq,classical-domains,elevators-sat08-strips,p02,2008,TIMEOUT,,,,0.226,,1800.097,192.12,Hit the task time limit.
PLASPPlanner-seq,classical-domains,elevators-sat08-strips,p03,2008,TIMEOUT,,,,0.228,,1800.109,187.07,Hit the task time limit.
PLASPPlanner-seq,classical-domains,elevators-sat08-strips,p04,2008,TIMEOUT,,,,0.231,,1800.118,206.28,Hit the task time limit.
PLASPPlanner-seq,classical-domains,elevators-sat08-strips,p05,2008,TIMEOUT,,,,0.233,,1800.127,207.42,Hit the task time limit.
PLASPPlanner-seq,classical-domains,elevators-sat08-strips,p06,2008,TIMEOUT,,,,0.231,,1800.142,215.87,Hit the task time limit.
PLASPPlanner-seq,classical-domains,elevators-sat08-strips,p07,2008,TIMEOUT,,,,0.241,,1800.153,219.12,Hit the task time limit.
PLASPPlanner-seq,classical-domains,elevators-sat08-strips,p08,2008,TIMEOUT,,,,0.231,,1800.14,226.0,Hit the task time limit.
PLASPPlanner-seq,classical-domains,elevators-sat08-strips,p09,2008,TIMEOUT,,,,0.232,,1800.152,225.31,Hit the task time limit.
PLASPPlanner-seq,classical-domains,elevators-sat08-strips,p10,2008,TIMEOUT,,,,0.234,,1800.172,233.65,Hit the task time limit.
PLASPPlanner-seq,classical-domains,elevators-sat08-strips,p11,2008,TIMEOUT,,,,0.355,,1800.295,281.75,Hit the task time limit.
PLASPPlanner-seq,classical-domains,elevators-sat08-strips,p12,2008,TIMEOUT,,,,0.328,,1800.305,313.16,Hit the task time limit.
PLASPPlanner-seq,classical-domains,elevators-sat08-strips,p13,2008,TIMEOUT,,,,0.329,,1800.335,344.44,Hit the task time limit.
PLASPPlanner-seq,classical-domains,elevators-sat08-strips,p14,2008,TIMEOUT,,,,0.34,,1800.383,373.48,Hit the task time limit.
PLASPPlanner-seq,classical-domains,elevators-sat08-strips,p15,2008,TIMEOUT,,,,0.342,,1800.421,384.41,Hit the task time limit.
PLASPPlanner-seq,classical-domains,elevators-sat08-strips,p16,2008,TIMEOUT,,,,0.347,,1800.42,387.48,Hit the task time limit.
PLASPPlanner-seq,classical-domains,elevators-sat08-strips,p17,2008,TIMEOUT,,,,0.333,,1800.47,428.61,Hit the task time limit.
PLASPPlanner-seq,classical-domains,elevators-sat08-strips,p18,2008,TIMEOUT,,,,0.357,,1800.528,514.45,Hit the task time limit.
PLASPPlanner-seq,classical-domains,elevators-sat08-strips,p19,2008,TIMEOUT,,,,0.37,,1800.578,500.4,Hit the task time limit.
PLASPPlanner-seq,classical-domains,elevators-sat08-strips,p20,2008,TIMEOUT,,,,0.361,,1800.556,510.04,Hit the task time limit.
PLASPPlanner-seq,classical-domains,elevators-sat08-strips,p21,2008,TIMEOUT,,,,0.501,,1800.708,579.06,Hit the task time limit.
PLASPPlanner-seq,classical-domains,elevators-sat08-strips,p22,2008,TIMEOUT,,,,0.48,,1800.788,620.99,Hit the task time limit.
PLASPPlanner-seq,classical-domains,elevators-sat08-strips,p23,2008,TIMEOUT,,,,0.471,,1800.908,790.93,Hit the task time limit.
PLASPPlanner-seq,classical-domains,elevators-sat08-strips,p24,2008,TIMEOUT,,,,0.488,,1801.013,834.86,Hit the task time limit.
PLASPPlanner-seq,classical-domains,elevators-sat08-strips,p25,2008,TIMEOUT,,,,0.492,,1801.148,935.16,Hit the task time limit.
PLASPPlanner-seq,classical-domains,elevators-sat08-strips,p26,2008,TIMEOUT,,,,0.497,,1801.095,1012.24,Hit the task time limit.
PLASPPlanner-seq,classical-domains,elevators-sat08-strips,p27,2008,TIMEOUT,,,,0.487,,1801.29,1082.94,Hit the task time limit.
PLASPPlanner-seq,classical-domains,elevators-sat08-strips,p28,2008,TIMEOUT,,,,0.497,,1801.313,1105.36,Hit the task time limit.
PLASPPlanner-seq,classical-domains,elevators-sat08-strips,p29,2008,TIMEOUT,,,,0.498,,1801.503,1324.63,Hit the task time limit.
PLASPPlanner-seq,classical-domains,elevators-sat08-strips,p30,2008,TIMEOUT,,,,0.508,,1801.538,1503.31,Hit the task time limit.
PLASPPlanner-seq,classical-domains,elevators-sat11-strips,p01,2011,TIMEOUT,,,,0.325,,1800.397,369.37,Hit the task time limit.
PLASPPlanner-seq,classical-domains,elevators-sat11-strips,p02,2011,TIMEOUT,,,,0.481,,1801.01,840.78,Hit the task time limit.
PLASPPlanner-seq,classical-domains,elevators-sat11-strips,p03,2011,TIMEOUT,,,,0.492,,1801.249,1010.19,Hit the task time limit.
PLASPPlanner-seq,classical-domains,elevators-sat11-strips,p04,2011,TIMEOUT,,,,0.349,,1800.56,509.14,Hit the task time limit.
PLASPPlanner-seq,classical-domains,elevators-sat11-strips,p05,2011,TIMEOUT,,,,0.323,,1800.542,497.64,Hit the task time limit.
PLASPPlanner-seq,classical-domains,elevators-sat11-strips,p06,2011,TIMEOUT,,,,0.486,,1801.312,1082.11,Hit the task time limit.
PLASPPlanner-seq,classical-domains,elevators-sat11-strips,p07,2011,TIMEOUT,,,,0.493,,1801.141,931.99,Hit the task time limit.
PLASPPlanner-seq,classical-domains,elevators-sat11-strips,p08,2011,TIMEOUT,,,,0.497,,1801.326,1108.36,Hit the task time limit.
PLASPPlanner-seq,classical-domains,elevators-sat11-strips,p09,2011,TIMEOUT,,,,0.505,,1801.494,1322.04,Hit the task time limit.
PLASPPlanner-seq,classical-domains,elevators-sat11-strips,p10,2011,TIMEOUT,,,,0.507,,1801.527,1432.04,Hit the task time limit.
PLASPPlanner-seq,classical-domains,elevators-sat11-strips,p11,2011,TIMEOUT,,,,0.527,,1802.339,2306.73,Hit the task time limit.
PLASPPlanner-seq,classical-domains,elevators-sat11-strips,p12,2011,TIMEOUT,,,,0.523,,1802.47,2447.34,Hit the task time limit.
PLASPPlanner-seq,classical-domains,elevators-sat11-strips,p13,2011,TIMEOUT,,,,0.545,,1802.757,3069.58,Hit the task time limit.
PLASPPlanner-seq,classical-domains,elevators-sat11-strips,p14,2011,TIMEOUT,,,,0.533,,1802.589,3021.16,Hit the task time limit.
PLASPPlanner-seq,classical-domains,elevators-sat11-strips,p15,2011,TIMEOUT,,,,0.578,,1802.761,3026.52,Hit the task time limit.
PLASPPlanner-seq,classical-domains,elevators-sat11-strips,p16,2011,TIMEOUT,,,,1.052,,1805.3,5250.52,Hit the task time limit.
PLASPPlanner-seq,classical-domains,elevators-sat11-strips,p17,2011,TIMEOUT,,,,1.099,,1805.359,4959.19,Hit the task time limit.
PLASPPlanner-seq,classical-domains,elevators-sat11-strips,p18,2011,TIMEOUT,,,,1.078,,1806.617,5855.46,Hit the task time limit.
PLASPPlanner-seq,classical-domains,elevators-sat11-strips,p19,2011,TIMEOUT,,,,1.175,,1806.881,6129.96,Hit the task time limit.
PLASPPlanner-seq,classical-domains,elevators-sat11-strips,p20,2011,TIMEOUT,,,,1.121,,1808.9,6543.36,Hit the task time limit.
PLASPPlanner-seq,classical-domains,ferry,p-10locs-5cars,,SOLVED,True,18,,0.11,167.778,169.202,148.0,
PLASPPlanner-seq,classical-domains,ferry,p-10locs-6cars,,SOLVED,True,18,,0.101,110.258,111.648,152.0,
PLASPPlanner-seq,classical-domains,ferry,p-10locs-7cars,,SOLVED,True,17,,0.104,59.861,61.262,148.0,
PLASPPlanner-seq,classical-domains,ferry,p-10locs-8cars,,TIMEOUT,,,,0.104,,1800.321,174.07,Hit the task time limit.
PLASPPlanner-seq,classical-domains,ferry,p-10locs-9cars,,TIMEOUT,,,,0.114,,1800.341,169.98,Hit the task time limit.
PLASPPlanner-seq,classical-domains,ferry,p-11locs-5cars,,SOLVED,True,15,,0.111,12.807,14.222,140.0,
PLASPPlanner-seq,classical-domains,ferry,p-11locs-6cars,,SOLVED,True,18,,0.112,99.76,101.112,152.0,
PLASPPlanner-seq,classical-domains,ferry,p-11locs-7cars,,SOLVED,True,21,,0.119,1098.758,1100.163,173.34,
PLASPPlanner-seq,classical-domains,ferry,p-11locs-8cars,,TIMEOUT,,,,0.119,,1800.384,190.75,Hit the task time limit.
PLASPPlanner-seq,classical-domains,ferry,p-11locs-9cars,,TIMEOUT,,,,0.124,,1800.368,182.55,Hit the task time limit.
PLASPPlanner-seq,classical-domains,ferry,p-12locs-5cars,,SOLVED,True,12,,0.125,1.58,2.991,136.0,
PLASPPlanner-seq,classical-domains,ferry,p-12locs-6cars,,TIMEOUT,,,,0.136,,1800.253,176.95,Hit the task time limit.
PLASPPlanner-seq,classical-domains,ferry,p-12locs-7cars,,SOLVED,True,19,,0.214,640.357,641.883,172.9,
PLASPPlanner-seq,classical-domains,ferry,p-12locs-8cars,,TIMEOUT,,,,0.203,,1800.281,179.38,Hit the task time limit.
PLASPPlanner-seq,classical-domains,ferry,p-12locs-9cars,,TIMEOUT,,,,0.226,,1800.318,190.58,Hit the task time limit.
PLASPPlanner-seq,classical-domains,ferry,p-13locs-5cars,,SOLVED,True,18,,0.225,129.877,131.438,152.52,
PLASPPlanner-seq,classical-domains,ferry,p-13locs-6cars,,TIMEOUT,,,,0.214,,1800.29,175.15,Hit the task time limit.
PLASPPlanner-seq,classical-domains,ferry,p-13locs-7cars,,TIMEOUT,,,,0.23,,1800.3,182.55,Hit the task time limit.
PLASPPlanner-seq,classical-domains,ferry,p-13locs-8cars,,TIMEOUT,,,,0.225,,1800.318,185.05,Hit the task time limit.
PLASPPlanner-seq,classical-domains,ferry,p-13locs-9cars,,TIMEOUT,,,,0.22,,1800.344,188.55,Hit the task time limit.
PLASPPlanner-seq,classical-domains,ferry,p-14locs-5cars,,SOLVED,True,19,,0.228,584.652,586.197,174.24,
PLASPPlanner-seq,classical-domains,ferry,p-14locs-6cars,,SOLVED,True,18,,0.233,327.962,329.414,165.79,
PLASPPlanner-seq,classical-domains,ferry,p-14locs-7cars,,TIMEOUT,,,,0.228,,1800.323,183.31,Hit the task time limit.
PLASPPlanner-seq,classical-domains,ferry,p-14locs-8cars,,TIMEOUT,,,,0.232,,1800.35,185.15,Hit the task time limit.
PLASPPlanner-seq,classical-domains,ferry,p-14locs-9cars,,TIMEOUT,,,,0.237,,1800.397,190.05,Hit the task time limit.
PLASPPlanner-seq,classical-domains,ferry,p-15locs-5cars,,SOLVED,True,18,,0.218,130.395,131.754,156.31,
PLASPPlanner-seq,classical-domains,ferry,p-15locs-6cars,,TIMEOUT,,,,0.218,,1800.325,197.2,Hit the task time limit.
PLASPPlanner-seq,classical-domains,ferry,p-15locs-7cars,,TIMEOUT,,,,0.223,,1800.34,191.89,Hit the task time limit.
PLASPPlanner-seq,classical-domains,ferry,p-15locs-8cars,,TIMEOUT,,,,0.227,,1800.37,182.17,Hit the task time limit.
PLASPPlanner-seq,classical-domains,ferry,p-15locs-9cars,,TIMEOUT,,,,0.226,,1800.399,206.65,Hit the task time limit.
PLASPPlanner-seq,classical-domains,flashfill-sat18,p01,2018,SOLVED,True,21,,4.495,563.193,569.807,4244.25,
PLASPPlanner-seq,classical-domains,flashfill-sat18,p02,2018,TIMEOUT,,,,4.466,,1806.505,7688.18,Hit the task time limit.
PLASPPlanner-seq,classical-domains,flashfill-sat18,p03,2018,MEMOUT,,,,5.102,,364.554,7156.51,MemoryError under a 8192MB limit.
PLASPPlanner-seq,classical-domains,flashfill-sat18,p04,2018,MEMOUT,,,,5.652,,163.884,7799.61,MemoryError under a 8192MB limit.
PLASPPlanner-seq,classical-domains,flashfill-sat18,p05,2018,MEMOUT,,,,6.059,,118.483,7492.82,MemoryError under a 8192MB limit.
PLASPPlanner-seq,classical-domains,flashfill-sat18,p06,2018,SOLVED,True,15,,4.403,314.158,321.236,3161.4,
PLASPPlanner-seq,classical-domains,flashfill-sat18,p07,2018,SOLVED,True,15,,4.48,410.998,418.381,4098.23,
PLASPPlanner-seq,classical-domains,flashfill-sat18,p08,2018,MEMOUT,,,,5.094,,279.953,6914.22,MemoryError under a 8192MB limit.
PLASPPlanner-seq,classical-domains,flashfill-sat18,p09,2018,MEMOUT,,,,5.585,,352.406,7505.44,MemoryError under a 8192MB limit.
PLASPPlanner-seq,classical-domains,flashfill-sat18,p10,2018,MEMOUT,,,,6.533,,250.288,6882.08,MemoryError under a 8192MB limit.
PLASPPlanner-seq,classical-domains,flashfill-sat18,p11,2018,MEMOUT,,,,5.644,,257.982,6977.92,MemoryError under a 8192MB limit.
PLASPPlanner-seq,classical-domains,flashfill-sat18,p12,2018,MEMOUT,,,,5.555,,142.54,7340.7,MemoryError under a 8192MB limit.
PLASPPlanner-seq,classical-domains,flashfill-sat18,p13,2018,MEMOUT,,,,6.4,,142.538,6959.24,MemoryError under a 8192MB limit.
PLASPPlanner-seq,classical-domains,flashfill-sat18,p14,2018,MEMOUT,,,,6.954,,150.363,6103.88,MemoryError under a 8192MB limit.
PLASPPlanner-seq,classical-domains,flashfill-sat18,p15,2018,MEMOUT,,,,8.203,,179.829,6799.13,MemoryError under a 8192MB limit.
PLASPPlanner-seq,classical-domains,flashfill-sat18,p16,2018,SOLVED,True,12,,3.344,55.246,61.465,1943.06,
PLASPPlanner-seq,classical-domains,flashfill-sat18,p17,2018,SOLVED,True,12,,3.281,180.844,189.985,4178.36,
PLASPPlanner-seq,classical-domains,flashfill-sat18,p18,2018,MEMOUT,,,,3.971,,132.991,6098.6,MemoryError under a 8192MB limit.
PLASPPlanner-seq,classical-domains,flashfill-sat18,p19,2018,MEMOUT,,,,4.279,,141.079,7153.32,MemoryError under a 8192MB limit.
PLASPPlanner-seq,classical-domains,flashfill-sat18,p20,2018,MEMOUT,,,,4.88,,153.084,7231.55,MemoryError under a 8192MB limit.
PLASPPlanner-seq,classical-domains,floortile-opt11-strips,opt-p01-001,2011,TIMEOUT,,,,0.113,,1800.077,168.0,Hit the task time limit.
PLASPPlanner-seq,classical-domains,floortile-opt11-strips,opt-p01-002,2011,TIMEOUT,,,,0.109,,1800.078,172.0,Hit the task time limit.
PLASPPlanner-seq,classical-domains,floortile-opt11-strips,opt-p02-003,2011,TIMEOUT,,,,0.116,,1800.097,174.0,Hit the task time limit.
PLASPPlanner-seq,classical-domains,floortile-opt11-strips,opt-p02-004,2011,TIMEOUT,,,,0.115,,1800.094,170.0,Hit the task time limit.
PLASPPlanner-seq,classical-domains,floortile-opt11-strips,opt-p03-005,2011,TIMEOUT,,,,0.128,,1800.188,176.0,Hit the task time limit.
PLASPPlanner-seq,classical-domains,floortile-opt11-strips,opt-p03-006,2011,TIMEOUT,,,,0.128,,1800.181,181.51,Hit the task time limit.
PLASPPlanner-seq,classical-domains,floortile-opt11-strips,opt-p04-007,2011,TIMEOUT,,,,0.198,,1800.122,178.46,Hit the task time limit.
PLASPPlanner-seq,classical-domains,floortile-opt11-strips,opt-p04-008,2011,TIMEOUT,,,,0.203,,1800.122,173.94,Hit the task time limit.
PLASPPlanner-seq,classical-domains,floortile-opt11-strips,opt-p05-009,2011,TIMEOUT,,,,0.226,,1800.155,178.82,Hit the task time limit.
PLASPPlanner-seq,classical-domains,floortile-opt11-strips,opt-p05-010,2011,TIMEOUT,,,,0.243,,1800.161,172.73,Hit the task time limit.
PLASPPlanner-seq,classical-domains,floortile-opt11-strips,opt-p06-011,2011,TIMEOUT,,,,0.254,,1800.19,183.99,Hit the task time limit.
PLASPPlanner-seq,classical-domains,floortile-opt11-strips,opt-p06-012,2011,TIMEOUT,,,,0.303,,1800.198,184.11,Hit the task time limit.
PLASPPlanner-seq,classical-domains,floortile-opt11-strips,opt-p07-013,2011,TIMEOUT,,,,0.292,,1800.208,189.44,Hit the task time limit.
PLASPPlanner-seq,classical-domains,floortile-opt11-strips,opt-p07-014,2011,TIMEOUT,,,,0.256,,1800.22,181.14,Hit the task time limit.
PLASPPlanner-seq,classical-domains,floortile-opt11-strips,opt-p08-015,2011,TIMEOUT,,,,0.297,,1800.262,189.95,Hit the task time limit.
PLASPPlanner-seq,classical-domains,floortile-opt11-strips,opt-p08-016,2011,TIMEOUT,,,,0.27,,1800.241,186.45,Hit the task time limit.
PLASPPlanner-seq,classical-domains,floortile-opt11-strips,opt-p09-017,2011,TIMEOUT,,,,0.419,,1800.33,196.36,Hit the task time limit.
PLASPPlanner-seq,classical-domains,floortile-opt11-strips,opt-p09-018,2011,TIMEOUT,,,,0.322,,1800.323,207.59,Hit the task time limit.
PLASPPlanner-seq,classical-domains,floortile-opt11-strips,opt-p10-019,2011,TIMEOUT,,,,0.334,,1800.339,199.93,Hit the task time limit.
PLASPPlanner-seq,classical-domains,floortile-opt11-strips,opt-p10-020,2011,TIMEOUT,,,,0.304,,1800.33,197.24,Hit the task time limit.
PLASPPlanner-seq,classical-domains,floortile-opt14-strips,p01-4-3-2,2014,TIMEOUT,,,,0.126,,1800.096,170.0,Hit the task time limit.
PLASPPlanner-seq,classical-domains,floortile-opt14-strips,p01-4-4-2,2014,TIMEOUT,,,,0.226,,1800.119,175.35,Hit the task time limit.
PLASPPlanner-seq,classical-domains,floortile-opt14-strips,p01-5-3-2,2014,TIMEOUT,,,,0.159,,1800.216,183.8,Hit the task time limit.
PLASPPlanner-seq,classical-domains,floortile-opt14-strips,p01-5-4-2,2014,TIMEOUT,,,,0.242,,1800.145,181.49,Hit the task time limit.
PLASPPlanner-seq,classical-domains,floortile-opt14-strips,p01-5-5-2,2014,TIMEOUT,,,,0.247,,1800.217,193.3,Hit the task time limit.
PLASPPlanner-seq,classical-domains,floortile-opt14-strips,p01-6-4-2,2014,TIMEOUT,,,,0.243,,1800.201,200.11,Hit the task time limit.
PLASPPlanner-seq,classical-domains,floortile-opt14-strips,p01-6-5-2,2014,TIMEOUT,,,,0.329,,1800.269,190.29,Hit the task time limit.
PLASPPlanner-seq,classical-domains,floortile-opt14-strips,p02-4-4-2,2014,TIMEOUT,,,,0.217,,1800.123,179.22,Hit the task time limit.
PLASPPlanner-seq,classical-domains,floortile-opt14-strips,p02-5-3-2,2014,TIMEOUT,,,,0.143,,1800.197,172.49,Hit the task time limit.
PLASPPlanner-seq,classical-domains,floortile-opt14-strips,p02-5-4-2,2014,TIMEOUT,,,,0.236,,1800.152,177.96,Hit the task time limit.
PLASPPlanner-seq,classical-domains,floortile-opt14-strips,p02-5-5-2,2014,TIMEOUT,,,,0.247,,1800.197,179.79,Hit the task time limit.
PLASPPlanner-seq,classical-domains,floortile-opt14-strips,p02-6-4-2,2014,TIMEOUT,,,,0.236,,1800.194,190.44,Hit the task time limit.
PLASPPlanner-seq,classical-domains,floortile-opt14-strips,p02-6-5-2,2014,TIMEOUT,,,,0.285,,1800.252,193.14,Hit the task time limit.
PLASPPlanner-seq,classical-domains,floortile-opt14-strips,p03-4-3-2,2014,TIMEOUT,,,,0.13,,1800.098,175.03,Hit the task time limit.
PLASPPlanner-seq,classical-domains,floortile-opt14-strips,p03-4-4-2,2014,TIMEOUT,,,,0.229,,1800.126,171.06,Hit the task time limit.
PLASPPlanner-seq,classical-domains,floortile-opt14-strips,p03-5-3-2,2014,TIMEOUT,,,,0.15,,1800.184,171.04,Hit the task time limit.
PLASPPlanner-seq,classical-domains,floortile-opt14-strips,p03-5-4-2,2014,TIMEOUT,,,,0.226,,1800.146,175.75,Hit the task time limit.
PLASPPlanner-seq,classical-domains,floortile-opt14-strips,p03-5-5-2,2014,TIMEOUT,,,,0.231,,1800.23,182.34,Hit the task time limit.
PLASPPlanner-seq,classical-domains,floortile-opt14-strips,p03-6-4-2,2014,TIMEOUT,,,,0.227,,1800.203,186.43,Hit the task time limit.
PLASPPlanner-seq,classical-domains,floortile-opt14-strips,p03-6-5-2,2014,TIMEOUT,,,,0.252,,1800.26,188.34,Hit the task time limit.
PLASPPlanner-seq,classical-domains,floortile-sat11-strips,seq-p01-001,2011,TIMEOUT,,,,0.127,,1800.097,174.0,Hit the task time limit.
PLASPPlanner-seq,classical-domains,floortile-sat11-strips,seq-p01-002,2011,TIMEOUT,,,,0.121,,1800.092,170.0,Hit the task time limit.
PLASPPlanner-seq,classical-domains,floortile-sat11-strips,seq-p02-003,2011,TIMEOUT,,,,0.134,,1800.189,182.25,Hit the task time limit.
PLASPPlanner-seq,classical-domains,floortile-sat11-strips,seq-p02-004,2011,TIMEOUT,,,,0.142,,1800.184,175.5,Hit the task time limit.
PLASPPlanner-seq,classical-domains,floortile-sat11-strips,seq-p03-005,2011,TIMEOUT,,,,0.224,,1800.123,183.95,Hit the task time limit.
PLASPPlanner-seq,classical-domains,floortile-sat11-strips,seq-p03-006,2011,TIMEOUT,,,,0.211,,1800.123,178.4,Hit the task time limit.
PLASPPlanner-seq,classical-domains,floortile-sat11-strips,seq-p04-007,2011,TIMEOUT,,,,0.218,,1800.148,177.63,Hit the task time limit.
PLASPPlanner-seq,classical-domains,floortile-sat11-strips,seq-p04-008,2011,TIMEOUT,,,,0.222,,1800.145,176.04,Hit the task time limit.
PLASPPlanner-seq,classical-domains,floortile-sat11-strips,seq-p05-009,2011,TIMEOUT,,,,0.233,,1800.184,181.52,Hit the task time limit.
PLASPPlanner-seq,classical-domains,floortile-sat11-strips,seq-p05-010,2011,TIMEOUT,,,,0.248,,1800.193,183.12,Hit the task time limit.
PLASPPlanner-seq,classical-domains,floortile-sat11-strips,seq-p06-011,2011,TIMEOUT,,,,0.232,,1800.212,197.68,Hit the task time limit.
PLASPPlanner-seq,classical-domains,floortile-sat11-strips,seq-p06-012,2011,TIMEOUT,,,,0.24,,1800.198,179.21,Hit the task time limit.
PLASPPlanner-seq,classical-domains,floortile-sat11-strips,seq-p07-013,2011,TIMEOUT,,,,0.248,,1800.226,180.97,Hit the task time limit.
PLASPPlanner-seq,classical-domains,floortile-sat11-strips,seq-p07-014,2011,TIMEOUT,,,,0.259,,1800.238,190.7,Hit the task time limit.
PLASPPlanner-seq,classical-domains,floortile-sat11-strips,seq-p08-015,2011,TIMEOUT,,,,0.273,,1800.358,204.39,Hit the task time limit.
PLASPPlanner-seq,classical-domains,floortile-sat11-strips,seq-p08-016,2011,TIMEOUT,,,,0.263,,1800.331,203.44,Hit the task time limit.
PLASPPlanner-seq,classical-domains,floortile-sat11-strips,seq-p09-017,2011,TIMEOUT,,,,0.285,,1800.402,201.57,Hit the task time limit.
PLASPPlanner-seq,classical-domains,floortile-sat11-strips,seq-p09-018,2011,TIMEOUT,,,,0.297,,1800.393,196.06,Hit the task time limit.
PLASPPlanner-seq,classical-domains,floortile-sat11-strips,seq-p10-019,2011,TIMEOUT,,,,0.304,,1800.523,211.29,Hit the task time limit.
PLASPPlanner-seq,classical-domains,floortile-sat11-strips,seq-p10-020,2011,TIMEOUT,,,,0.297,,1800.511,235.82,Hit the task time limit.
PLASPPlanner-seq,classical-domains,floortile-sat14-strips,p01-4-3-2,2014,TIMEOUT,,,,0.118,,1800.095,170.0,Hit the task time limit.
PLASPPlanner-seq,classical-domains,floortile-sat14-strips,p01-5-4-2,2014,TIMEOUT,,,,0.214,,1800.141,180.82,Hit the task time limit.
PLASPPlanner-seq,classical-domains,floortile-sat14-strips,p01-5-5-2,2014,TIMEOUT,,,,0.224,,1800.212,192.43,Hit the task time limit.
PLASPPlanner-seq,classical-domains,floortile-sat14-strips,p01-6-4-2,2014,TIMEOUT,,,,0.225,,1800.213,199.46,Hit the task time limit.
PLASPPlanner-seq,classical-domains,floortile-sat14-strips,p01-6-5-2,2014,TIMEOUT,,,,0.246,,1800.255,189.42,Hit the task time limit.
PLASPPlanner-seq,classical-domains,floortile-sat14-strips,p01-6-5-3,2014,TIMEOUT,,,,0.251,,1800.25,183.64,Hit the task time limit.
PLASPPlanner-seq,classical-domains,floortile-sat14-strips,p02-5-4-2,2014,TIMEOUT,,,,0.213,,1800.155,176.74,Hit the task time limit.
PLASPPlanner-seq,classical-domains,floortile-sat14-strips,p02-6-4-2,2014,TIMEOUT,,,,0.226,,1800.199,189.62,Hit the task time limit.
PLASPPlanner-seq,classical-domains,floortile-sat14-strips,p02-6-5-2,2014,TIMEOUT,,,,0.253,,1800.258,193.65,Hit the task time limit.
PLASPPlanner-seq,classical-domains,floortile-sat14-strips,p02-6-5-3,2014,TIMEOUT,,,,0.255,,1800.263,198.27,Hit the task time limit.
PLASPPlanner-seq,classical-domains,floortile-sat14-strips,p03-6-4-2,2014,TIMEOUT,,,,0.222,,1800.196,186.29,Hit the task time limit.
PLASPPlanner-seq,classical-domains,floortile-sat14-strips,p03-6-5-2,2014,TIMEOUT,,,,0.248,,1800.256,188.14,Hit the task time limit.
PLASPPlanner-seq,classical-domains,floortile-sat14-strips,p03-6-5-3,2014,TIMEOUT,,,,0.256,,1800.25,189.96,Hit the task time limit.
PLASPPlanner-seq,classical-domains,floortile-sat14-strips,p04-5-4-2,2014,TIMEOUT,,,,0.218,,1800.157,182.16,Hit the task time limit.
PLASPPlanner-seq,classical-domains,floortile-sat14-strips,p04-5-5-2,2014,TIMEOUT,,,,0.228,,1800.207,183.97,Hit the task time limit.
PLASPPlanner-seq,classical-domains,floortile-sat14-strips,p04-6-5-2,2014,TIMEOUT,,,,0.244,,1800.252,189.28,Hit the task time limit.
PLASPPlanner-seq,classical-domains,floortile-sat14-strips,p04-6-5-3,2014,TIMEOUT,,,,0.25,,1800.248,187.01,Hit the task time limit.
PLASPPlanner-seq,classical-domains,floortile-sat14-strips,p05-4-3-2,2014,TIMEOUT,,,,0.124,,1800.115,176.0,Hit the task time limit.
PLASPPlanner-seq,classical-domains,floortile-sat14-strips,p05-6-5-2,2014,TIMEOUT,,,,0.243,,1800.254,189.63,Hit the task time limit.
PLASPPlanner-seq,classical-domains,floortile-sat14-strips,p05-6-5-3,2014,TIMEOUT,,,,0.246,,1800.273,220.76,Hit the task time limit.
PLASPPlanner-seq,classical-domains,freecell,pfile1,2002,SOLVED,True,8,,0.225,3.167,4.637,161.38,
PLASPPlanner-seq,classical-domains,freecell,pfile10,2002,TIMEOUT,,,,0.315,,1817.796,1008.3,Hit the task time limit.
PLASPPlanner-seq,classical-domains,freecell,pfile11,2002,TIMEOUT,,,,0.314,,1817.793,1076.14,Hit the task time limit.
PLASPPlanner-seq,classical-domains,freecell,pfile12,2002,TIMEOUT,,,,0.299,,1817.778,1069.73,Hit the task time limit.
PLASPPlanner-seq,classical-domains,freecell,pfile13,2002,TIMEOUT,,,,0.318,,1826.04,1424.03,Hit the task time limit.
PLASPPlanner-seq,classical-domains,freecell,pfile14,2002,TIMEOUT,,,,0.317,,1826.191,1330.45,Hit the task time limit.
PLASPPlanner-seq,classical-domains,freecell,pfile15,2002,TIMEOUT,,,,0.325,,1821.622,1612.92,Hit the task time limit.
PLASPPlanner-seq,classical-domains,freecell,pfile16,2002,TIMEOUT,,,,0.322,,1836.873,1673.98,Hit the task time limit.
PLASPPlanner-seq,classical-domains,freecell,pfile17,2002,TIMEOUT,,,,0.336,,1850.442,2057.05,Hit the task time limit.
PLASPPlanner-seq,classical-domains,freecell,pfile18,2002,TIMEOUT,,,,0.34,,1852.209,2356.18,Hit the task time limit.
PLASPPlanner-seq,classical-domains,freecell,pfile19,2002,TIMEOUT,,,,0.346,,1870.162,2610.06,Hit the task time limit.
PLASPPlanner-seq,classical-domains,freecell,pfile2,2002,SOLVED,True,14,,0.241,114.924,116.443,239.53,
PLASPPlanner-seq,classical-domains,freecell,pfile20,2002,TIMEOUT,,,,0.354,,1872.507,2724.41,Hit the task time limit.
PLASPPlanner-seq,classical-domains,freecell,pfile3,2002,TIMEOUT,,,,0.249,,1802.538,356.24,Hit the task time limit.
PLASPPlanner-seq,classical-domains,freecell,pfile4,2002,TIMEOUT,,,,0.264,,1803.325,416.95,Hit the task time limit.
PLASPPlanner-seq,classical-domains,freecell,pfile5,2002,TIMEOUT,,,,0.269,,1805.256,578.85,Hit the task time limit.
PLASPPlanner-seq,classical-domains,freecell,pfile6,2002,TIMEOUT,,,,0.277,,1807.998,715.64,Hit the task time limit.
PLASPPlanner-seq,classical-domains,freecell,pfile7,2002,TIMEOUT,,,,0.28,,1808.049,661.35,Hit the task time limit.
PLASPPlanner-seq,classical-domains,freecell,pfile8,2002,TIMEOUT,,,,0.294,,1812.133,987.05,Hit the task time limit.
PLASPPlanner-seq,classical-domains,freecell,pfile9,2002,TIMEOUT,,,,0.297,,1812.098,860.55,Hit the task time limit.
PLASPPlanner-seq,classical-domains,freecell,probfreecell-10-1,2000,TIMEOUT,,,,0.35,,1851.482,1708.6,Hit the task time limit.
PLASPPlanner-seq,classical-domains,freecell,probfreecell-10-2,2000,TIMEOUT,,,,0.329,,1848.301,1565.47,Hit the task time limit.
PLASPPlanner-seq,classical-domains,freecell,probfreecell-10-3,2000,TIMEOUT,,,,0.335,,1855.244,1689.69,Hit the task time limit.
PLASPPlanner-seq,classical-domains,freecell,probfreecell-10-4,2000,TIMEOUT,,,,0.349,,1851.077,1739.35,Hit the task time limit.
PLASPPlanner-seq,classical-domains,freecell,probfreecell-10-5,2000,TIMEOUT,,,,0.36,,1854.137,1787.99,Hit the task time limit.
PLASPPlanner-seq,classical-domains,freecell,probfreecell-11-1,2000,TIMEOUT,,,,0.348,,1822.456,2074.2,Hit the task time limit.
PLASPPlanner-seq,classical-domains,freecell,probfreecell-11-2,2000,TIMEOUT,,,,0.348,,1862.393,2017.6,Hit the task time limit.
PLASPPlanner-seq,classical-domains,freecell,probfreecell-11-3,2000,TIMEOUT,,,,0.346,,1860.295,2053.78,Hit the task time limit.
PLASPPlanner-seq,classical-domains,freecell,probfreecell-11-4,2000,TIMEOUT,,,,0.337,,1857.917,1911.55,Hit the task time limit.
PLASPPlanner-seq,classical-domains,freecell,probfreecell-11-5,2000,TIMEOUT,,,,0.362,,1857.166,2101.16,Hit the task time limit.
PLASPPlanner-seq,classical-domains,freecell,probfreecell-12-1,2000,TIMEOUT,,,,0.363,,1869.729,2682.46,Hit the task time limit.
PLASPPlanner-seq,classical-domains,freecell,probfreecell-12-2,2000,TIMEOUT,,,,0.352,,1867.218,2166.68,Hit the task time limit.
PLASPPlanner-seq,classical-domains,freecell,probfreecell-12-3,2000,TIMEOUT,,,,0.378,,1869.214,2264.86,Hit the task time limit.
PLASPPlanner-seq,classical-domains,freecell,probfreecell-12-4,2000,TIMEOUT,,,,0.353,,1868.751,2176.43,Hit the task time limit.
PLASPPlanner-seq,classical-domains,freecell,probfreecell-12-5,2000,TIMEOUT,,,,0.364,,1867.297,2641.55,Hit the task time limit.
PLASPPlanner-seq,classical-domains,freecell,probfreecell-13-1,2000,TIMEOUT,,,,0.375,,1885.698,2574.76,Hit the task time limit.
PLASPPlanner-seq,classical-domains,freecell,probfreecell-13-2,2000,TIMEOUT,,,,0.363,,1887.067,2565.76,Hit the task time limit.
PLASPPlanner-seq,classical-domains,freecell,probfreecell-13-3,2000,TIMEOUT,,,,0.375,,1886.695,2572.68,Hit the task time limit.
PLASPPlanner-seq,classical-domains,freecell,probfreecell-13-4,2000,TIMEOUT,,,,0.408,,1884.172,2697.71,Hit the task time limit.
PLASPPlanner-seq,classical-domains,freecell,probfreecell-13-5,2000,TIMEOUT,,,,0.364,,1883.384,2656.66,Hit the task time limit.
PLASPPlanner-seq,classical-domains,freecell,probfreecell-2-1,2000,SOLVED,True,9,,0.236,45.745,47.309,335.13,
PLASPPlanner-seq,classical-domains,freecell,probfreecell-2-2,2000,SOLVED,True,8,,0.244,18.616,20.151,303.89,
PLASPPlanner-seq,classical-domains,freecell,probfreecell-2-3,2000,SOLVED,True,8,,0.233,17.645,19.146,306.56,
PLASPPlanner-seq,classical-domains,freecell,probfreecell-2-4,2000,SOLVED,True,8,,0.241,28.25,29.814,308.53,
PLASPPlanner-seq,classical-domains,freecell,probfreecell-2-5,2000,SOLVED,True,9,,0.259,51.183,52.837,331.77,
PLASPPlanner-seq,classical-domains,freecell,probfreecell-3-1,2000,TIMEOUT,,,,0.241,,1808.58,555.2,Hit the task time limit.
PLASPPlanner-seq,classical-domains,freecell,probfreecell-3-2,2000,TIMEOUT,,,,0.257,,1808.516,520.35,Hit the task time limit.
PLASPPlanner-seq,classical-domains,freecell,probfreecell-3-3,2000,SOLVED,True,12,,0.248,1358.851,1360.427,518.67,
PLASPPlanner-seq,classical-domains,freecell,probfreecell-3-4,2000,TIMEOUT,,,,0.26,,1808.401,495.07,Hit the task time limit.
PLASPPlanner-seq,classical-domains,freecell,probfreecell-3-5,2000,TIMEOUT,,,,0.25,,1808.41,570.5,Hit the task time limit.
PLASPPlanner-seq,classical-domains,freecell,probfreecell-4-1,2000,TIMEOUT,,,,0.259,,1812.362,648.19,Hit the task time limit.
PLASPPlanner-seq,classical-domains,freecell,probfreecell-4-2,2000,TIMEOUT,,,,0.278,,1813.7,652.25,Hit the task time limit.
PLASPPlanner-seq,classical-domains,freecell,probfreecell-4-3,2000,TIMEOUT,,,,0.269,,1812.222,677.95,Hit the task time limit.
PLASPPlanner-seq,classical-domains,freecell,probfreecell-4-4,2000,TIMEOUT,,,,0.263,,1812.379,647.18,Hit the task time limit.
PLASPPlanner-seq,classical-domains,freecell,probfreecell-4-5,2000,TIMEOUT,,,,0.26,,1812.267,634.47,Hit the task time limit.
PLASPPlanner-seq,classical-domains,freecell,probfreecell-5-1,2000,TIMEOUT,,,,0.273,,1816.507,772.31,Hit the task time limit.
PLASPPlanner-seq,classical-domains,freecell,probfreecell-5-2,2000,TIMEOUT,,,,0.27,,1816.571,781.38,Hit the task time limit.
PLASPPlanner-seq,classical-domains,freecell,probfreecell-5-3,2000,TIMEOUT,,,,0.265,,1816.327,880.18,Hit the task time limit.
PLASPPlanner-seq,classical-domains,freecell,probfreecell-5-4,2000,TIMEOUT,,,,0.273,,1816.471,708.0,Hit the task time limit.
PLASPPlanner-seq,classical-domains,freecell,probfreecell-5-5,2000,TIMEOUT,,,,0.264,,1816.627,930.85,Hit the task time limit.
PLASPPlanner-seq,classical-domains,freecell,probfreecell-6-1,2000,TIMEOUT,,,,0.271,,1820.863,1002.57,Hit the task time limit.
PLASPPlanner-seq,classical-domains,freecell,probfreecell-6-2,2000,TIMEOUT,,,,0.272,,1821.052,889.49,Hit the task time limit.
PLASPPlanner-seq,classical-domains,freecell,probfreecell-6-3,2000,TIMEOUT,,,,0.27,,1820.507,934.38,Hit the task time limit.
PLASPPlanner-seq,classical-domains,freecell,probfreecell-6-4,2000,TIMEOUT,,,,0.28,,1820.392,904.84,Hit the task time limit.
PLASPPlanner-seq,classical-domains,freecell,probfreecell-6-5,2000,TIMEOUT,,,,0.271,,1820.852,920.64,Hit the task time limit.
PLASPPlanner-seq,classical-domains,freecell,probfreecell-7-1,2000,TIMEOUT,,,,0.285,,1827.499,1061.16,Hit the task time limit.
PLASPPlanner-seq,classical-domains,freecell,probfreecell-7-2,2000,TIMEOUT,,,,0.287,,1827.455,1005.62,Hit the task time limit.
PLASPPlanner-seq,classical-domains,freecell,probfreecell-7-3,2000,TIMEOUT,,,,0.294,,1826.89,1075.86,Hit the task time limit.
PLASPPlanner-seq,classical-domains,freecell,probfreecell-7-4,2000,TIMEOUT,,,,0.303,,1827.07,1031.77,Hit the task time limit.
PLASPPlanner-seq,classical-domains,freecell,probfreecell-7-5,2000,TIMEOUT,,,,0.288,,1830.668,1143.39,Hit the task time limit.
PLASPPlanner-seq,classical-domains,freecell,probfreecell-8-1,2000,TIMEOUT,,,,0.331,,1835.345,1271.48,Hit the task time limit.
PLASPPlanner-seq,classical-domains,freecell,probfreecell-8-2,2000,TIMEOUT,,,,0.325,,1834.745,1160.97,Hit the task time limit.
PLASPPlanner-seq,classical-domains,freecell,probfreecell-8-3,2000,TIMEOUT,,,,0.305,,1834.447,1280.52,Hit the task time limit.
PLASPPlanner-seq,classical-domains,freecell,probfreecell-8-4,2000,TIMEOUT,,,,0.315,,1833.377,1404.12,Hit the task time limit.
PLASPPlanner-seq,classical-domains,freecell,probfreecell-8-5,2000,TIMEOUT,,,,0.307,,1833.078,1410.55,Hit the task time limit.
PLASPPlanner-seq,classical-domains,freecell,probfreecell-9-1,2000,TIMEOUT,,,,0.334,,1839.421,1460.61,Hit the task time limit.
PLASPPlanner-seq,classical-domains,freecell,probfreecell-9-2,2000,TIMEOUT,,,,0.323,,1842.043,1404.55,Hit the task time limit.
PLASPPlanner-seq,classical-domains,freecell,probfreecell-9-3,2000,TIMEOUT,,,,0.325,,1843.622,1346.75,Hit the task time limit.
PLASPPlanner-seq,classical-domains,freecell,probfreecell-9-4,2000,TIMEOUT,,,,0.36,,1842.925,1522.51,Hit the task time limit.
PLASPPlanner-seq,classical-domains,freecell,probfreecell-9-5,2000,TIMEOUT,,,,0.321,,1839.705,1725.99,Hit the task time limit.
PLASPPlanner-seq,classical-domains,fridge,p-5fridges-10screws,,TIMEOUT,,,,0.265,,1800.327,396.61,Hit the task time limit.
PLASPPlanner-seq,classical-domains,fridge,p-5fridges-5screws,,TIMEOUT,,,,0.121,,1800.246,277.55,Hit the task time limit.
PLASPPlanner-seq,classical-domains,fridge,p-5fridges-6screws,,TIMEOUT,,,,0.12,,1800.245,329.68,Hit the task time limit.
PLASPPlanner-seq,classical-domains,fridge,p-5fridges-7screws,,TIMEOUT,,,,0.123,,1800.411,331.19,Hit the task time limit.
PLASPPlanner-seq,classical-domains,fridge,p-5fridges-8screws,,TIMEOUT,,,,0.134,,1800.278,347.49,Hit the task time limit.
PLASPPlanner-seq,classical-domains,fridge,p-5fridges-9screws,,TIMEOUT,,,,0.236,,1800.284,377.63,Hit the task time limit.
PLASPPlanner-seq,classical-domains,fridge,p-6fridges-10screws,,TIMEOUT,,,,0.242,,1800.609,529.63,Hit the task time limit.
PLASPPlanner-seq,classical-domains,fridge,p-6fridges-5screws,,TIMEOUT,,,,0.131,,1800.292,327.11,Hit the task time limit.
PLASPPlanner-seq,classical-domains,fridge,p-6fridges-6screws,,TIMEOUT,,,,0.13,,1800.476,375.9,Hit the task time limit.
PLASPPlanner-seq,classical-domains,fridge,p-6fridges-7screws,,TIMEOUT,,,,0.23,,1800.362,415.04,Hit the task time limit.
PLASPPlanner-seq,classical-domains,fridge,p-6fridges-8screws,,TIMEOUT,,,,0.222,,1800.483,457.22,Hit the task time limit.
PLASPPlanner-seq,classical-domains,fridge,p-6fridges-9screws,,TIMEOUT,,,,0.251,,1800.575,504.41,Hit the task time limit.
PLASPPlanner-seq,classical-domains,fridge,p-7fridges-10screws,,TIMEOUT,,,,0.275,,1800.86,734.65,Hit the task time limit.
PLASPPlanner-seq,classical-domains,fridge,p-7fridges-5screws,,TIMEOUT,,,,0.13,,1800.584,428.39,Hit the task time limit.
PLASPPlanner-seq,classical-domains,fridge,p-7fridges-6screws,,TIMEOUT,,,,0.218,,1800.546,483.16,Hit the task time limit.
PLASPPlanner-seq,classical-domains,fridge,p-7fridges-7screws,,TIMEOUT,,,,0.242,,1800.603,488.92,Hit the task time limit.
PLASPPlanner-seq,classical-domains,fridge,p-7fridges-8screws,,TIMEOUT,,,,0.237,,1800.649,534.82,Hit the task time limit.
PLASPPlanner-seq,classical-domains,fridge,p-7fridges-9screws,,TIMEOUT,,,,0.244,,1800.71,583.44,Hit the task time limit.
PLASPPlanner-seq,classical-domains,fridge,p-8fridges-10screws,,TIMEOUT,,,,0.295,,1801.182,949.33,Hit the task time limit.
PLASPPlanner-seq,classical-domains,fridge,p-8fridges-5screws,,TIMEOUT,,,,0.212,,1800.654,555.14,Hit the task time limit.
PLASPPlanner-seq,classical-domains,fridge,p-8fridges-6screws,,TIMEOUT,,,,0.238,,1800.675,545.81,Hit the task time limit.
PLASPPlanner-seq,classical-domains,fridge,p-8fridges-7screws,,TIMEOUT,,,,0.249,,1800.833,731.07,Hit the task time limit.
PLASPPlanner-seq,classical-domains,fridge,p-8fridges-8screws,,TIMEOUT,,,,0.254,,1800.91,789.84,Hit the task time limit.
PLASPPlanner-seq,classical-domains,fridge,p-8fridges-9screws,,TIMEOUT,,,,0.26,,1800.984,796.64,Hit the task time limit.
PLASPPlanner-seq,classical-domains,fridge,p-9fridges-10screws,,TIMEOUT,,,,0.303,,1801.415,1136.5,Hit the task time limit.
PLASPPlanner-seq,classical-domains,fridge,p-9fridges-5screws,,TIMEOUT,,,,0.237,,1800.795,646.71,Hit the task time limit.
PLASPPlanner-seq,classical-domains,fridge,p-9fridges-6screws,,TIMEOUT,,,,0.239,,1800.928,715.32,Hit the task time limit.
PLASPPlanner-seq,classical-domains,fridge,p-9fridges-7screws,,TIMEOUT,,,,0.261,,1801.168,944.66,Hit the task time limit.
PLASPPlanner-seq,classical-domains,fridge,p-9fridges-8screws,,TIMEOUT,,,,0.263,,1801.153,939.05,Hit the task time limit.
PLASPPlanner-seq,classical-domains,fridge,p-9fridges-9screws,,TIMEOUT,,,,0.282,,1801.382,1110.83,Hit the task time limit.
PLASPPlanner-seq,classical-domains,ged-opt14-strips,d-1-2,2014,SOLVED,True,1,,0.282,0.282,1.893,126.0,
PLASPPlanner-seq,classical-domains,ged-opt14-strips,d-1-3,2014,SOLVED,True,8,,0.287,0.812,2.37,136.0,
PLASPPlanner-seq,classical-domains,ged-opt14-strips,d-1-4,2014,SOLVED,True,1,,0.29,0.284,1.838,128.0,
PLASPPlanner-seq,classical-domains,ged-opt14-strips,d-1-8,2014,SOLVED,True,13,,0.3,5.122,6.752,157.55,
PLASPPlanner-seq,classical-domains,ged-opt14-strips,d-2-1,2014,SOLVED,True,1,,0.284,0.283,1.83,128.0,
PLASPPlanner-seq,classical-domains,ged-opt14-strips,d-2-3,2014,SOLVED,True,7,,0.292,0.597,2.189,132.0,
PLASPPlanner-seq,classical-domains,ged-opt14-strips,d-2-4,2014,SOLVED,True,6,,0.282,0.425,2.011,130.0,
PLASPPlanner-seq,classical-domains,ged-opt14-strips,d-2-8,2014,SOLVED,True,14,,0.296,22.708,24.284,188.38,
PLASPPlanner-seq,classical-domains,ged-opt14-strips,d-3-1,2014,SOLVED,True,8,,0.315,0.794,2.384,138.0,
PLASPPlanner-seq,classical-domains,ged-opt14-strips,d-3-2,2014,SOLVED,True,7,,0.289,0.59,2.145,134.0,
PLASPPlanner-seq,classical-domains,ged-opt14-strips,d-3-4,2014,SOLVED,True,14,,0.286,12.02,13.577,163.21,
PLASPPlanner-seq,classical-domains,ged-opt14-strips,d-4-2,2014,SOLVED,True,6,,0.284,0.419,1.949,130.0,
PLASPPlanner-seq,classical-domains,ged-opt14-strips,d-4-3,2014,SOLVED,True,14,,0.309,9.327,10.955,161.04,
PLASPPlanner-seq,classical-domains,ged-opt14-strips,d-4-8,2014,SOLVED,True,14,,0.305,22.641,24.332,184.27,
PLASPPlanner-seq,classical-domains,ged-opt14-strips,d-7-5,2014,SOLVED,True,13,,0.304,5.396,7.008,163.05,
PLASPPlanner-seq,classical-domains,ged-opt14-strips,d-7-6,2014,SOLVED,True,13,,0.281,3.399,4.938,151.31,
PLASPPlanner-seq,classical-domains,ged-opt14-strips,d-8-1,2014,SOLVED,True,13,,0.298,4.627,6.208,160.44,
PLASPPlanner-seq,classical-domains,ged-opt14-strips,d-8-2,2014,SOLVED,True,14,,0.299,16.667,18.267,183.44,
PLASPPlanner-seq,classical-domains,ged-opt14-strips,d-8-4,2014,SOLVED,True,14,,0.296,24.418,26.008,185.99,
PLASPPlanner-seq,classical-domains,ged-opt14-strips,d-8-9,2014,SOLVED,True,20,,0.297,1014.42,1015.998,310.33,
PLASPPlanner-seq,classical-domains,ged-sat14-strips,d-10-1,2014,TIMEOUT,,,,0.316,,1805.078,434.42,Hit the task time limit.
PLASPPlanner-seq,classical-domains,ged-sat14-strips,d-10-2,2014,TIMEOUT,,,,0.344,,1805.064,471.11,Hit the task time limit.
PLASPPlanner-seq,classical-domains,ged-sat14-strips,d-10-3,2014,TIMEOUT,,,,0.32,,1805.846,437.42,Hit the task time limit.
PLASPPlanner-seq,classical-domains,ged-sat14-strips,d-10-4,2014,TIMEOUT,,,,0.322,,1805.141,533.7,Hit the task time limit.
PLASPPlanner-seq,classical-domains,ged-sat14-strips,d-10-5,2014,TIMEOUT,,,,0.33,,1808.718,586.73,Hit the task time limit.
PLASPPlanner-seq,classical-domains,ged-sat14-strips,d-10-6,2014,TIMEOUT,,,,0.335,,1808.73,649.84,Hit the task time limit.
PLASPPlanner-seq,classical-domains,ged-sat14-strips,d-11-1,2014,TIMEOUT,,,,0.348,,1805.861,635.88,Hit the task time limit.
PLASPPlanner-seq,classical-domains,ged-sat14-strips,d-11-3,2014,TIMEOUT,,,,0.32,,1805.85,592.04,Hit the task time limit.
PLASPPlanner-seq,classical-domains,ged-sat14-strips,d-11-5,2014,TIMEOUT,,,,0.328,,1807.817,462.3,Hit the task time limit.
PLASPPlanner-seq,classical-domains,ged-sat14-strips,d-11-6,2014,TIMEOUT,,,,0.321,,1806.663,530.82,Hit the task time limit.
PLASPPlanner-seq,classical-domains,ged-sat14-strips,d-12-11,2014,TIMEOUT,,,,0.341,,1806.701,544.05,Hit the task time limit.
PLASPPlanner-seq,classical-domains,ged-sat14-strips,d-12-2,2014,TIMEOUT,,,,0.341,,1811.055,1105.35,Hit the task time limit.
PLASPPlanner-seq,classical-domains,ged-sat14-strips,d-12-3,2014,TIMEOUT,,,,0.333,,1812.828,800.96,Hit the task time limit.
PLASPPlanner-seq,classical-domains,ged-sat14-strips,d-12-5,2014,TIMEOUT,,,,0.339,,1813.645,903.18,Hit the task time limit.
PLASPPlanner-seq,classical-domains,ged-sat14-strips,d-12-6,2014,TIMEOUT,,,,0.342,,1810.818,672.36,Hit the task time limit.
PLASPPlanner-seq,classical-domains,ged-sat14-strips,d-12-7,2014,TIMEOUT,,,,0.335,,1812.812,736.53,Hit the task time limit.
PLASPPlanner-seq,classical-domains,ged-sat14-strips,d-12-8,2014,TIMEOUT,,,,0.341,,1815.529,1454.54,Hit the task time limit.
PLASPPlanner-seq,classical-domains,ged-sat14-strips,d-12-9,2014,TIMEOUT,,,,0.338,,1815.512,923.06,Hit the task time limit.
PLASPPlanner-seq,classical-domains,ged-sat14-strips,d-3-6,2014,TIMEOUT,,,,0.336,,1805.874,439.14,Hit the task time limit.
PLASPPlanner-seq,classical-domains,ged-sat14-strips,d-9-5,2014,TIMEOUT,,,,0.337,,1806.603,473.56,Hit the task time limit.
PLASPPlanner-seq,classical-domains,grid,prob01,,SOLVED,True,14,,0.221,3.862,5.325,175.74,
PLASPPlanner-seq,classical-domains,grid,prob02,,TIMEOUT,,,,0.261,,1804.699,427.54,Hit the task time limit.
PLASPPlanner-seq,classical-domains,grid,prob03,,TIMEOUT,,,,0.311,,1808.739,498.15,Hit the task time limit.
PLASPPlanner-seq,classical-domains,grid,prob04,,TIMEOUT,,,,0.349,,1816.282,672.85,Hit the task time limit.
PLASPPlanner-seq,classical-domains,grid,prob05,,TIMEOUT,,,,0.394,,1828.035,1044.72,Hit the task time limit.
PLASPPlanner-seq,classical-domains,gripper,prob01,1998,SOLVED,True,11,,0.055,0.265,1.582,126.0,
PLASPPlanner-seq,classical-domains,gripper,prob02,1998,SOLVED,True,17,,0.06,27.699,29.01,132.0,
PLASPPlanner-seq,classical-domains,gripper,prob03,1998,TIMEOUT,,,,0.063,,1800.123,158.0,Hit the task time limit.
PLASPPlanner-seq,classical-domains,gripper,prob04,1998,TIMEOUT,,,,0.069,,1800.143,162.0,Hit the task time limit.
PLASPPlanner-seq,classical-domains,gripper,prob05,1998,TIMEOUT,,,,0.068,,1800.165,160.0,Hit the task time limit.
PLASPPlanner-seq,classical-domains,gripper,prob06,1998,TIMEOUT,,,,0.072,,1800.185,164.0,Hit the task time limit.
PLASPPlanner-seq,classical-domains,gripper,prob07,1998,TIMEOUT,,,,0.073,,1800.195,162.0,Hit the task time limit.
PLASPPlanner-seq,classical-domains,gripper,prob08,1998,TIMEOUT,,,,0.077,,1800.214,168.0,Hit the task time limit.
PLASPPlanner-seq,classical-domains,gripper,prob09,1998,TIMEOUT,,,,0.087,,1800.259,161.12,Hit the task time limit.
PLASPPlanner-seq,classical-domains,gripper,prob10,1998,TIMEOUT,,,,0.084,,1800.256,165.9,Hit the task time limit.
PLASPPlanner-seq,classical-domains,gripper,prob11,1998,TIMEOUT,,,,0.088,,1800.268,163.77,Hit the task time limit.
PLASPPlanner-seq,classical-domains,gripper,prob12,1998,TIMEOUT,,,,0.092,,1800.297,176.54,Hit the task time limit.
PLASPPlanner-seq,classical-domains,gripper,prob13,1998,TIMEOUT,,,,0.091,,1800.395,170.04,Hit the task time limit.
PLASPPlanner-seq,classical-domains,gripper,prob14,1998,TIMEOUT,,,,0.097,,1800.407,168.94,Hit the task time limit.
PLASPPlanner-seq,classical-domains,gripper,prob15,1998,TIMEOUT,,,,0.099,,1800.441,173.71,Hit the task time limit.
PLASPPlanner-seq,classical-domains,gripper,prob16,1998,TIMEOUT,,,,0.101,,1800.454,173.53,Hit the task time limit.
PLASPPlanner-seq,classical-domains,gripper,prob17,1998,TIMEOUT,,,,0.102,,1800.471,174.77,Hit the task time limit.
PLASPPlanner-seq,classical-domains,gripper,prob18,1998,TIMEOUT,,,,0.107,,1800.495,181.89,Hit the task time limit.
PLASPPlanner-seq,classical-domains,gripper,prob19,1998,TIMEOUT,,,,0.107,,1800.512,179.75,Hit the task time limit.
PLASPPlanner-seq,classical-domains,gripper,prob20,1998,TIMEOUT,,,,0.11,,1800.54,178.23,Hit the task time limit.
PLASPPlanner-seq,classical-domains,hanoi,pfile1,,SOLVED,True,1,,0.033,0.047,1.303,124.0,
PLASPPlanner-seq,classical-domains,hanoi,pfile10,,TIMEOUT,,,,0.086,,1800.813,250.96,Hit the task time limit.
PLASPPlanner-seq,classical-domains,hanoi,pfile11,,TIMEOUT,,,,0.095,,1800.955,243.11,Hit the task time limit.
PLASPPlanner-seq,classical-domains,hanoi,pfile12,,TIMEOUT,,,,0.101,,1801.176,258.82,Hit the task time limit.
PLASPPlanner-seq,classical-domains,hanoi,pfile13,,TIMEOUT,,,,0.114,,1801.389,259.36,Hit the task time limit.
PLASPPlanner-seq,classical-domains,hanoi,pfile14,,TIMEOUT,,,,0.124,,1801.624,275.18,Hit the task time limit.
PLASPPlanner-seq,classical-domains,hanoi,pfile15,,TIMEOUT,,,,0.197,,1801.833,293.45,Hit the task time limit.
PLASPPlanner-seq,classical-domains,hanoi,pfile16,,TIMEOUT,,,,0.221,,1802.189,299.86,Hit the task time limit.
PLASPPlanner-seq,classical-domains,hanoi,pfile17,,TIMEOUT,,,,0.216,,1802.569,343.24,Hit the task time limit.
PLASPPlanner-seq,classical-domains,hanoi,pfile18,,TIMEOUT,,,,0.232,,1803.022,325.3,Hit the task time limit.
PLASPPlanner-seq,classical-domains,hanoi,pfile19,,TIMEOUT,,,,0.251,,1803.58,370.9,Hit the task time limit.
PLASPPlanner-seq,classical-domains,hanoi,pfile2,,SOLVED,True,3,,0.036,0.071,1.288,122.0,
PLASPPlanner-seq,classical-domains,hanoi,pfile20,,TIMEOUT,,,,0.252,,1804.155,406.87,Hit the task time limit.
PLASPPlanner-seq,classical-domains,hanoi,pfile21,,TIMEOUT,,,,0.266,,1804.679,414.03,Hit the task time limit.
PLASPPlanner-seq,classical-domains,hanoi,pfile22,,TIMEOUT,,,,0.279,,1805.476,448.16,Hit the task time limit.
PLASPPlanner-seq,classical-domains,hanoi,pfile23,,TIMEOUT,,,,0.301,,1806.317,489.66,Hit the task time limit.
PLASPPlanner-seq,classical-domains,hanoi,pfile24,,TIMEOUT,,,,0.308,,1807.232,567.67,Hit the task time limit.
PLASPPlanner-seq,classical-domains,hanoi,pfile25,,TIMEOUT,,,,0.322,,1808.54,579.43,Hit the task time limit.
PLASPPlanner-seq,classical-domains,hanoi,pfile26,,TIMEOUT,,,,0.35,,1801.518,609.03,Hit the task time limit.
PLASPPlanner-seq,classical-domains,hanoi,pfile27,,TIMEOUT,,,,0.368,,1810.948,736.34,Hit the task time limit.
PLASPPlanner-seq,classical-domains,hanoi,pfile28,,TIMEOUT,,,,0.374,,1813.614,775.68,Hit the task time limit.
PLASPPlanner-seq,classical-domains,hanoi,pfile29,,TIMEOUT,,,,0.395,,1814.749,830.11,Hit the task time limit.
PLASPPlanner-seq,classical-domains,hanoi,pfile3,,SOLVED,True,7,,0.045,0.121,1.351,122.0,
PLASPPlanner-seq,classical-domains,hanoi,pfile30,,TIMEOUT,,,,0.41,,1816.86,944.98,Hit the task time limit.
PLASPPlanner-seq,classical-domains,hanoi,pfile4,,SOLVED,True,15,,0.049,3.638,4.929,130.0,
PLASPPlanner-seq,classical-domains,hanoi,pfile5,,TIMEOUT,,,,0.052,,1800.216,194.0,Hit the task time limit.
PLASPPlanner-seq,classical-domains,hanoi,pfile6,,TIMEOUT,,,,0.059,,1800.297,231.29,Hit the task time limit.
PLASPPlanner-seq,classical-domains,hanoi,pfile7,,TIMEOUT,,,,0.068,,1800.403,249.96,Hit the task time limit.
PLASPPlanner-seq,classical-domains,hanoi,pfile8,,TIMEOUT,,,,0.075,,1800.507,273.57,Hit the task time limit.
PLASPPlanner-seq,classical-domains,hanoi,pfile9,,TIMEOUT,,,,0.076,,1800.611,252.58,Hit the task time limit.
PLASPPlanner-seq,classical-domains,hiking-opt14-strips,ptesting-1-2-3,2014,SOLVED,True,11,,0.101,0.26,1.594,130.0,
PLASPPlanner-seq,classical-domains,hiking-opt14-strips,ptesting-1-2-4,2014,SOLVED,True,17,,0.102,13.506,14.899,146.0,
PLASPPlanner-seq,classical-domains,hiking-opt14-strips,ptesting-1-2-5,2014,TIMEOUT,,,,0.107,,1800.099,219.96,Hit the task time limit.
PLASPPlanner-seq,classical-domains,hiking-opt14-strips,ptesting-1-2-7,2014,TIMEOUT,,,,0.115,,1800.168,331.35,Hit the task time limit.
PLASPPlanner-seq,classical-domains,hiking-opt14-strips,ptesting-1-2-8,2014,TIMEOUT,,,,0.107,,1800.227,385.87,Hit the task time limit.
PLASPPlanner-seq,classical-domains,hiking-opt14-strips,ptesting-2-2-3,2014,SOLVED,True,10,,0.108,9.955,11.364,156.37,
PLASPPlanner-seq,classical-domains,hiking-opt14-strips,ptesting-2-2-4,2014,SOLVED,True,16,,0.106,434.407,435.788,278.04,
PLASPPlanner-seq,classical-domains,hiking-opt14-strips,ptesting-2-2-5,2014,TIMEOUT,,,,0.109,,1800.209,412.78,Hit the task time limit.
PLASPPlanner-seq,classical-domains,hiking-opt14-strips,ptesting-2-2-6,2014,TIMEOUT,,,,0.108,,1800.257,491.4,Hit the task time limit.
PLASPPlanner-seq,classical-domains,hiking-opt14-strips,ptesting-2-2-7,2014,TIMEOUT,,,,0.109,,1800.267,501.31,Hit the task time limit.
PLASPPlanner-seq,classical-domains,hiking-opt14-strips,ptesting-2-2-8,2014,TIMEOUT,,,,0.108,,1800.33,556.47,Hit the task time limit.
PLASPPlanner-seq,classical-domains,hiking-opt14-strips,ptesting-2-3-4,2014,SOLVED,True,17,,0.111,928.209,929.622,391.96,
PLASPPlanner-seq,classical-domains,hiking-opt14-strips,ptesting-2-3-5,2014,TIMEOUT,,,,0.112,,1800.299,488.31,Hit the task time limit.
PLASPPlanner-seq,classical-domains,hiking-opt14-strips,ptesting-2-3-6,2014,TIMEOUT,,,,0.107,,1800.272,456.85,Hit the task time limit.
PLASPPlanner-seq,classical-domains,hiking-opt14-strips,ptesting-2-3-7,2014,TIMEOUT,,,,0.113,,1800.331,604.9,Hit the task time limit.
PLASPPlanner-seq,classical-domains,hiking-opt14-strips,ptesting-2-4-3,2014,SOLVED,True,10,,0.106,40.376,41.717,198.27,
PLASPPlanner-seq,classical-domains,hiking-opt14-strips,ptesting-2-4-4,2014,TIMEOUT,,,,0.112,,1800.254,620.41,Hit the task time limit.
PLASPPlanner-seq,classical-domains,hiking-opt14-strips,ptesting-2-4-5,2014,TIMEOUT,,,,0.114,,1800.268,519.13,Hit the task time limit.
PLASPPlanner-seq,classical-domains,hiking-opt14-strips,ptesting-2-4-6,2014,TIMEOUT,,,,0.112,,1800.422,580.39,Hit the task time limit.
PLASPPlanner-seq,classical-domains,hiking-opt14-strips,ptesting-2-4-7,2014,TIMEOUT,,,,0.116,,1800.312,799.17,Hit the task time limit.
PLASPPlanner-seq,classical-domains,hiking-sat14-strips,ptesting-1-2-7,2014,TIMEOUT,,,,0.109,,1800.194,329.13,Hit the task time limit.
PLASPPlanner-seq,classical-domains,hiking-sat14-strips,ptesting-1-2-8,2014,TIMEOUT,,,,0.107,,1800.206,376.66,Hit the task time limit.
PLASPPlanner-seq,classical-domains,hiking-sat14-strips,ptesting-2-2-6,2014,TIMEOUT,,,,0.109,,1800.234,464.06,Hit the task time limit.
PLASPPlanner-seq,classical-domains,hiking-sat14-strips,ptesting-2-2-7,2014,TIMEOUT,,,,0.118,,1800.35,446.81,Hit the task time limit.
PLASPPlanner-seq,classical-domains,hiking-sat14-strips,ptesting-2-2-8,2014,TIMEOUT,,,,0.112,,1800.335,556.63,Hit the task time limit.
PLASPPlanner-seq,classical-domains,hiking-sat14-strips,ptesting-2-3-6,2014,TIMEOUT,,,,0.108,,1800.283,459.36,Hit the task time limit.
PLASPPlanner-seq,classical-domains,hiking-sat14-strips,ptesting-2-3-7,2014,TIMEOUT,,,,0.108,,1800.336,602.41,Hit the task time limit.
PLASPPlanner-seq,classical-domains,hiking-sat14-strips,ptesting-2-3-8,2014,TIMEOUT,,,,0.117,,1800.44,956.93,Hit the task time limit.
PLASPPlanner-seq,classical-domains,hiking-sat14-strips,ptesting-2-4-5,2014,TIMEOUT,,,,0.12,,1800.278,485.83,Hit the task time limit.
PLASPPlanner-seq,classical-domains,hiking-sat14-strips,ptesting-2-4-6,2014,TIMEOUT,,,,0.109,,1800.359,526.4,Hit the task time limit.
PLASPPlanner-seq,classical-domains,hiking-sat14-strips,ptesting-2-4-7,2014,TIMEOUT,,,,0.111,,1800.364,800.89,Hit the task time limit.
PLASPPlanner-seq,classical-domains,hiking-sat14-strips,ptesting-2-4-8,2014,TIMEOUT,,,,0.108,,1800.511,850.42,Hit the task time limit.
PLASPPlanner-seq,classical-domains,hiking-sat14-strips,ptesting-3-3-5,2014,TIMEOUT,,,,0.11,,1800.41,942.86,Hit the task time limit.
PLASPPlanner-seq,classical-domains,hiking-sat14-strips,ptesting-3-3-6,2014,TIMEOUT,,,,0.116,,1800.558,1204.82,Hit the task time limit.
PLASPPlanner-seq,classical-domains,hiking-sat14-strips,ptesting-3-3-7,2014,TIMEOUT,,,,0.115,,1800.846,1190.59,Hit the task time limit.
PLASPPlanner-seq,classical-domains,hiking-sat14-strips,ptesting-3-3-8,2014,TIMEOUT,,,,0.117,,1801.022,1849.23,Hit the task time limit.
PLASPPlanner-seq,classical-domains,hiking-sat14-strips,ptesting-3-4-5,2014,TIMEOUT,,,,0.115,,1800.51,1021.76,Hit the task time limit.
PLASPPlanner-seq,classical-domains,hiking-sat14-strips,ptesting-3-4-6,2014,TIMEOUT,,,,0.113,,1800.583,1243.24,Hit the task time limit.
PLASPPlanner-seq,classical-domains,hiking-sat14-strips,ptesting-3-4-7,2014,TIMEOUT,,,,0.126,,1800.932,1697.82,Hit the task time limit.
PLASPPlanner-seq,classical-domains,hiking-sat14-strips,ptesting-3-4-8,2014,TIMEOUT,,,,0.122,,1801.243,2185.58,Hit the task time limit.
PLASPPlanner-seq,classical-domains,logistics00,adl-98-prob01,2000,ERROR,,,,,,1.442,122.0,"SyntaxError: UPExpressionDefinitionError('In FluentExp, fluent: in has arity 1 but 2 parameters were passed.') Error from line: 26, col 30 to line: 26, col 46"
PLASPPlanner-seq,classical-domains,logistics00,adl-98-prob02,2000,ERROR,,,,,,1.428,122.0,"SyntaxError: UPExpressionDefinitionError('In FluentExp, fluent: in has arity 1 but 2 parameters were passed.') Error from line: 26, col 30 to line: 26, col 46"
PLASPPlanner-seq,classical-domains,logistics00,adl-98-prob03,2000,ERROR,,,,,,1.571,122.0,"SyntaxError: UPExpressionDefinitionError('In FluentExp, fluent: in has arity 1 but 2 parameters were passed.') Error from line: 26, col 30 to line: 26, col 46"
PLASPPlanner-seq,classical-domains,logistics00,adl-98-prob04,2000,ERROR,,,,,,1.547,122.0,"SyntaxError: UPExpressionDefinitionError('In FluentExp, fluent: in has arity 1 but 2 parameters were passed.') Error from line: 26, col 30 to line: 26, col 46"
PLASPPlanner-seq,classical-domains,logistics00,problogistics-100-0,2000,ERROR,,,,,,1.721,122.0,"SyntaxError: UPExpressionDefinitionError('In FluentExp, fluent: in has arity 1 but 2 parameters were passed.') Error from line: 26, col 30 to line: 26, col 46"
PLASPPlanner-seq,classical-domains,logistics00,problogistics-100-1,2000,ERROR,,,,,,1.699,126.0,"SyntaxError: UPExpressionDefinitionError('In FluentExp, fluent: in has arity 1 but 2 parameters were passed.') Error from line: 26, col 30 to line: 26, col 46"
PLASPPlanner-seq,classical-domains,logistics00,problogistics-16-0,2000,ERROR,,,,,,1.461,120.0,"SyntaxError: UPExpressionDefinitionError('In FluentExp, fluent: in has arity 1 but 2 parameters were passed.') Error from line: 26, col 30 to line: 26, col 46"
PLASPPlanner-seq,classical-domains,logistics00,problogistics-16-1,2000,ERROR,,,,,,1.446,122.0,"SyntaxError: UPExpressionDefinitionError('In FluentExp, fluent: in has arity 1 but 2 parameters were passed.') Error from line: 26, col 30 to line: 26, col 46"
PLASPPlanner-seq,classical-domains,logistics00,problogistics-17-0,2000,ERROR,,,,,,1.416,120.0,"SyntaxError: UPExpressionDefinitionError('In FluentExp, fluent: in has arity 1 but 2 parameters were passed.') Error from line: 26, col 30 to line: 26, col 46"
PLASPPlanner-seq,classical-domains,logistics00,problogistics-17-1,2000,ERROR,,,,,,1.411,122.0,"SyntaxError: UPExpressionDefinitionError('In FluentExp, fluent: in has arity 1 but 2 parameters were passed.') Error from line: 26, col 30 to line: 26, col 46"
PLASPPlanner-seq,classical-domains,logistics00,problogistics-18-0,2000,ERROR,,,,,,1.391,122.0,"SyntaxError: UPExpressionDefinitionError('In FluentExp, fluent: in has arity 1 but 2 parameters were passed.') Error from line: 26, col 30 to line: 26, col 46"
PLASPPlanner-seq,classical-domains,logistics00,problogistics-18-1,2000,ERROR,,,,,,1.398,122.0,"SyntaxError: UPExpressionDefinitionError('In FluentExp, fluent: in has arity 1 but 2 parameters were passed.') Error from line: 26, col 30 to line: 26, col 46"
PLASPPlanner-seq,classical-domains,logistics00,problogistics-19-0,2000,ERROR,,,,,,1.397,120.0,"SyntaxError: UPExpressionDefinitionError('In FluentExp, fluent: in has arity 1 but 2 parameters were passed.') Error from line: 26, col 30 to line: 26, col 46"
PLASPPlanner-seq,classical-domains,logistics00,problogistics-19-1,2000,ERROR,,,,,,1.381,122.0,"SyntaxError: UPExpressionDefinitionError('In FluentExp, fluent: in has arity 1 but 2 parameters were passed.') Error from line: 26, col 30 to line: 26, col 46"
PLASPPlanner-seq,classical-domains,logistics00,problogistics-20-0,2000,ERROR,,,,,,1.419,120.0,"SyntaxError: UPExpressionDefinitionError('In FluentExp, fluent: in has arity 1 but 2 parameters were passed.') Error from line: 26, col 30 to line: 26, col 46"
PLASPPlanner-seq,classical-domains,logistics00,problogistics-20-1,2000,ERROR,,,,,,1.405,122.0,"SyntaxError: UPExpressionDefinitionError('In FluentExp, fluent: in has arity 1 but 2 parameters were passed.') Error from line: 26, col 30 to line: 26, col 46"
PLASPPlanner-seq,classical-domains,logistics00,problogistics-21-0,2000,ERROR,,,,,,1.415,122.0,"SyntaxError: UPExpressionDefinitionError('In FluentExp, fluent: in has arity 1 but 2 parameters were passed.') Error from line: 26, col 30 to line: 26, col 46"
PLASPPlanner-seq,classical-domains,logistics00,problogistics-21-1,2000,ERROR,,,,,,1.389,120.0,"SyntaxError: UPExpressionDefinitionError('In FluentExp, fluent: in has arity 1 but 2 parameters were passed.') Error from line: 26, col 30 to line: 26, col 46"
PLASPPlanner-seq,classical-domains,logistics00,problogistics-22-0,2000,ERROR,,,,,,1.457,122.0,"SyntaxError: UPExpressionDefinitionError('In FluentExp, fluent: in has arity 1 but 2 parameters were passed.') Error from line: 26, col 30 to line: 26, col 46"
PLASPPlanner-seq,classical-domains,logistics00,problogistics-22-1,2000,ERROR,,,,,,1.504,120.0,"SyntaxError: UPExpressionDefinitionError('In FluentExp, fluent: in has arity 1 but 2 parameters were passed.') Error from line: 26, col 30 to line: 26, col 46"
PLASPPlanner-seq,classical-domains,logistics00,problogistics-23-0,2000,ERROR,,,,,,1.6,122.0,"SyntaxError: UPExpressionDefinitionError('In FluentExp, fluent: in has arity 1 but 2 parameters were passed.') Error from line: 26, col 30 to line: 26, col 46"
PLASPPlanner-seq,classical-domains,logistics00,problogistics-23-1,2000,ERROR,,,,,,1.455,122.0,"SyntaxError: UPExpressionDefinitionError('In FluentExp, fluent: in has arity 1 but 2 parameters were passed.') Error from line: 26, col 30 to line: 26, col 46"
PLASPPlanner-seq,classical-domains,logistics00,problogistics-24-0,2000,ERROR,,,,,,1.468,120.0,"SyntaxError: UPExpressionDefinitionError('In FluentExp, fluent: in has arity 1 but 2 parameters were passed.') Error from line: 26, col 30 to line: 26, col 46"
PLASPPlanner-seq,classical-domains,logistics00,problogistics-24-1,2000,ERROR,,,,,,1.606,120.0,"SyntaxError: UPExpressionDefinitionError('In FluentExp, fluent: in has arity 1 but 2 parameters were passed.') Error from line: 26, col 30 to line: 26, col 46"
PLASPPlanner-seq,classical-domains,logistics00,problogistics-25-0,2000,ERROR,,,,,,1.559,122.0,"SyntaxError: UPExpressionDefinitionError('In FluentExp, fluent: in has arity 1 but 2 parameters were passed.') Error from line: 26, col 30 to line: 26, col 46"
PLASPPlanner-seq,classical-domains,logistics00,problogistics-25-1,2000,ERROR,,,,,,1.568,122.0,"SyntaxError: UPExpressionDefinitionError('In FluentExp, fluent: in has arity 1 but 2 parameters were passed.') Error from line: 26, col 30 to line: 26, col 46"
PLASPPlanner-seq,classical-domains,logistics00,problogistics-26-0,2000,ERROR,,,,,,1.506,122.0,"SyntaxError: UPExpressionDefinitionError('In FluentExp, fluent: in has arity 1 but 2 parameters were passed.') Error from line: 26, col 30 to line: 26, col 46"
PLASPPlanner-seq,classical-domains,logistics00,problogistics-26-1,2000,ERROR,,,,,,1.525,122.0,"SyntaxError: UPExpressionDefinitionError('In FluentExp, fluent: in has arity 1 but 2 parameters were passed.') Error from line: 26, col 30 to line: 26, col 46"
PLASPPlanner-seq,classical-domains,logistics00,problogistics-27-0,2000,ERROR,,,,,,1.519,122.0,"SyntaxError: UPExpressionDefinitionError('In FluentExp, fluent: in has arity 1 but 2 parameters were passed.') Error from line: 26, col 30 to line: 26, col 46"
PLASPPlanner-seq,classical-domains,logistics00,problogistics-27-1,2000,ERROR,,,,,,1.449,120.0,"SyntaxError: UPExpressionDefinitionError('In FluentExp, fluent: in has arity 1 but 2 parameters were passed.') Error from line: 26, col 30 to line: 26, col 46"
PLASPPlanner-seq,classical-domains,logistics00,problogistics-28-0,2000,ERROR,,,,,,1.531,122.0,"SyntaxError: UPExpressionDefinitionError('In FluentExp, fluent: in has arity 1 but 2 parameters were passed.') Error from line: 26, col 30 to line: 26, col 46"
PLASPPlanner-seq,classical-domains,logistics00,problogistics-28-1,2000,ERROR,,,,,,1.565,122.0,"SyntaxError: UPExpressionDefinitionError('In FluentExp, fluent: in has arity 1 but 2 parameters were passed.') Error from line: 26, col 30 to line: 26, col 46"
PLASPPlanner-seq,classical-domains,logistics00,problogistics-29-0,2000,ERROR,,,,,,1.488,120.0,"SyntaxError: UPExpressionDefinitionError('In FluentExp, fluent: in has arity 1 but 2 parameters were passed.') Error from line: 26, col 30 to line: 26, col 46"
PLASPPlanner-seq,classical-domains,logistics00,problogistics-29-1,2000,ERROR,,,,,,1.469,122.0,"SyntaxError: UPExpressionDefinitionError('In FluentExp, fluent: in has arity 1 but 2 parameters were passed.') Error from line: 26, col 30 to line: 26, col 46"
PLASPPlanner-seq,classical-domains,logistics00,problogistics-30-0,2000,ERROR,,,,,,1.444,122.0,"SyntaxError: UPExpressionDefinitionError('In FluentExp, fluent: in has arity 1 but 2 parameters were passed.') Error from line: 26, col 30 to line: 26, col 46"
PLASPPlanner-seq,classical-domains,logistics00,problogistics-30-1,2000,ERROR,,,,,,1.554,122.0,"SyntaxError: UPExpressionDefinitionError('In FluentExp, fluent: in has arity 1 but 2 parameters were passed.') Error from line: 26, col 30 to line: 26, col 46"
PLASPPlanner-seq,classical-domains,logistics00,problogistics-31-0,2000,ERROR,,,,,,1.517,122.0,"SyntaxError: UPExpressionDefinitionError('In FluentExp, fluent: in has arity 1 but 2 parameters were passed.') Error from line: 26, col 30 to line: 26, col 46"
PLASPPlanner-seq,classical-domains,logistics00,problogistics-31-1,2000,ERROR,,,,,,1.473,120.0,"SyntaxError: UPExpressionDefinitionError('In FluentExp, fluent: in has arity 1 but 2 parameters were passed.') Error from line: 26, col 30 to line: 26, col 46"
PLASPPlanner-seq,classical-domains,logistics00,problogistics-32-0,2000,ERROR,,,,,,1.517,122.0,"SyntaxError: UPExpressionDefinitionError('In FluentExp, fluent: in has arity 1 but 2 parameters were passed.') Error from line: 26, col 30 to line: 26, col 46"
PLASPPlanner-seq,classical-domains,logistics00,problogistics-32-1,2000,ERROR,,,,,,1.537,122.0,"SyntaxError: UPExpressionDefinitionError('In FluentExp, fluent: in has arity 1 but 2 parameters were passed.') Error from line: 26, col 30 to line: 26, col 46"
PLASPPlanner-seq,classical-domains,logistics00,problogistics-33-0,2000,ERROR,,,,,,1.503,122.0,"SyntaxError: UPExpressionDefinitionError('In FluentExp, fluent: in has arity 1 but 2 parameters were passed.') Error from line: 26, col 30 to line: 26, col 46"
PLASPPlanner-seq,classical-domains,logistics00,problogistics-33-1,2000,ERROR,,,,,,1.44,120.0,"SyntaxError: UPExpressionDefinitionError('In FluentExp, fluent: in has arity 1 but 2 parameters were passed.') Error from line: 26, col 30 to line: 26, col 46"
PLASPPlanner-seq,classical-domains,logistics00,problogistics-34-0,2000,ERROR,,,,,,1.441,122.0,"SyntaxError: UPExpressionDefinitionError('In FluentExp, fluent: in has arity 1 but 2 parameters were passed.') Error from line: 26, col 30 to line: 26, col 46"
PLASPPlanner-seq,classical-domains,logistics00,problogistics-34-1,2000,ERROR,,,,,,1.545,120.0,"SyntaxError: UPExpressionDefinitionError('In FluentExp, fluent: in has arity 1 but 2 parameters were passed.') Error from line: 26, col 30 to line: 26, col 46"
PLASPPlanner-seq,classical-domains,logistics00,problogistics-35-0,2000,ERROR,,,,,,1.534,122.0,"SyntaxError: UPExpressionDefinitionError('In FluentExp, fluent: in has arity 1 but 2 parameters were passed.') Error from line: 26, col 30 to line: 26, col 46"
PLASPPlanner-seq,classical-domains,logistics00,problogistics-35-1,2000,ERROR,,,,,,1.494,120.0,"SyntaxError: UPExpressionDefinitionError('In FluentExp, fluent: in has arity 1 but 2 parameters were passed.') Error from line: 26, col 30 to line: 26, col 46"
PLASPPlanner-seq,classical-domains,logistics00,problogistics-36-0,2000,ERROR,,,,,,1.526,120.0,"SyntaxError: UPExpressionDefinitionError('In FluentExp, fluent: in has arity 1 but 2 parameters were passed.') Error from line: 26, col 30 to line: 26, col 46"
PLASPPlanner-seq,classical-domains,logistics00,problogistics-36-1,2000,ERROR,,,,,,1.594,122.0,"SyntaxError: UPExpressionDefinitionError('In FluentExp, fluent: in has arity 1 but 2 parameters were passed.') Error from line: 26, col 30 to line: 26, col 46"
PLASPPlanner-seq,classical-domains,logistics00,problogistics-37-0,2000,ERROR,,,,,,1.498,122.0,"SyntaxError: UPExpressionDefinitionError('In FluentExp, fluent: in has arity 1 but 2 parameters were passed.') Error from line: 26, col 30 to line: 26, col 46"
PLASPPlanner-seq,classical-domains,logistics00,problogistics-37-1,2000,ERROR,,,,,,1.502,120.0,"SyntaxError: UPExpressionDefinitionError('In FluentExp, fluent: in has arity 1 but 2 parameters were passed.') Error from line: 26, col 30 to line: 26, col 46"
PLASPPlanner-seq,classical-domains,logistics00,problogistics-38-0,2000,ERROR,,,,,,1.477,120.0,"SyntaxError: UPExpressionDefinitionError('In FluentExp, fluent: in has arity 1 but 2 parameters were passed.') Error from line: 26, col 30 to line: 26, col 46"
PLASPPlanner-seq,classical-domains,logistics00,problogistics-38-1,2000,ERROR,,,,,,1.526,124.0,"SyntaxError: UPExpressionDefinitionError('In FluentExp, fluent: in has arity 1 but 2 parameters were passed.') Error from line: 26, col 30 to line: 26, col 46"
PLASPPlanner-seq,classical-domains,logistics00,problogistics-39-0,2000,ERROR,,,,,,1.526,124.0,"SyntaxError: UPExpressionDefinitionError('In FluentExp, fluent: in has arity 1 but 2 parameters were passed.') Error from line: 26, col 30 to line: 26, col 46"
PLASPPlanner-seq,classical-domains,logistics00,problogistics-39-1,2000,ERROR,,,,,,1.554,122.0,"SyntaxError: UPExpressionDefinitionError('In FluentExp, fluent: in has arity 1 but 2 parameters were passed.') Error from line: 26, col 30 to line: 26, col 46"
PLASPPlanner-seq,classical-domains,logistics00,problogistics-40-0,2000,ERROR,,,,,,1.562,122.0,"SyntaxError: UPExpressionDefinitionError('In FluentExp, fluent: in has arity 1 but 2 parameters were passed.') Error from line: 26, col 30 to line: 26, col 46"
PLASPPlanner-seq,classical-domains,logistics00,problogistics-40-1,2000,ERROR,,,,,,1.595,124.0,"SyntaxError: UPExpressionDefinitionError('In FluentExp, fluent: in has arity 1 but 2 parameters were passed.') Error from line: 26, col 30 to line: 26, col 46"
PLASPPlanner-seq,classical-domains,logistics00,problogistics-41-0,2000,ERROR,,,,,,1.605,124.0,"SyntaxError: UPExpressionDefinitionError('In FluentExp, fluent: in has arity 1 but 2 parameters were passed.') Error from line: 26, col 30 to line: 26, col 46"
PLASPPlanner-seq,classical-domains,logistics00,problogistics-41-1,2000,ERROR,,,,,,1.518,124.0,"SyntaxError: UPExpressionDefinitionError('In FluentExp, fluent: in has arity 1 but 2 parameters were passed.') Error from line: 26, col 30 to line: 26, col 46"
PLASPPlanner-seq,classical-domains,logistics00,problogistics-42-0,2000,ERROR,,,,,,1.501,122.0,"SyntaxError: UPExpressionDefinitionError('In FluentExp, fluent: in has arity 1 but 2 parameters were passed.') Error from line: 26, col 30 to line: 26, col 46"
PLASPPlanner-seq,classical-domains,logistics00,problogistics-42-1,2000,ERROR,,,,,,1.587,124.0,"SyntaxError: UPExpressionDefinitionError('In FluentExp, fluent: in has arity 1 but 2 parameters were passed.') Error from line: 26, col 30 to line: 26, col 46"
PLASPPlanner-seq,classical-domains,logistics00,problogistics-43-0,2000,ERROR,,,,,,1.495,124.0,"SyntaxError: UPExpressionDefinitionError('In FluentExp, fluent: in has arity 1 but 2 parameters were passed.') Error from line: 26, col 30 to line: 26, col 46"
PLASPPlanner-seq,classical-domains,logistics00,problogistics-43-1,2000,ERROR,,,,,,1.537,124.0,"SyntaxError: UPExpressionDefinitionError('In FluentExp, fluent: in has arity 1 but 2 parameters were passed.') Error from line: 26, col 30 to line: 26, col 46"
PLASPPlanner-seq,classical-domains,logistics00,problogistics-44-0,2000,ERROR,,,,,,1.583,124.0,"SyntaxError: UPExpressionDefinitionError('In FluentExp, fluent: in has arity 1 but 2 parameters were passed.') Error from line: 26, col 30 to line: 26, col 46"
PLASPPlanner-seq,classical-domains,logistics00,problogistics-44-1,2000,ERROR,,,,,,1.622,122.0,"SyntaxError: UPExpressionDefinitionError('In FluentExp, fluent: in has arity 1 but 2 parameters were passed.') Error from line: 26, col 30 to line: 26, col 46"
PLASPPlanner-seq,classical-domains,logistics00,problogistics-45-0,2000,ERROR,,,,,,1.562,124.0,"SyntaxError: UPExpressionDefinitionError('In FluentExp, fluent: in has arity 1 but 2 parameters were passed.') Error from line: 26, col 30 to line: 26, col 46"
PLASPPlanner-seq,classical-domains,logistics00,problogistics-45-1,2000,ERROR,,,,,,1.488,120.0,"SyntaxError: UPExpressionDefinitionError('In FluentExp, fluent: in has arity 1 but 2 parameters were passed.') Error from line: 26, col 30 to line: 26, col 46"
PLASPPlanner-seq,classical-domains,logistics00,problogistics-46-0,2000,ERROR,,,,,,1.535,124.0,"SyntaxError: UPExpressionDefinitionError('In FluentExp, fluent: in has arity 1 but 2 parameters were passed.') Error from line: 26, col 30 to line: 26, col 46"
PLASPPlanner-seq,classical-domains,logistics00,problogistics-46-1,2000,ERROR,,,,,,1.553,120.0,"SyntaxError: UPExpressionDefinitionError('In FluentExp, fluent: in has arity 1 but 2 parameters were passed.') Error from line: 26, col 30 to line: 26, col 46"
PLASPPlanner-seq,classical-domains,logistics00,problogistics-47-0,2000,ERROR,,,,,,1.633,120.0,"SyntaxError: UPExpressionDefinitionError('In FluentExp, fluent: in has arity 1 but 2 parameters were passed.') Error from line: 26, col 30 to line: 26, col 46"
PLASPPlanner-seq,classical-domains,logistics00,problogistics-47-1,2000,ERROR,,,,,,1.521,124.0,"SyntaxError: UPExpressionDefinitionError('In FluentExp, fluent: in has arity 1 but 2 parameters were passed.') Error from line: 26, col 30 to line: 26, col 46"
PLASPPlanner-seq,classical-domains,logistics00,problogistics-48-0,2000,ERROR,,,,,,1.549,120.0,"SyntaxError: UPExpressionDefinitionError('In FluentExp, fluent: in has arity 1 but 2 parameters were passed.') Error from line: 26, col 30 to line: 26, col 46"
PLASPPlanner-seq,classical-domains,logistics00,problogistics-48-1,2000,ERROR,,,,,,1.584,124.0,"SyntaxError: UPExpressionDefinitionError('In FluentExp, fluent: in has arity 1 but 2 parameters were passed.') Error from line: 26, col 30 to line: 26, col 46"
PLASPPlanner-seq,classical-domains,logistics00,problogistics-49-0,2000,ERROR,,,,,,1.52,124.0,"SyntaxError: UPExpressionDefinitionError('In FluentExp, fluent: in has arity 1 but 2 parameters were passed.') Error from line: 26, col 30 to line: 26, col 46"
PLASPPlanner-seq,classical-domains,logistics00,problogistics-49-1,2000,ERROR,,,,,,1.571,122.0,"SyntaxError: UPExpressionDefinitionError('In FluentExp, fluent: in has arity 1 but 2 parameters were passed.') Error from line: 26, col 30 to line: 26, col 46"
PLASPPlanner-seq,classical-domains,logistics00,problogistics-50-0,2000,ERROR,,,,,,1.457,124.0,"SyntaxError: UPExpressionDefinitionError('In FluentExp, fluent: in has arity 1 but 2 parameters were passed.') Error from line: 26, col 30 to line: 26, col 46"
PLASPPlanner-seq,classical-domains,logistics00,problogistics-50-1,2000,ERROR,,,,,,1.461,120.0,"SyntaxError: UPExpressionDefinitionError('In FluentExp, fluent: in has arity 1 but 2 parameters were passed.') Error from line: 26, col 30 to line: 26, col 46"
PLASPPlanner-seq,classical-domains,logistics00,problogistics-51-0,2000,ERROR,,,,,,1.608,124.0,"SyntaxError: UPExpressionDefinitionError('In FluentExp, fluent: in has arity 1 but 2 parameters were passed.') Error from line: 26, col 30 to line: 26, col 46"
PLASPPlanner-seq,classical-domains,logistics00,problogistics-51-1,2000,ERROR,,,,,,1.496,122.0,"SyntaxError: UPExpressionDefinitionError('In FluentExp, fluent: in has arity 1 but 2 parameters were passed.') Error from line: 26, col 30 to line: 26, col 46"
PLASPPlanner-seq,classical-domains,logistics00,problogistics-52-0,2000,ERROR,,,,,,1.555,120.0,"SyntaxError: UPExpressionDefinitionError('In FluentExp, fluent: in has arity 1 but 2 parameters were passed.') Error from line: 26, col 30 to line: 26, col 46"
PLASPPlanner-seq,classical-domains,logistics00,problogistics-52-1,2000,ERROR,,,,,,1.569,124.0,"SyntaxError: UPExpressionDefinitionError('In FluentExp, fluent: in has arity 1 but 2 parameters were passed.') Error from line: 26, col 30 to line: 26, col 46"
PLASPPlanner-seq,classical-domains,logistics00,problogistics-53-0,2000,ERROR,,,,,,1.599,124.0,"SyntaxError: UPExpressionDefinitionError('In FluentExp, fluent: in has arity 1 but 2 parameters were passed.') Error from line: 26, col 30 to line: 26, col 46"
PLASPPlanner-seq,classical-domains,logistics00,problogistics-53-1,2000,ERROR,,,,,,1.608,124.0,"SyntaxError: UPExpressionDefinitionError('In FluentExp, fluent: in has arity 1 but 2 parameters were passed.') Error from line: 26, col 30 to line: 26, col 46"
PLASPPlanner-seq,classical-domains,logistics00,problogistics-54-0,2000,ERROR,,,,,,1.586,122.0,"SyntaxError: UPExpressionDefinitionError('In FluentExp, fluent: in has arity 1 but 2 parameters were passed.') Error from line: 26, col 30 to line: 26, col 46"
PLASPPlanner-seq,classical-domains,logistics00,problogistics-54-1,2000,ERROR,,,,,,1.578,124.0,"SyntaxError: UPExpressionDefinitionError('In FluentExp, fluent: in has arity 1 but 2 parameters were passed.') Error from line: 26, col 30 to line: 26, col 46"
PLASPPlanner-seq,classical-domains,logistics00,problogistics-55-0,2000,ERROR,,,,,,1.48,124.0,"SyntaxError: UPExpressionDefinitionError('In FluentExp, fluent: in has arity 1 but 2 parameters were passed.') Error from line: 26, col 30 to line: 26, col 46"
PLASPPlanner-seq,classical-domains,logistics00,problogistics-55-1,2000,ERROR,,,,,,1.472,124.0,"SyntaxError: UPExpressionDefinitionError('In FluentExp, fluent: in has arity 1 but 2 parameters were passed.') Error from line: 26, col 30 to line: 26, col 46"
PLASPPlanner-seq,classical-domains,logistics00,problogistics-56-0,2000,ERROR,,,,,,1.474,124.0,"SyntaxError: UPExpressionDefinitionError('In FluentExp, fluent: in has arity 1 but 2 parameters were passed.') Error from line: 26, col 30 to line: 26, col 46"
PLASPPlanner-seq,classical-domains,logistics00,problogistics-56-1,2000,ERROR,,,,,,1.47,124.0,"SyntaxError: UPExpressionDefinitionError('In FluentExp, fluent: in has arity 1 but 2 parameters were passed.') Error from line: 26, col 30 to line: 26, col 46"
PLASPPlanner-seq,classical-domains,logistics00,problogistics-57-0,2000,ERROR,,,,,,1.504,124.0,"SyntaxError: UPExpressionDefinitionError('In FluentExp, fluent: in has arity 1 but 2 parameters were passed.') Error from line: 26, col 30 to line: 26, col 46"
PLASPPlanner-seq,classical-domains,logistics00,problogistics-57-1,2000,ERROR,,,,,,1.625,124.0,"SyntaxError: UPExpressionDefinitionError('In FluentExp, fluent: in has arity 1 but 2 parameters were passed.') Error from line: 26, col 30 to line: 26, col 46"
PLASPPlanner-seq,classical-domains,logistics00,problogistics-58-0,2000,ERROR,,,,,,1.64,122.0,"SyntaxError: UPExpressionDefinitionError('In FluentExp, fluent: in has arity 1 but 2 parameters were passed.') Error from line: 26, col 30 to line: 26, col 46"
PLASPPlanner-seq,classical-domains,logistics00,problogistics-58-1,2000,ERROR,,,,,,1.551,124.0,"SyntaxError: UPExpressionDefinitionError('In FluentExp, fluent: in has arity 1 but 2 parameters were passed.') Error from line: 26, col 30 to line: 26, col 46"
PLASPPlanner-seq,classical-domains,logistics00,problogistics-59-0,2000,ERROR,,,,,,1.582,122.0,"SyntaxError: UPExpressionDefinitionError('In FluentExp, fluent: in has arity 1 but 2 parameters were passed.') Error from line: 26, col 30 to line: 26, col 46"
PLASPPlanner-seq,classical-domains,logistics00,problogistics-59-1,2000,ERROR,,,,,,1.561,122.0,"SyntaxError: UPExpressionDefinitionError('In FluentExp, fluent: in has arity 1 but 2 parameters were passed.') Error from line: 26, col 30 to line: 26, col 46"
PLASPPlanner-seq,classical-domains,logistics00,problogistics-60-0,2000,ERROR,,,,,,1.576,122.0,"SyntaxError: UPExpressionDefinitionError('In FluentExp, fluent: in has arity 1 but 2 parameters were passed.') Error from line: 26, col 30 to line: 26, col 46"
PLASPPlanner-seq,classical-domains,logistics00,problogistics-60-1,2000,ERROR,,,,,,1.621,124.0,"SyntaxError: UPExpressionDefinitionError('In FluentExp, fluent: in has arity 1 but 2 parameters were passed.') Error from line: 26, col 30 to line: 26, col 46"
PLASPPlanner-seq,classical-domains,logistics00,problogistics-61-0,2000,ERROR,,,,,,1.564,122.0,"SyntaxError: UPExpressionDefinitionError('In FluentExp, fluent: in has arity 1 but 2 parameters were passed.') Error from line: 26, col 30 to line: 26, col 46"
PLASPPlanner-seq,classical-domains,logistics00,problogistics-61-1,2000,ERROR,,,,,,1.482,122.0,"SyntaxError: UPExpressionDefinitionError('In FluentExp, fluent: in has arity 1 but 2 parameters were passed.') Error from line: 26, col 30 to line: 26, col 46"
PLASPPlanner-seq,classical-domains,logistics00,problogistics-62-0,2000,ERROR,,,,,,1.505,122.0,"SyntaxError: UPExpressionDefinitionError('In FluentExp, fluent: in has arity 1 but 2 parameters were passed.') Error from line: 26, col 30 to line: 26, col 46"
PLASPPlanner-seq,classical-domains,logistics00,problogistics-62-1,2000,ERROR,,,,,,1.527,124.0,"SyntaxError: UPExpressionDefinitionError('In FluentExp, fluent: in has arity 1 but 2 parameters were passed.') Error from line: 26, col 30 to line: 26, col 46"
PLASPPlanner-seq,classical-domains,logistics00,problogistics-63-0,2000,ERROR,,,,,,1.537,120.0,"SyntaxError: UPExpressionDefinitionError('In FluentExp, fluent: in has arity 1 but 2 parameters were passed.') Error from line: 26, col 30 to line: 26, col 46"
PLASPPlanner-seq,classical-domains,logistics00,problogistics-63-1,2000,ERROR,,,,,,1.535,122.0,"SyntaxError: UPExpressionDefinitionError('In FluentExp, fluent: in has arity 1 but 2 parameters were passed.') Error from line: 26, col 30 to line: 26, col 46"
PLASPPlanner-seq,classical-domains,logistics00,problogistics-64-0,2000,ERROR,,,,,,1.606,124.0,"SyntaxError: UPExpressionDefinitionError('In FluentExp, fluent: in has arity 1 but 2 parameters were passed.') Error from line: 26, col 30 to line: 26, col 46"
PLASPPlanner-seq,classical-domains,logistics00,problogistics-64-1,2000,ERROR,,,,,,1.594,124.0,"SyntaxError: UPExpressionDefinitionError('In FluentExp, fluent: in has arity 1 but 2 parameters were passed.') Error from line: 26, col 30 to line: 26, col 46"
PLASPPlanner-seq,classical-domains,logistics00,problogistics-65-0,2000,ERROR,,,,,,1.598,124.0,"SyntaxError: UPExpressionDefinitionError('In FluentExp, fluent: in has arity 1 but 2 parameters were passed.') Error from line: 26, col 30 to line: 26, col 46"
PLASPPlanner-seq,classical-domains,logistics00,problogistics-65-1,2000,ERROR,,,,,,1.595,124.0,"SyntaxError: UPExpressionDefinitionError('In FluentExp, fluent: in has arity 1 but 2 parameters were passed.') Error from line: 26, col 30 to line: 26, col 46"
PLASPPlanner-seq,classical-domains,logistics00,problogistics-66-0,2000,ERROR,,,,,,1.6,124.0,"SyntaxError: UPExpressionDefinitionError('In FluentExp, fluent: in has arity 1 but 2 parameters were passed.') Error from line: 26, col 30 to line: 26, col 46"
PLASPPlanner-seq,classical-domains,logistics00,problogistics-66-1,2000,ERROR,,,,,,1.565,122.0,"SyntaxError: UPExpressionDefinitionError('In FluentExp, fluent: in has arity 1 but 2 parameters were passed.') Error from line: 26, col 30 to line: 26, col 46"
PLASPPlanner-seq,classical-domains,logistics00,problogistics-67-0,2000,ERROR,,,,,,1.569,122.0,"SyntaxError: UPExpressionDefinitionError('In FluentExp, fluent: in has arity 1 but 2 parameters were passed.') Error from line: 26, col 30 to line: 26, col 46"
PLASPPlanner-seq,classical-domains,logistics00,problogistics-67-1,2000,ERROR,,,,,,1.543,124.0,"SyntaxError: UPExpressionDefinitionError('In FluentExp, fluent: in has arity 1 but 2 parameters were passed.') Error from line: 26, col 30 to line: 26, col 46"
PLASPPlanner-seq,classical-domains,logistics00,problogistics-68-0,2000,ERROR,,,,,,1.524,124.0,"SyntaxError: UPExpressionDefinitionError('In FluentExp, fluent: in has arity 1 but 2 parameters were passed.') Error from line: 26, col 30 to line: 26, col 46"
PLASPPlanner-seq,classical-domains,logistics00,problogistics-68-1,2000,ERROR,,,,,,1.504,122.0,"SyntaxError: UPExpressionDefinitionError('In FluentExp, fluent: in has arity 1 but 2 parameters were passed.') Error from line: 26, col 30 to line: 26, col 46"
PLASPPlanner-seq,classical-domains,logistics00,problogistics-69-0,2000,ERROR,,,,,,1.524,124.0,"SyntaxError: UPExpressionDefinitionError('In FluentExp, fluent: in has arity 1 but 2 parameters were passed.') Error from line: 26, col 30 to line: 26, col 46"
PLASPPlanner-seq,classical-domains,logistics00,problogistics-69-1,2000,ERROR,,,,,,1.511,124.0,"SyntaxError: UPExpressionDefinitionError('In FluentExp, fluent: in has arity 1 but 2 parameters were passed.') Error from line: 26, col 30 to line: 26, col 46"
PLASPPlanner-seq,classical-domains,logistics00,problogistics-70-0,2000,ERROR,,,,,,1.524,122.0,"SyntaxError: UPExpressionDefinitionError('In FluentExp, fluent: in has arity 1 but 2 parameters were passed.') Error from line: 26, col 30 to line: 26, col 46"
PLASPPlanner-seq,classical-domains,logistics00,problogistics-70-1,2000,ERROR,,,,,,1.586,122.0,"SyntaxError: UPExpressionDefinitionError('In FluentExp, fluent: in has arity 1 but 2 parameters were passed.') Error from line: 26, col 30 to line: 26, col 46"
PLASPPlanner-seq,classical-domains,logistics00,problogistics-71-0,2000,ERROR,,,,,,1.587,124.0,"SyntaxError: UPExpressionDefinitionError('In FluentExp, fluent: in has arity 1 but 2 parameters were passed.') Error from line: 26, col 30 to line: 26, col 46"
PLASPPlanner-seq,classical-domains,logistics00,problogistics-71-1,2000,ERROR,,,,,,1.631,124.0,"SyntaxError: UPExpressionDefinitionError('In FluentExp, fluent: in has arity 1 but 2 parameters were passed.') Error from line: 26, col 30 to line: 26, col 46"
PLASPPlanner-seq,classical-domains,logistics00,problogistics-72-0,2000,ERROR,,,,,,1.591,124.0,"SyntaxError: UPExpressionDefinitionError('In FluentExp, fluent: in has arity 1 but 2 parameters were passed.') Error from line: 26, col 30 to line: 26, col 46"
PLASPPlanner-seq,classical-domains,logistics00,problogistics-72-1,2000,ERROR,,,,,,1.553,124.0,"SyntaxError: UPExpressionDefinitionError('In FluentExp, fluent: in has arity 1 but 2 parameters were passed.') Error from line: 26, col 30 to line: 26, col 46"
PLASPPlanner-seq,classical-domains,logistics00,problogistics-73-0,2000,ERROR,,,,,,1.666,122.0,"SyntaxError: UPExpressionDefinitionError('In FluentExp, fluent: in has arity 1 but 2 parameters were passed.') Error from line: 26, col 30 to line: 26, col 46"
PLASPPlanner-seq,classical-domains,logistics00,problogistics-73-1,2000,ERROR,,,,,,1.658,124.0,"SyntaxError: UPExpressionDefinitionError('In FluentExp, fluent: in has arity 1 but 2 parameters were passed.') Error from line: 26, col 30 to line: 26, col 46"
PLASPPlanner-seq,classical-domains,logistics00,problogistics-74-0,2000,ERROR,,,,,,1.67,122.0,"SyntaxError: UPExpressionDefinitionError('In FluentExp, fluent: in has arity 1 but 2 parameters were passed.') Error from line: 26, col 30 to line: 26, col 46"
PLASPPlanner-seq,classical-domains,logistics00,problogistics-74-1,2000,ERROR,,,,,,1.534,122.0,"SyntaxError: UPExpressionDefinitionError('In FluentExp, fluent: in has arity 1 but 2 parameters were passed.') Error from line: 26, col 30 to line: 26, col 46"
PLASPPlanner-seq,classical-domains,logistics00,problogistics-75-0,2000,ERROR,,,,,,1.59,120.0,"SyntaxError: UPExpressionDefinitionError('In FluentExp, fluent: in has arity 1 but 2 parameters were passed.') Error from line: 26, col 30 to line: 26, col 46"
PLASPPlanner-seq,classical-domains,logistics00,problogistics-75-1,2000,ERROR,,,,,,1.61,124.0,"SyntaxError: UPExpressionDefinitionError('In FluentExp, fluent: in has arity 1 but 2 parameters were passed.') Error from line: 26, col 30 to line: 26, col 46"
PLASPPlanner-seq,classical-domains,logistics00,problogistics-76-0,2000,ERROR,,,,,,1.533,124.0,"SyntaxError: UPExpressionDefinitionError('In FluentExp, fluent: in has arity 1 but 2 parameters were passed.') Error from line: 26, col 30 to line: 26, col 46"
PLASPPlanner-seq,classical-domains,logistics00,problogistics-76-1,2000,ERROR,,,,,,1.514,124.0,"SyntaxError: UPExpressionDefinitionError('In FluentExp, fluent: in has arity 1 but 2 parameters were passed.') Error from line: 26, col 30 to line: 26, col 46"
PLASPPlanner-seq,classical-domains,logistics00,problogistics-77-0,2000,ERROR,,,,,,1.511,122.0,"SyntaxError: UPExpressionDefinitionError('In FluentExp, fluent: in has arity 1 but 2 parameters were passed.') Error from line: 26, col 30 to line: 26, col 46"
PLASPPlanner-seq,classical-domains,logistics00,problogistics-77-1,2000,ERROR,,,,,,1.527,124.0,"SyntaxError: UPExpressionDefinitionError('In FluentExp, fluent: in has arity 1 but 2 parameters were passed.') Error from line: 26, col 30 to line: 26, col 46"
PLASPPlanner-seq,classical-domains,logistics00,problogistics-78-0,2000,ERROR,,,,,,1.53,124.0,"SyntaxError: UPExpressionDefinitionError('In FluentExp, fluent: in has arity 1 but 2 parameters were passed.') Error from line: 26, col 30 to line: 26, col 46"
PLASPPlanner-seq,classical-domains,logistics00,problogistics-78-1,2000,ERROR,,,,,,1.645,124.0,"SyntaxError: UPExpressionDefinitionError('In FluentExp, fluent: in has arity 1 but 2 parameters were passed.') Error from line: 26, col 30 to line: 26, col 46"
PLASPPlanner-seq,classical-domains,logistics00,problogistics-79-0,2000,ERROR,,,,,,1.624,124.0,"SyntaxError: UPExpressionDefinitionError('In FluentExp, fluent: in has arity 1 but 2 parameters were passed.') Error from line: 26, col 30 to line: 26, col 46"
PLASPPlanner-seq,classical-domains,logistics00,problogistics-79-1,2000,ERROR,,,,,,1.631,124.0,"SyntaxError: UPExpressionDefinitionError('In FluentExp, fluent: in has arity 1 but 2 parameters were passed.') Error from line: 26, col 30 to line: 26, col 46"
PLASPPlanner-seq,classical-domains,logistics00,problogistics-80-0,2000,ERROR,,,,,,1.604,124.0,"SyntaxError: UPExpressionDefinitionError('In FluentExp, fluent: in has arity 1 but 2 parameters were passed.') Error from line: 26, col 30 to line: 26, col 46"
PLASPPlanner-seq,classical-domains,logistics00,problogistics-80-1,2000,ERROR,,,,,,1.649,124.0,"SyntaxError: UPExpressionDefinitionError('In FluentExp, fluent: in has arity 1 but 2 parameters were passed.') Error from line: 26, col 30 to line: 26, col 46"
PLASPPlanner-seq,classical-domains,logistics00,problogistics-81-0,2000,ERROR,,,,,,1.568,122.0,"SyntaxError: UPExpressionDefinitionError('In FluentExp, fluent: in has arity 1 but 2 parameters were passed.') Error from line: 26, col 30 to line: 26, col 46"
PLASPPlanner-seq,classical-domains,logistics00,problogistics-81-1,2000,ERROR,,,,,,1.607,124.0,"SyntaxError: UPExpressionDefinitionError('In FluentExp, fluent: in has arity 1 but 2 parameters were passed.') Error from line: 26, col 30 to line: 26, col 46"
PLASPPlanner-seq,classical-domains,logistics00,problogistics-82-0,2000,ERROR,,,,,,1.682,124.0,"SyntaxError: UPExpressionDefinitionError('In FluentExp, fluent: in has arity 1 but 2 parameters were passed.') Error from line: 26, col 30 to line: 26, col 46"
PLASPPlanner-seq,classical-domains,logistics00,problogistics-82-1,2000,ERROR,,,,,,1.654,124.0,"SyntaxError: UPExpressionDefinitionError('In FluentExp, fluent: in has arity 1 but 2 parameters were passed.') Error from line: 26, col 30 to line: 26, col 46"
PLASPPlanner-seq,classical-domains,logistics00,problogistics-83-0,2000,ERROR,,,,,,1.565,124.0,"SyntaxError: UPExpressionDefinitionError('In FluentExp, fluent: in has arity 1 but 2 parameters were passed.') Error from line: 26, col 30 to line: 26, col 46"
PLASPPlanner-seq,classical-domains,logistics00,problogistics-83-1,2000,ERROR,,,,,,1.612,124.0,"SyntaxError: UPExpressionDefinitionError('In FluentExp, fluent: in has arity 1 but 2 parameters were passed.') Error from line: 26, col 30 to line: 26, col 46"
PLASPPlanner-seq,classical-domains,logistics00,problogistics-84-0,2000,ERROR,,,,,,1.634,124.0,"SyntaxError: UPExpressionDefinitionError('In FluentExp, fluent: in has arity 1 but 2 parameters were passed.') Error from line: 26, col 30 to line: 26, col 46"
PLASPPlanner-seq,classical-domains,logistics00,problogistics-84-1,2000,ERROR,,,,,,1.524,124.0,"SyntaxError: UPExpressionDefinitionError('In FluentExp, fluent: in has arity 1 but 2 parameters were passed.') Error from line: 26, col 30 to line: 26, col 46"
PLASPPlanner-seq,classical-domains,logistics00,problogistics-85-0,2000,ERROR,,,,,,1.516,122.0,"SyntaxError: UPExpressionDefinitionError('In FluentExp, fluent: in has arity 1 but 2 parameters were passed.') Error from line: 26, col 30 to line: 26, col 46"
PLASPPlanner-seq,classical-domains,logistics00,problogistics-85-1,2000,ERROR,,,,,,1.518,126.0,"SyntaxError: UPExpressionDefinitionError('In FluentExp, fluent: in has arity 1 but 2 parameters were passed.') Error from line: 26, col 30 to line: 26, col 46"
PLASPPlanner-seq,classical-domains,logistics00,problogistics-86-0,2000,ERROR,,,,,,1.513,126.0,"SyntaxError: UPExpressionDefinitionError('In FluentExp, fluent: in has arity 1 but 2 parameters were passed.') Error from line: 26, col 30 to line: 26, col 46"
PLASPPlanner-seq,classical-domains,logistics00,problogistics-86-1,2000,ERROR,,,,,,1.514,126.0,"SyntaxError: UPExpressionDefinitionError('In FluentExp, fluent: in has arity 1 but 2 parameters were passed.') Error from line: 26, col 30 to line: 26, col 46"
PLASPPlanner-seq,classical-domains,logistics00,problogistics-87-0,2000,ERROR,,,,,,1.514,126.0,"SyntaxError: UPExpressionDefinitionError('In FluentExp, fluent: in has arity 1 but 2 parameters were passed.') Error from line: 26, col 30 to line: 26, col 46"
PLASPPlanner-seq,classical-domains,logistics00,problogistics-87-1,2000,ERROR,,,,,,1.588,122.0,"SyntaxError: UPExpressionDefinitionError('In FluentExp, fluent: in has arity 1 but 2 parameters were passed.') Error from line: 26, col 30 to line: 26, col 46"
PLASPPlanner-seq,classical-domains,logistics00,problogistics-88-0,2000,ERROR,,,,,,1.59,126.0,"SyntaxError: UPExpressionDefinitionError('In FluentExp, fluent: in has arity 1 but 2 parameters were passed.') Error from line: 26, col 30 to line: 26, col 46"
PLASPPlanner-seq,classical-domains,logistics00,problogistics-88-1,2000,ERROR,,,,,,1.689,126.0,"SyntaxError: UPExpressionDefinitionError('In FluentExp, fluent: in has arity 1 but 2 parameters were passed.') Error from line: 26, col 30 to line: 26, col 46"
PLASPPlanner-seq,classical-domains,logistics00,problogistics-89-0,2000,ERROR,,,,,,1.645,126.0,"SyntaxError: UPExpressionDefinitionError('In FluentExp, fluent: in has arity 1 but 2 parameters were passed.') Error from line: 26, col 30 to line: 26, col 46"
PLASPPlanner-seq,classical-domains,logistics00,problogistics-89-1,2000,ERROR,,,,,,1.624,126.0,"SyntaxError: UPExpressionDefinitionError('In FluentExp, fluent: in has arity 1 but 2 parameters were passed.') Error from line: 26, col 30 to line: 26, col 46"
PLASPPlanner-seq,classical-domains,logistics00,problogistics-90-0,2000,ERROR,,,,,,1.636,126.0,"SyntaxError: UPExpressionDefinitionError('In FluentExp, fluent: in has arity 1 but 2 parameters were passed.') Error from line: 26, col 30 to line: 26, col 46"
PLASPPlanner-seq,classical-domains,logistics00,problogistics-90-1,2000,ERROR,,,,,,1.624,126.0,"SyntaxError: UPExpressionDefinitionError('In FluentExp, fluent: in has arity 1 but 2 parameters were passed.') Error from line: 26, col 30 to line: 26, col 46"
PLASPPlanner-seq,classical-domains,logistics00,problogistics-91-0,2000,ERROR,,,,,,1.615,126.0,"SyntaxError: UPExpressionDefinitionError('In FluentExp, fluent: in has arity 1 but 2 parameters were passed.') Error from line: 26, col 30 to line: 26, col 46"
PLASPPlanner-seq,classical-domains,logistics00,problogistics-91-1,2000,ERROR,,,,,,1.685,126.0,"SyntaxError: UPExpressionDefinitionError('In FluentExp, fluent: in has arity 1 but 2 parameters were passed.') Error from line: 26, col 30 to line: 26, col 46"
PLASPPlanner-seq,classical-domains,logistics00,problogistics-92-0,2000,ERROR,,,,,,1.619,124.0,"SyntaxError: UPExpressionDefinitionError('In FluentExp, fluent: in has arity 1 but 2 parameters were passed.') Error from line: 26, col 30 to line: 26, col 46"
PLASPPlanner-seq,classical-domains,logistics00,problogistics-92-1,2000,ERROR,,,,,,1.587,122.0,"SyntaxError: UPExpressionDefinitionError('In FluentExp, fluent: in has arity 1 but 2 parameters were passed.') Error from line: 26, col 30 to line: 26, col 46"
PLASPPlanner-seq,classical-domains,logistics00,problogistics-93-0,2000,ERROR,,,,,,1.608,122.0,"SyntaxError: UPExpressionDefinitionError('In FluentExp, fluent: in has arity 1 but 2 parameters were passed.') Error from line: 26, col 30 to line: 26, col 46"
PLASPPlanner-seq,classical-domains,logistics00,problogistics-93-1,2000,ERROR,,,,,,1.522,124.0,"SyntaxError: UPExpressionDefinitionError('In FluentExp, fluent: in has arity 1 but 2 parameters were passed.') Error from line: 26, col 30 to line: 26, col 46"
PLASPPlanner-seq,classical-domains,logistics00,problogistics-94-0,2000,ERROR,,,,,,1.559,124.0,"SyntaxError: UPExpressionDefinitionError('In FluentExp, fluent: in has arity 1 but 2 parameters were passed.') Error from line: 26, col 30 to line: 26, col 46"
PLASPPlanner-seq,classical-domains,logistics00,problogistics-94-1,2000,ERROR,,,,,,1.6,124.0,"SyntaxError: UPExpressionDefinitionError('In FluentExp, fluent: in has arity 1 but 2 parameters were passed.') Error from line: 26, col 30 to line: 26, col 46"
PLASPPlanner-seq,classical-domains,logistics00,problogistics-95-0,2000,ERROR,,,,,,1.551,124.0,"SyntaxError: UPExpressionDefinitionError('In FluentExp, fluent: in has arity 1 but 2 parameters were passed.') Error from line: 26, col 30 to line: 26, col 46"
PLASPPlanner-seq,classical-domains,logistics00,problogistics-95-1,2000,ERROR,,,,,,1.556,126.0,"SyntaxError: UPExpressionDefinitionError('In FluentExp, fluent: in has arity 1 but 2 parameters were passed.') Error from line: 26, col 30 to line: 26, col 46"
PLASPPlanner-seq,classical-domains,logistics00,problogistics-96-0,2000,ERROR,,,,,,1.522,126.0,"SyntaxError: UPExpressionDefinitionError('In FluentExp, fluent: in has arity 1 but 2 parameters were passed.') Error from line: 26, col 30 to line: 26, col 46"
PLASPPlanner-seq,classical-domains,logistics00,problogistics-96-1,2000,ERROR,,,,,,1.648,124.0,"SyntaxError: UPExpressionDefinitionError('In FluentExp, fluent: in has arity 1 but 2 parameters were passed.') Error from line: 26, col 30 to line: 26, col 46"
PLASPPlanner-seq,classical-domains,logistics00,problogistics-97-0,2000,ERROR,,,,,,1.64,122.0,"SyntaxError: UPExpressionDefinitionError('In FluentExp, fluent: in has arity 1 but 2 parameters were passed.') Error from line: 26, col 30 to line: 26, col 46"
PLASPPlanner-seq,classical-domains,logistics00,problogistics-97-1,2000,ERROR,,,,,,1.692,124.0,"SyntaxError: UPExpressionDefinitionError('In FluentExp, fluent: in has arity 1 but 2 parameters were passed.') Error from line: 26, col 30 to line: 26, col 46"
PLASPPlanner-seq,classical-domains,logistics00,problogistics-98-0,2000,ERROR,,,,,,1.642,122.0,"SyntaxError: UPExpressionDefinitionError('In FluentExp, fluent: in has arity 1 but 2 parameters were passed.') Error from line: 26, col 30 to line: 26, col 46"
PLASPPlanner-seq,classical-domains,logistics00,problogistics-98-1,2000,ERROR,,,,,,1.629,126.0,"SyntaxError: UPExpressionDefinitionError('In FluentExp, fluent: in has arity 1 but 2 parameters were passed.') Error from line: 26, col 30 to line: 26, col 46"
PLASPPlanner-seq,classical-domains,logistics00,problogistics-99-0,2000,ERROR,,,,,,1.649,124.0,"SyntaxError: UPExpressionDefinitionError('In FluentExp, fluent: in has arity 1 but 2 parameters were passed.') Error from line: 26, col 30 to line: 26, col 46"
PLASPPlanner-seq,classical-domains,logistics00,problogistics-99-1,2000,ERROR,,,,,,1.689,124.0,"SyntaxError: UPExpressionDefinitionError('In FluentExp, fluent: in has arity 1 but 2 parameters were passed.') Error from line: 26, col 30 to line: 26, col 46"
PLASPPlanner-seq,classical-domains,logistics98,prob01,1998,TIMEOUT,,,,0.101,,1800.584,180.88,Hit the task time limit.
PLASPPlanner-seq,classical-domains,logistics98,prob02,1998,TIMEOUT,,,,0.122,,1801.21,231.16,Hit the task time limit.
PLASPPlanner-seq,classical-domains,logistics98,prob03,1998,TIMEOUT,,,,0.225,,1803.085,392.99,Hit the task time limit.
PLASPPlanner-seq,classical-domains,logistics98,prob04,1998,TIMEOUT,,,,0.228,,1804.165,462.34,Hit the task time limit.
PLASPPlanner-seq,classical-domains,logistics98,prob05,1998,TIMEOUT,,,,0.106,,1800.663,193.77,Hit the task time limit.
PLASPPlanner-seq,classical-domains,logistics98,prob06,1998,TIMEOUT,,,,0.266,,1807.788,888.39,Hit the task time limit.
PLASPPlanner-seq,classical-domains,logistics98,prob07,1998,TIMEOUT,,,,0.121,,1802.359,346.1,Hit the task time limit.
PLASPPlanner-seq,classical-domains,logistics98,prob08,1998,TIMEOUT,,,,0.259,,1814.802,1150.62,Hit the task time limit.
PLASPPlanner-seq,classical-domains,logistics98,prob09,1998,TIMEOUT,,,,0.251,,1808.345,785.13,Hit the task time limit.
PLASPPlanner-seq,classical-domains,logistics98,prob10,1998,TIMEOUT,,,,0.273,,1808.437,785.27,Hit the task time limit.
PLASPPlanner-seq,classical-domains,logistics98,prob11,1998,TIMEOUT,,,,0.123,,1801.574,243.73,Hit the task time limit.
PLASPPlanner-seq,classical-domains,logistics98,prob12,1998,TIMEOUT,,,,0.336,,1819.498,1050.6,Hit the task time limit.
PLASPPlanner-seq,classical-domains,logistics98,prob13,1998,TIMEOUT,,,,0.363,,1873.896,2170.11,Hit the task time limit.
PLASPPlanner-seq,classical-domains,logistics98,prob14,1998,TIMEOUT,,,,0.279,,1816.391,977.65,Hit the task time limit.
PLASPPlanner-seq,classical-domains,logistics98,prob15,1998,TIMEOUT,,,,0.135,,1802.605,330.18,Hit the task time limit.
PLASPPlanner-seq,classical-domains,logistics98,prob16,1998,TIMEOUT,,,,0.267,,1807.56,643.2,Hit the task time limit.
PLASPPlanner-seq,classical-domains,logistics98,prob17,1998,TIMEOUT,,,,0.224,,1805.263,436.19,Hit the task time limit.
PLASPPlanner-seq,classical-domains,logistics98,prob18,1998,TIMEOUT,,,,0.336,,1877.473,2049.4,Hit the task time limit.
PLASPPlanner-seq,classical-domains,logistics98,prob19,1998,TIMEOUT,,,,0.29,,1828.28,1159.12,Hit the task time limit.
PLASPPlanner-seq,classical-domains,logistics98,prob20,1998,TIMEOUT,,,,0.39,,1848.849,2087.41,Hit the task time limit.
PLASPPlanner-seq,classical-domains,logistics98,prob21,1998,TIMEOUT,,,,0.382,,1839.12,1609.73,Hit the task time limit.
PLASPPlanner-seq,classical-domains,logistics98,prob22,1998,TIMEOUT,,,,0.466,,2025.805,6311.5,Hit the task time limit.
PLASPPlanner-seq,classical-domains,logistics98,prob23,1998,TIMEOUT,,,,0.247,,1804.194,429.74,Hit the task time limit.
PLASPPlanner-seq,classical-domains,logistics98,prob24,1998,TIMEOUT,,,,0.336,,1835.314,1702.13,Hit the task time limit.
PLASPPlanner-seq,classical-domains,logistics98,prob25,1998,TIMEOUT,,,,0.595,,1805.146,5227.86,Hit the task time limit.
PLASPPlanner-seq,classical-domains,logistics98,prob26,1998,TIMEOUT,,,,0.453,,1897.738,4889.23,Hit the task time limit.
PLASPPlanner-seq,classical-domains,logistics98,prob27,1998,KILLED,,,,,,,,
PLASPPlanner-seq,classical-domains,logistics98,prob28,1998,MEMOUT,,,,0.689,,2010.408,7468.56,MemoryError under a 8192MB limit.
PLASPPlanner-seq,classical-domains,logistics98,prob29,1998,TIMEOUT,,,,0.4,,2069.659,4546.94,Hit the task time limit.
PLASPPlanner-seq,classical-domains,logistics98,prob30,1998,KILLED,,,,,,,,
PLASPPlanner-seq,classical-domains,logistics98,prob31,1998,SOLVED,True,13,,0.105,2.145,3.765,136.0,
PLASPPlanner-seq,classical-domains,logistics98,prob32,1998,SOLVED,True,20,,0.102,22.66,24.247,142.0,
PLASPPlanner-seq,classical-domains,logistics98,prob33,1998,TIMEOUT,,,,0.118,,1800.507,167.12,Hit the task time limit.
PLASPPlanner-seq,classical-domains,logistics98,prob34,1998,TIMEOUT,,,,0.118,,1801.0,219.97,Hit the task time limit.
PLASPPlanner-seq,classical-domains,logistics98,prob35,1998,TIMEOUT,,,,0.123,,1801.079,229.55,Hit the task time limit.
PLASPPlanner-seq,classical-domains,maintenance-opt14-adl,maintenance.1.3.010.010.2-000,2014,SOLVED,True,4,,0.055,0.055,1.493,124.0,
PLASPPlanner-seq,classical-domains,maintenance-opt14-adl,maintenance.1.3.010.010.2-001,2014,SOLVED,True,7,,0.061,0.107,1.539,124.0,
PLASPPlanner-seq,classical-domains,maintenance-opt14-adl,maintenance.1.3.010.010.2-002,2014,SOLVED,True,6,,0.06,0.082,1.49,124.0,
PLASPPlanner-seq,classical-domains,maintenance-opt14-adl,maintenance.1.3.015.020.2-001,2014,SOLVED,True,11,,0.073,3.401,4.856,128.0,
PLASPPlanner-seq,classical-domains,maintenance-opt14-adl,maintenance.1.3.015.020.2-002,2014,SOLVED,True,9,,0.073,0.388,1.79,128.0,
PLASPPlanner-seq,classical-domains,maintenance-sat14-adl,maintenance.1.3.060.180.5-000,2014,TIMEOUT,,,,1.031,,1801.453,335.76,Hit the task time limit.
PLASPPlanner-seq,classical-domains,maintenance-sat14-adl,maintenance.1.3.060.180.5-001,2014,TIMEOUT,,,,1.039,,1801.417,326.48,Hit the task time limit.
PLASPPlanner-seq,classical-domains,maintenance-sat14-adl,maintenance.1.3.060.180.5-002,2014,TIMEOUT,,,,0.997,,1801.417,336.73,Hit the task time limit.
PLASPPlanner-seq,classical-domains,maintenance-sat14-adl,maintenance.1.3.100.300.5-000,2014,TIMEOUT,,,,1.626,,1804.05,661.34,Hit the task time limit.
PLASPPlanner-seq,classical-domains,maintenance-sat14-adl,maintenance.1.3.100.300.5-001,2014,TIMEOUT,,,,1.639,,1803.994,662.21,Hit the task time limit.
PLASPPlanner-seq,classical-domains,maintenance-sat14-adl,maintenance.1.3.100.300.7-000,2014,TIMEOUT,,,,2.724,,1804.484,644.0,Hit the task time limit.
PLASPPlanner-seq,classical-domains,maintenance-sat14-adl,maintenance.1.3.100.300.7-001,2014,TIMEOUT,,,,2.19,,1804.093,638.65,Hit the task time limit.
PLASPPlanner-seq,classical-domains,maintenance-sat14-adl,maintenance.1.3.100.300.7-002,2014,TIMEOUT,,,,2.201,,1804.078,634.43,Hit the task time limit.
PLASPPlanner-seq,classical-domains,maintenance-sat14-adl,maintenance.1.3.150.500.6-001,2014,TIMEOUT,,,,3.528,,1810.419,1320.49,Hit the task time limit.
PLASPPlanner-seq,classical-domains,maintenance-sat14-adl,maintenance.1.3.200.500.5-001,2014,TIMEOUT,,,,2.678,,1814.064,1962.18,Hit the task time limit.
PLASPPlanner-seq,classical-domains,maintenance-sat14-adl,maintenance.1.3.200.500.5-002,2014,TIMEOUT,,,,2.66,,1813.802,1996.53,Hit the task time limit.
PLASPPlanner-seq,classical-domains,maintenance-sat14-adl,maintenance.1.3.200.700.7-000,2014,TIMEOUT,,,,5.43,,1820.464,2337.1,Hit the task time limit.
PLASPPlanner-seq,classical-domains,maintenance-sat14-adl,maintenance.1.3.200.700.7-001,2014,TIMEOUT,,,,5.265,,1819.456,2343.0,Hit the task time limit.
PLASPPlanner-seq,classical-domains,maintenance-sat14-adl,maintenance.1.3.200.700.7-002,2014,TIMEOUT,,,,5.265,,1819.868,2273.21,Hit the task time limit.
PLASPPlanner-seq,classical-domains,maintenance-sat14-adl,maintenance.1.3.200.900.5-000,2014,TIMEOUT,,,,5.184,,1824.365,2775.5,Hit the task time limit.
PLASPPlanner-seq,classical-domains,maintenance-sat14-adl,maintenance.1.3.200.900.5-001,2014,TIMEOUT,,,,5.294,,1824.286,3797.52,Hit the task time limit.
PLASPPlanner-seq,classical-domains,maintenance-sat14-adl,maintenance.1.3.200.900.5-002,2014,TIMEOUT,,,,5.426,,1824.254,3756.68,Hit the task time limit.
PLASPPlanner-seq,classical-domains,maintenance-sat14-adl,maintenance.1.3.200.900.8-000,2014,TIMEOUT,,,,7.34,,1825.534,2735.83,Hit the task time limit.
PLASPPlanner-seq,classical-domains,maintenance-sat14-adl,maintenance.1.3.200.900.8-001,2014,TIMEOUT,,,,7.371,,1825.627,2747.21,Hit the task time limit.
PLASPPlanner-seq,classical-domains,maintenance-sat14-adl,maintenance.1.3.200.900.8-002,2014,TIMEOUT,,,,7.521,,1826.1,2555.43,Hit the task time limit.
PLASPPlanner-seq,classical-domains,miconic,s1-0,,SOLVED,True,4,,0.051,0.058,1.345,122.0,
PLASPPlanner-seq,classical-domains,miconic,s1-1,,SOLVED,True,3,,0.052,0.06,1.404,124.0,
PLASPPlanner-seq,classical-domains,miconic,s1-2,,SOLVED,True,4,,0.054,0.059,1.375,124.0,
PLASPPlanner-seq,classical-domains,miconic,s1-3,,SOLVED,True,4,,0.053,0.059,1.383,122.0,
PLASPPlanner-seq,classical-domains,miconic,s1-4,,SOLVED,True,4,,0.053,0.062,1.348,122.0,
PLASPPlanner-seq,classical-domains,miconic,s10-0,,TIMEOUT,,,,0.262,,1800.426,201.82,Hit the task time limit.
PLASPPlanner-seq,classical-domains,miconic,s10-1,,TIMEOUT,,,,0.245,,1800.423,211.88,Hit the task time limit.
PLASPPlanner-seq,classical-domains,miconic,s10-2,,TIMEOUT,,,,0.268,,1800.442,199.57,Hit the task time limit.
PLASPPlanner-seq,classical-domains,miconic,s10-3,,TIMEOUT,,,,0.252,,1800.432,225.12,Hit the task time limit.
PLASPPlanner-seq,classical-domains,miconic,s10-4,,TIMEOUT,,,,0.244,,1800.447,219.67,Hit the task time limit.
PLASPPlanner-seq,classical-domains,miconic,s11-0,,TIMEOUT,,,,0.268,,1800.518,217.05,Hit the task time limit.
PLASPPlanner-seq,classical-domains,miconic,s11-1,,TIMEOUT,,,,0.267,,1800.517,223.8,Hit the task time limit.
PLASPPlanner-seq,classical-domains,miconic,s11-2,,TIMEOUT,,,,0.262,,1800.515,219.57,Hit the task time limit.
PLASPPlanner-seq,classical-domains,miconic,s11-3,,TIMEOUT,,,,0.282,,1800.506,206.5,Hit the task time limit.
PLASPPlanner-seq,classical-domains,miconic,s11-4,,TIMEOUT,,,,0.266,,1800.493,217.77,Hit the task time limit.
PLASPPlanner-seq,classical-domains,miconic,s12-0,,TIMEOUT,,,,0.289,,1800.566,222.2,Hit the task time limit.
PLASPPlanner-seq,classical-domains,miconic,s12-1,,TIMEOUT,,,,0.294,,1800.581,220.32,Hit the task time limit.
PLASPPlanner-seq,classical-domains,miconic,s12-2,,TIMEOUT,,,,0.299,,1800.578,223.32,Hit the task time limit.
PLASPPlanner-seq,classical-domains,miconic,s12-3,,TIMEOUT,,,,0.286,,1800.573,225.57,Hit the task time limit.
PLASPPlanner-seq,classical-domains,miconic,s12-4,,TIMEOUT,,,,0.291,,1800.584,239.48,Hit the task time limit.
PLASPPlanner-seq,classical-domains,miconic,s13-0,,TIMEOUT,,,,0.315,,1800.663,233.38,Hit the task time limit.
PLASPPlanner-seq,classical-domains,miconic,s13-1,,TIMEOUT,,,,0.32,,1800.643,235.59,Hit the task time limit.
PLASPPlanner-seq,classical-domains,miconic,s13-2,,TIMEOUT,,,,0.314,,1800.644,224.77,Hit the task time limit.
PLASPPlanner-seq,classical-domains,miconic,s13-3,,TIMEOUT,,,,0.325,,1800.657,237.91,Hit the task time limit.
PLASPPlanner-seq,classical-domains,miconic,s13-4,,TIMEOUT,,,,0.339,,1800.673,244.46,Hit the task time limit.
PLASPPlanner-seq,classical-domains,miconic,s14-0,,TIMEOUT,,,,0.346,,1800.756,251.98,Hit the task time limit.
PLASPPlanner-seq,classical-domains,miconic,s14-1,,TIMEOUT,,,,0.361,,1800.732,235.11,Hit the task time limit.
PLASPPlanner-seq,classical-domains,miconic,s14-2,,TIMEOUT,,,,0.351,,1800.741,250.66,Hit the task time limit.
PLASPPlanner-seq,classical-domains,miconic,s14-3,,TIMEOUT,,,,0.348,,1800.742,255.44,Hit the task time limit.
PLASPPlanner-seq,classical-domains,miconic,s14-4,,TIMEOUT,,,,0.365,,1800.76,251.95,Hit the task time limit.
PLASPPlanner-seq,classical-domains,miconic,s15-0,,TIMEOUT,,,,0.405,,1800.898,251.52,Hit the task time limit.
PLASPPlanner-seq,classical-domains,miconic,s15-1,,TIMEOUT,,,,0.381,,1800.83,292.96,Hit the task time limit.
PLASPPlanner-seq,classical-domains,miconic,s15-2,,TIMEOUT,,,,0.378,,1800.827,256.93,Hit the task time limit.
PLASPPlanner-seq,classical-domains,miconic,s15-3,,TIMEOUT,,,,0.376,,1800.84,250.81,Hit the task time limit.
PLASPPlanner-seq,classical-domains,miconic,s15-4,,TIMEOUT,,,,0.376,,1800.838,238.7,Hit the task time limit.
PLASPPlanner-seq,classical-domains,miconic,s16-0,,TIMEOUT,,,,0.421,,1800.924,265.36,Hit the task time limit.
PLASPPlanner-seq,classical-domains,miconic,s16-1,,TIMEOUT,,,,0.408,,1800.941,245.04,Hit the task time limit.
PLASPPlanner-seq,classical-domains,miconic,s16-2,,TIMEOUT,,,,0.402,,1800.939,264.7,Hit the task time limit.
PLASPPlanner-seq,classical-domains,miconic,s16-3,,TIMEOUT,,,,0.407,,1800.948,278.6,Hit the task time limit.
PLASPPlanner-seq,classical-domains,miconic,s16-4,,TIMEOUT,,,,0.403,,1800.935,246.54,Hit the task time limit.
PLASPPlanner-seq,classical-domains,miconic,s17-0,,TIMEOUT,,,,0.446,,1801.041,273.43,Hit the task time limit.
PLASPPlanner-seq,classical-domains,miconic,s17-1,,TIMEOUT,,,,0.446,,1801.047,289.36,Hit the task time limit.
PLASPPlanner-seq,classical-domains,miconic,s17-2,,TIMEOUT,,,,0.437,,1801.058,249.95,Hit the task time limit.
PLASPPlanner-seq,classical-domains,miconic,s17-3,,TIMEOUT,,,,0.441,,1801.052,295.45,Hit the task time limit.
PLASPPlanner-seq,classical-domains,miconic,s17-4,,TIMEOUT,,,,0.445,,1801.041,260.94,Hit the task time limit.
PLASPPlanner-seq,classical-domains,miconic,s18-0,,TIMEOUT,,,,0.47,,1801.126,216.2,Hit the task time limit.
PLASPPlanner-seq,classical-domains,miconic,s18-1,,TIMEOUT,,,,0.484,,1801.161,264.17,Hit the task time limit.
PLASPPlanner-seq,classical-domains,miconic,s18-2,,TIMEOUT,,,,0.472,,1801.149,260.74,Hit the task time limit.
PLASPPlanner-seq,classical-domains,miconic,s18-3,,TIMEOUT,,,,0.47,,1801.151,282.95,Hit the task time limit.
PLASPPlanner-seq,classical-domains,miconic,s18-4,,TIMEOUT,,,,0.477,,1801.151,288.54,Hit the task time limit.
PLASPPlanner-seq,classical-domains,miconic,s19-0,,TIMEOUT,,,,0.519,,1801.428,305.81,Hit the task time limit.
PLASPPlanner-seq,classical-domains,miconic,s19-1,,TIMEOUT,,,,0.516,,1801.424,307.98,Hit the task time limit.
PLASPPlanner-seq,classical-domains,miconic,s19-2,,TIMEOUT,,,,0.518,,1801.427,291.88,Hit the task time limit.
PLASPPlanner-seq,classical-domains,miconic,s19-3,,TIMEOUT,,,,0.536,,1801.428,392.09,Hit the task time limit.
PLASPPlanner-seq,classical-domains,miconic,s19-4,,TIMEOUT,,,,0.513,,1801.413,286.58,Hit the task time limit.
PLASPPlanner-seq,classical-domains,miconic,s2-0,,SOLVED,True,7,,0.064,0.082,1.5,124.0,
PLASPPlanner-seq,classical-domains,miconic,s2-1,,SOLVED,True,7,,0.06,0.078,1.38,122.0,
PLASPPlanner-seq,classical-domains,miconic,s2-2,,SOLVED,True,7,,0.064,0.085,1.479,124.0,
PLASPPlanner-seq,classical-domains,miconic,s2-3,,SOLVED,True,7,,0.061,0.078,1.408,124.0,
PLASPPlanner-seq,classical-domains,miconic,s2-4,,SOLVED,True,7,,0.058,0.079,1.466,124.0,
PLASPPlanner-seq,classical-domains,miconic,s20-0,,TIMEOUT,,,,0.556,,1801.554,304.09,Hit the task time limit.
PLASPPlanner-seq,classical-domains,miconic,s20-1,,TIMEOUT,,,,0.556,,1801.55,309.66,Hit the task time limit.
PLASPPlanner-seq,classical-domains,miconic,s20-2,,TIMEOUT,,,,0.564,,1801.569,314.29,Hit the task time limit.
PLASPPlanner-seq,classical-domains,miconic,s20-3,,TIMEOUT,,,,0.56,,1801.574,324.9,Hit the task time limit.
PLASPPlanner-seq,classical-domains,miconic,s20-4,,TIMEOUT,,,,0.603,,1801.578,294.83,Hit the task time limit.
PLASPPlanner-seq,classical-domains,miconic,s21-0,,TIMEOUT,,,,0.598,,1801.714,330.99,Hit the task time limit.
PLASPPlanner-seq,classical-domains,miconic,s21-1,,TIMEOUT,,,,0.644,,1801.726,356.35,Hit the task time limit.
PLASPPlanner-seq,classical-domains,miconic,s21-2,,TIMEOUT,,,,0.604,,1801.709,296.14,Hit the task time limit.
PLASPPlanner-seq,classical-domains,miconic,s21-3,,TIMEOUT,,,,0.611,,1801.732,305.7,Hit the task time limit.
PLASPPlanner-seq,classical-domains,miconic,s21-4,,TIMEOUT,,,,0.621,,1801.708,300.88,Hit the task time limit.
PLASPPlanner-seq,classical-domains,miconic,s22-0,,TIMEOUT,,,,0.766,,1801.746,314.5,Hit the task time limit.
PLASPPlanner-seq,classical-domains,miconic,s22-1,,TIMEOUT,,,,0.783,,1801.741,314.04,Hit the task time limit.
PLASPPlanner-seq,classical-domains,miconic,s22-2,,TIMEOUT,,,,0.754,,1801.73,317.79,Hit the task time limit.
PLASPPlanner-seq,classical-domains,miconic,s22-3,,TIMEOUT,,,,0.719,,1801.851,308.23,Hit the task time limit.
PLASPPlanner-seq,classical-domains,miconic,s22-4,,TIMEOUT,,,,0.683,,1801.738,316.46,Hit the task time limit.
PLASPPlanner-seq,classical-domains,miconic,s23-0,,TIMEOUT,,,,0.688,,1801.913,352.85,Hit the task time limit.
PLASPPlanner-seq,classical-domains,miconic,s23-1,,TIMEOUT,,,,0.716,,1801.889,307.07,Hit the task time limit.
PLASPPlanner-seq,classical-domains,miconic,s23-2,,TIMEOUT,,,,0.705,,1801.981,363.13,Hit the task time limit.
PLASPPlanner-seq,classical-domains,miconic,s23-3,,TIMEOUT,,,,0.704,,1801.924,323.3,Hit the task time limit.
PLASPPlanner-seq,classical-domains,miconic,s23-4,,TIMEOUT,,,,0.694,,1801.898,320.38,Hit the task time limit.
PLASPPlanner-seq,classical-domains,miconic,s24-0,,TIMEOUT,,,,0.759,,1802.102,397.25,Hit the task time limit.
PLASPPlanner-seq,classical-domains,miconic,s24-1,,TIMEOUT,,,,0.777,,1802.059,338.0,Hit the task time limit.
PLASPPlanner-seq,classical-domains,miconic,s24-2,,TIMEOUT,,,,0.746,,1802.116,345.57,Hit the task time limit.
PLASPPlanner-seq,classical-domains,miconic,s24-3,,TIMEOUT,,,,0.783,,1802.064,382.44,Hit the task time limit.
PLASPPlanner-seq,classical-domains,miconic,s24-4,,TIMEOUT,,,,0.753,,1802.066,315.41,Hit the task time limit.
PLASPPlanner-seq,classical-domains,miconic,s25-0,,TIMEOUT,,,,0.788,,1802.29,336.73,Hit the task time limit.
PLASPPlanner-seq,classical-domains,miconic,s25-1,,TIMEOUT,,,,0.786,,1802.278,370.4,Hit the task time limit.
PLASPPlanner-seq,classical-domains,miconic,s25-2,,TIMEOUT,,,,0.824,,1802.269,359.92,Hit the task time limit.
PLASPPlanner-seq,classical-domains,miconic,s25-3,,TIMEOUT,,,,0.798,,1802.282,367.82,Hit the task time limit.
PLASPPlanner-seq,classical-domains,miconic,s25-4,,TIMEOUT,,,,0.832,,1802.274,343.16,Hit the task time limit.
PLASPPlanner-seq,classical-domains,miconic,s26-0,,TIMEOUT,,,,0.87,,1802.585,401.49,Hit the task time limit.
PLASPPlanner-seq,classical-domains,miconic,s26-1,,TIMEOUT,,,,0.842,,1802.632,400.73,Hit the task time limit.
PLASPPlanner-seq,classical-domains,miconic,s26-2,,TIMEOUT,,,,0.853,,1802.593,353.26,Hit the task time limit.
PLASPPlanner-seq,classical-domains,miconic,s26-3,,TIMEOUT,,,,0.857,,1802.624,394.27,Hit the task time limit.
PLASPPlanner-seq,classical-domains,miconic,s26-4,,TIMEOUT,,,,0.864,,1802.667,349.83,Hit the task time limit.
PLASPPlanner-seq,classical-domains,miconic,s27-0,,TIMEOUT,,,,0.896,,1802.816,319.93,Hit the task time limit.
PLASPPlanner-seq,classical-domains,miconic,s27-1,,TIMEOUT,,,,0.925,,1802.806,350.45,Hit the task time limit.
PLASPPlanner-seq,classical-domains,miconic,s27-2,,TIMEOUT,,,,0.842,,1802.812,460.84,Hit the task time limit.
PLASPPlanner-seq,classical-domains,miconic,s27-3,,TIMEOUT,,,,0.923,,1802.827,375.98,Hit the task time limit.
PLASPPlanner-seq,classical-domains,miconic,s27-4,,TIMEOUT,,,,0.909,,1802.864,378.66,Hit the task time limit.
PLASPPlanner-seq,classical-domains,miconic,s28-0,,TIMEOUT,,,,0.972,,1803.031,398.67,Hit the task time limit.
PLASPPlanner-seq,classical-domains,miconic,s28-1,,TIMEOUT,,,,0.963,,1803.04,395.67,Hit the task time limit.
PLASPPlanner-seq,classical-domains,miconic,s28-2,,TIMEOUT,,,,0.973,,1803.033,400.7,Hit the task time limit.
PLASPPlanner-seq,classical-domains,miconic,s28-3,,TIMEOUT,,,,0.955,,1803.056,377.3,Hit the task time limit.
PLASPPlanner-seq,classical-domains,miconic,s28-4,,TIMEOUT,,,,0.964,,1803.01,347.18,Hit the task time limit.
PLASPPlanner-seq,classical-domains,miconic,s29-0,,TIMEOUT,,,,1.025,,1803.231,363.37,Hit the task time limit.
PLASPPlanner-seq,classical-domains,miconic,s29-1,,TIMEOUT,,,,1.031,,1803.28,385.25,Hit the task time limit.
PLASPPlanner-seq,classical-domains,miconic,s29-2,,TIMEOUT,,,,1.05,,1803.268,485.74,Hit the task time limit.
PLASPPlanner-seq,classical-domains,miconic,s29-3,,TIMEOUT,,,,1.043,,1803.288,367.07,Hit the task time limit.
PLASPPlanner-seq,classical-domains,miconic,s29-4,,TIMEOUT,,,,1.054,,1803.195,436.23,Hit the task time limit.
PLASPPlanner-seq,classical-domains,miconic,s3-0,,SOLVED,True,10,,0.064,0.16,1.457,126.0,
PLASPPlanner-seq,classical-domains,miconic,s3-1,,SOLVED,True,11,,0.069,0.185,1.539,126.0,
PLASPPlanner-seq,classical-domains,miconic,s3-2,,SOLVED,True,10,,0.068,0.142,1.505,126.0,
PLASPPlanner-seq,classical-domains,miconic,s3-3,,SOLVED,True,10,,0.065,0.176,1.557,122.0,
PLASPPlanner-seq,classical-domains,miconic,s3-4,,SOLVED,True,10,,0.065,0.142,1.465,126.0,
PLASPPlanner-seq,classical-domains,miconic,s30-0,,TIMEOUT,,,,1.196,,1803.394,394.03,Hit the task time limit.
PLASPPlanner-seq,classical-domains,miconic,s30-1,,TIMEOUT,,,,1.21,,1803.402,419.39,Hit the task time limit.
PLASPPlanner-seq,classical-domains,miconic,s30-2,,TIMEOUT,,,,1.173,,1803.421,416.3,Hit the task time limit.
PLASPPlanner-seq,classical-domains,miconic,s30-3,,TIMEOUT,,,,1.116,,1803.372,428.71,Hit the task time limit.
PLASPPlanner-seq,classical-domains,miconic,s30-4,,TIMEOUT,,,,1.133,,1803.32,434.17,Hit the task time limit.
PLASPPlanner-seq,classical-domains,miconic,s4-0,,SOLVED,True,14,,0.08,4.607,6.026,130.0,
PLASPPlanner-seq,classical-domains,miconic,s4-1,,SOLVED,True,13,,0.074,1.665,2.978,130.0,
PLASPPlanner-seq,classical-domains,miconic,s4-2,,SOLVED,True,15,,0.073,5.57,6.914,132.0,
PLASPPlanner-seq,classical-domains,miconic,s4-3,,SOLVED,True,15,,0.072,6.331,7.654,132.0,
PLASPPlanner-seq,classical-domains,miconic,s4-4,,SOLVED,True,15,,0.073,5.992,7.313,132.0,
PLASPPlanner-seq,classical-domains,miconic,s5-0,,SOLVED,True,17,,0.086,61.321,62.636,142.0,
PLASPPlanner-seq,classical-domains,miconic,s5-1,,SOLVED,True,17,,0.092,65.883,67.255,142.0,
PLASPPlanner-seq,classical-domains,miconic,s5-2,,SOLVED,True,15,,0.086,6.874,8.19,134.0,
PLASPPlanner-seq,classical-domains,miconic,s5-3,,SOLVED,True,17,,0.095,58.984,60.406,142.0,
PLASPPlanner-seq,classical-domains,miconic,s5-4,,SOLVED,True,18,,0.092,105.742,107.106,144.0,
PLASPPlanner-seq,classical-domains,miconic,s6-0,,SOLVED,True,19,,0.099,688.122,689.607,166.0,
PLASPPlanner-seq,classical-domains,miconic,s6-1,,SOLVED,True,19,,0.111,992.419,994.072,166.0,
PLASPPlanner-seq,classical-domains,miconic,s6-2,,SOLVED,True,20,,0.121,1125.628,1127.217,170.0,
PLASPPlanner-seq,classical-domains,miconic,s6-3,,SOLVED,True,20,,0.105,977.368,978.904,170.0,
PLASPPlanner-seq,classical-domains,miconic,s6-4,,SOLVED,True,21,,0.099,1360.977,1362.416,176.0,
PLASPPlanner-seq,classical-domains,miconic,s7-0,,TIMEOUT,,,,0.107,,1800.332,180.0,Hit the task time limit.
PLASPPlanner-seq,classical-domains,miconic,s7-1,,TIMEOUT,,,,0.11,,1800.348,186.0,Hit the task time limit.
PLASPPlanner-seq,classical-domains,miconic,s7-2,,TIMEOUT,,,,0.108,,1800.332,182.0,Hit the task time limit.
PLASPPlanner-seq,classical-domains,miconic,s7-3,,TIMEOUT,,,,0.108,,1800.326,180.0,Hit the task time limit.
PLASPPlanner-seq,classical-domains,miconic,s7-4,,TIMEOUT,,,,0.115,,1800.335,180.0,Hit the task time limit.
PLASPPlanner-seq,classical-domains,miconic,s8-0,,TIMEOUT,,,,0.21,,1800.303,188.0,Hit the task time limit.
PLASPPlanner-seq,classical-domains,miconic,s8-1,,TIMEOUT,,,,0.215,,1800.32,192.56,Hit the task time limit.
PLASPPlanner-seq,classical-domains,miconic,s8-2,,TIMEOUT,,,,0.23,,1800.31,194.0,Hit the task time limit.
PLASPPlanner-seq,classical-domains,miconic,s8-3,,TIMEOUT,,,,0.211,,1800.301,188.0,Hit the task time limit.
PLASPPlanner-seq,classical-domains,miconic,s8-4,,TIMEOUT,,,,0.214,,1800.317,188.0,Hit the task time limit.
PLASPPlanner-seq,classical-domains,miconic,s9-0,,TIMEOUT,,,,0.244,,1800.368,201.9,Hit the task time limit.
PLASPPlanner-seq,classical-domains,miconic,s9-1,,TIMEOUT,,,,0.232,,1800.365,204.0,Hit the task time limit.
PLASPPlanner-seq,classical-domains,miconic,s9-2,,TIMEOUT,,,,0.224,,1800.356,196.0,Hit the task time limit.
PLASPPlanner-seq,classical-domains,miconic,s9-3,,TIMEOUT,,,,0.225,,1800.353,194.0,Hit the task time limit.
PLASPPlanner-seq,classical-domains,miconic,s9-4,,TIMEOUT,,,,0.232,,1800.374,200.0,Hit the task time limit.
PLASPPlanner-seq,classical-domains,miconic-fulladl,f1-0,,SOLVED,True,4,,0.114,0.074,1.371,126.0,
PLASPPlanner-seq,classical-domains,miconic-fulladl,f1-1,,SOLVED,True,3,,0.113,0.071,1.373,126.0,
PLASPPlanner-seq,classical-domains,miconic-fulladl,f1-2,,SOLVED,True,4,,0.119,0.074,1.419,122.0,
PLASPPlanner-seq,classical-domains,miconic-fulladl,f1-3,,SOLVED,True,4,,0.118,0.073,1.41,124.0,
PLASPPlanner-seq,classical-domains,miconic-fulladl,f1-4,,SOLVED,True,4,,0.113,0.076,1.38,126.0,
PLASPPlanner-seq,classical-domains,miconic-fulladl,f10-0,,TIMEOUT,,,,0.311,,1800.313,384.66,Hit the task time limit.
PLASPPlanner-seq,classical-domains,miconic-fulladl,f10-1,,TIMEOUT,,,,0.305,,1800.296,347.88,Hit the task time limit.
PLASPPlanner-seq,classical-domains,miconic-fulladl,f10-2,,TIMEOUT,,,,0.32,,1806.431,7470.86,Hit the task time limit.
PLASPPlanner-seq,classical-domains,miconic-fulladl,f10-3,,TIMEOUT,,,,0.259,,1800.393,383.03,Hit the task time limit.
PLASPPlanner-seq,classical-domains,miconic-fulladl,f10-4,,TIMEOUT,,,,0.261,,1800.359,342.3,Hit the task time limit.
PLASPPlanner-seq,classical-domains,miconic-fulladl,f11-0,,TIMEOUT,,,,0.287,,1800.381,392.53,Hit the task time limit.
PLASPPlanner-seq,classical-domains,miconic-fulladl,f11-1,,TIMEOUT,,,,0.313,,1800.424,387.64,Hit the task time limit.
PLASPPlanner-seq,classical-domains,miconic-fulladl,f11-2,,TIMEOUT,,,,0.306,,1800.424,391.85,Hit the task time limit.
PLASPPlanner-seq,classical-domains,miconic-fulladl,f11-3,,TIMEOUT,,,,0.311,,1800.474,404.83,Hit the task time limit.
PLASPPlanner-seq,classical-domains,miconic-fulladl,f11-4,,TIMEOUT,,,,0.314,,1800.495,399.98,Hit the task time limit.
PLASPPlanner-seq,classical-domains,miconic-fulladl,f12-0,,TIMEOUT,,,,0.335,,1800.587,447.22,Hit the task time limit.
PLASPPlanner-seq,classical-domains,miconic-fulladl,f12-1,,TIMEOUT,,,,0.33,,1800.572,457.57,Hit the task time limit.
PLASPPlanner-seq,classical-domains,miconic-fulladl,f12-2,,TIMEOUT,,,,0.324,,1800.597,456.44,Hit the task time limit.
PLASPPlanner-seq,classical-domains,miconic-fulladl,f12-3,,TIMEOUT,,,,0.322,,1800.599,470.67,Hit the task time limit.
PLASPPlanner-seq,classical-domains,miconic-fulladl,f12-4,,TIMEOUT,,,,0.331,,1800.569,456.06,Hit the task time limit.
PLASPPlanner-seq,classical-domains,miconic-fulladl,f13-0,,TIMEOUT,,,,0.356,,1800.673,511.71,Hit the task time limit.
PLASPPlanner-seq,classical-domains,miconic-fulladl,f13-1,,TIMEOUT,,,,0.353,,1800.699,513.87,Hit the task time limit.
PLASPPlanner-seq,classical-domains,miconic-fulladl,f13-2,,TIMEOUT,,,,0.358,,1800.687,537.47,Hit the task time limit.
PLASPPlanner-seq,classical-domains,miconic-fulladl,f13-3,,TIMEOUT,,,,0.341,,1800.631,497.37,Hit the task time limit.
PLASPPlanner-seq,classical-domains,miconic-fulladl,f13-4,,TIMEOUT,,,,0.365,,1800.687,526.32,Hit the task time limit.
PLASPPlanner-seq,classical-domains,miconic-fulladl,f14-0,,TIMEOUT,,,,0.383,,1800.745,578.45,Hit the task time limit.
PLASPPlanner-seq,classical-domains,miconic-fulladl,f14-1,,TIMEOUT,,,,0.385,,1800.776,577.41,Hit the task time limit.
PLASPPlanner-seq,classical-domains,miconic-fulladl,f14-2,,TIMEOUT,,,,0.371,,1800.739,553.86,Hit the task time limit.
PLASPPlanner-seq,classical-domains,miconic-fulladl,f14-3,,TIMEOUT,,,,0.387,,1800.762,600.36,Hit the task time limit.
PLASPPlanner-seq,classical-domains,miconic-fulladl,f14-4,,TIMEOUT,,,,0.399,,1800.799,563.57,Hit the task time limit.
PLASPPlanner-seq,classical-domains,miconic-fulladl,f15-0,,TIMEOUT,,,,0.42,,1800.903,672.84,Hit the task time limit.
PLASPPlanner-seq,classical-domains,miconic-fulladl,f15-1,,TIMEOUT,,,,0.413,,1800.911,680.59,Hit the task time limit.
PLASPPlanner-seq,classical-domains,miconic-fulladl,f15-2,,TIMEOUT,,,,0.414,,1800.931,703.43,Hit the task time limit.
PLASPPlanner-seq,classical-domains,miconic-fulladl,f15-3,,TIMEOUT,,,,0.421,,1800.894,671.04,Hit the task time limit.
PLASPPlanner-seq,classical-domains,miconic-fulladl,f15-4,,TIMEOUT,,,,0.419,,1801.007,698.12,Hit the task time limit.
PLASPPlanner-seq,classical-domains,miconic-fulladl,f16-0,,TIMEOUT,,,,0.436,,1801.147,775.02,Hit the task time limit.
PLASPPlanner-seq,classical-domains,miconic-fulladl,f16-1,,TIMEOUT,,,,0.446,,1801.163,741.39,Hit the task time limit.
PLASPPlanner-seq,classical-domains,miconic-fulladl,f16-2,,TIMEOUT,,,,0.455,,1801.026,755.71,Hit the task time limit.
PLASPPlanner-seq,classical-domains,miconic-fulladl,f16-3,,TIMEOUT,,,,0.456,,1801.2,767.38,Hit the task time limit.
PLASPPlanner-seq,classical-domains,miconic-fulladl,f16-4,,TIMEOUT,,,,0.462,,1801.164,717.95,Hit the task time limit.
PLASPPlanner-seq,classical-domains,miconic-fulladl,f17-0,,TIMEOUT,,,,0.474,,1801.324,835.2,Hit the task time limit.
PLASPPlanner-seq,classical-domains,miconic-fulladl,f17-1,,TIMEOUT,,,,0.475,,1801.294,834.97,Hit the task time limit.
PLASPPlanner-seq,classical-domains,miconic-fulladl,f17-2,,TIMEOUT,,,,0.47,,1801.279,814.16,Hit the task time limit.
PLASPPlanner-seq,classical-domains,miconic-fulladl,f17-3,,TIMEOUT,,,,0.477,,1801.343,842.09,Hit the task time limit.
PLASPPlanner-seq,classical-domains,miconic-fulladl,f17-4,,TIMEOUT,,,,0.479,,1801.334,836.51,Hit the task time limit.
PLASPPlanner-seq,classical-domains,miconic-fulladl,f18-0,,TIMEOUT,,,,0.524,,1801.474,932.93,Hit the task time limit.
PLASPPlanner-seq,classical-domains,miconic-fulladl,f18-1,,TIMEOUT,,,,0.514,,1801.527,906.32,Hit the task time limit.
PLASPPlanner-seq,classical-domains,miconic-fulladl,f18-2,,TIMEOUT,,,,0.511,,1801.485,932.26,Hit the task time limit.
PLASPPlanner-seq,classical-domains,miconic-fulladl,f18-3,,TIMEOUT,,,,0.566,,1801.469,898.22,Hit the task time limit.
PLASPPlanner-seq,classical-domains,miconic-fulladl,f18-4,,TIMEOUT,,,,0.571,,1801.546,1006.56,Hit the task time limit.
PLASPPlanner-seq,classical-domains,miconic-fulladl,f19-0,,TIMEOUT,,,,0.608,,1801.838,1072.8,Hit the task time limit.
PLASPPlanner-seq,classical-domains,miconic-fulladl,f19-1,,TIMEOUT,,,,0.574,,1801.797,1019.7,Hit the task time limit.
PLASPPlanner-seq,classical-domains,miconic-fulladl,f19-2,,TIMEOUT,,,,0.577,,1801.8,1025.89,Hit the task time limit.
PLASPPlanner-seq,classical-domains,miconic-fulladl,f19-3,,TIMEOUT,,,,0.578,,1801.8,1031.79,Hit the task time limit.
PLASPPlanner-seq,classical-domains,miconic-fulladl,f19-4,,TIMEOUT,,,,0.623,,1801.931,1093.46,Hit the task time limit.
PLASPPlanner-seq,classical-domains,miconic-fulladl,f2-0,,SOLVED,True,6,,0.118,0.152,1.437,128.0,
PLASPPlanner-seq,classical-domains,miconic-fulladl,f2-1,,SOLVED,True,6,,0.116,0.148,1.398,124.0,
PLASPPlanner-seq,classical-domains,miconic-fulladl,f2-2,,SOLVED,True,6,,0.117,0.158,1.435,128.0,
PLASPPlanner-seq,classical-domains,miconic-fulladl,f2-3,,SOLVED,True,6,,0.116,0.151,1.46,126.0,
PLASPPlanner-seq,classical-domains,miconic-fulladl,f2-4,,SOLVED,True,6,,0.116,0.148,1.42,128.0,
PLASPPlanner-seq,classical-domains,miconic-fulladl,f20-0,,TIMEOUT,,,,0.621,,1802.262,1163.49,Hit the task time limit.
PLASPPlanner-seq,classical-domains,miconic-fulladl,f20-1,,TIMEOUT,,,,0.627,,1802.151,1232.7,Hit the task time limit.
PLASPPlanner-seq,classical-domains,miconic-fulladl,f20-2,,TIMEOUT,,,,0.635,,1802.329,1195.94,Hit the task time limit.
PLASPPlanner-seq,classical-domains,miconic-fulladl,f20-3,,MEMOUT,,,,0.637,,448.943,7638.99,MemoryError under a 8192MB limit.
PLASPPlanner-seq,classical-domains,miconic-fulladl,f20-4,,TIMEOUT,,,,0.644,,1802.15,1192.34,Hit the task time limit.
PLASPPlanner-seq,classical-domains,miconic-fulladl,f21-0,,TIMEOUT,,,,0.815,,1802.809,1633.75,Hit the task time limit.
PLASPPlanner-seq,classical-domains,miconic-fulladl,f21-1,,TIMEOUT,,,,0.815,,1802.381,1275.77,Hit the task time limit.
PLASPPlanner-seq,classical-domains,miconic-fulladl,f21-2,,TIMEOUT,,,,0.773,,1802.159,1276.1,Hit the task time limit.
PLASPPlanner-seq,classical-domains,miconic-fulladl,f21-3,,MEMOUT,,,,0.785,,532.025,7640.57,MemoryError under a 8192MB limit.
PLASPPlanner-seq,classical-domains,miconic-fulladl,f21-4,,TIMEOUT,,,,0.844,,1802.665,1413.07,Hit the task time limit.
PLASPPlanner-seq,classical-domains,miconic-fulladl,f22-0,,TIMEOUT,,,,0.875,,1802.632,1418.3,Hit the task time limit.
PLASPPlanner-seq,classical-domains,miconic-fulladl,f22-1,,TIMEOUT,,,,0.832,,1802.645,1419.71,Hit the task time limit.
PLASPPlanner-seq,classical-domains,miconic-fulladl,f22-2,,TIMEOUT,,,,0.777,,1802.799,1417.02,Hit the task time limit.
PLASPPlanner-seq,classical-domains,miconic-fulladl,f22-3,,TIMEOUT,,,,0.801,,1802.638,1418.12,Hit the task time limit.
PLASPPlanner-seq,classical-domains,miconic-fulladl,f22-4,,TIMEOUT,,,,0.82,,1802.756,1417.37,Hit the task time limit.
PLASPPlanner-seq,classical-domains,miconic-fulladl,f23-0,,TIMEOUT,,,,0.887,,1803.195,1616.95,Hit the task time limit.
PLASPPlanner-seq,classical-domains,miconic-fulladl,f23-1,,TIMEOUT,,,,0.852,,1803.065,1515.74,Hit the task time limit.
PLASPPlanner-seq,classical-domains,miconic-fulladl,f23-2,,TIMEOUT,,,,0.809,,1802.917,1515.95,Hit the task time limit.
PLASPPlanner-seq,classical-domains,miconic-fulladl,f23-3,,TIMEOUT,,,,0.795,,1803.078,1565.93,Hit the task time limit.
PLASPPlanner-seq,classical-domains,miconic-fulladl,f23-4,,TIMEOUT,,,,0.835,,1803.202,1567.2,Hit the task time limit.
PLASPPlanner-seq,classical-domains,miconic-fulladl,f24-0,,TIMEOUT,,,,0.84,,1803.504,1655.5,Hit the task time limit.
PLASPPlanner-seq,classical-domains,miconic-fulladl,f24-1,,TIMEOUT,,,,0.871,,1803.836,2006.88,Hit the task time limit.
PLASPPlanner-seq,classical-domains,miconic-fulladl,f24-2,,TIMEOUT,,,,0.844,,1803.581,1709.74,Hit the task time limit.
PLASPPlanner-seq,classical-domains,miconic-fulladl,f24-3,,TIMEOUT,,,,0.832,,1803.539,1707.62,Hit the task time limit.
PLASPPlanner-seq,classical-domains,miconic-fulladl,f24-4,,TIMEOUT,,,,0.84,,1803.378,1601.01,Hit the task time limit.
PLASPPlanner-seq,classical-domains,miconic-fulladl,f25-0,,TIMEOUT,,,,0.903,,1803.832,1999.47,Hit the task time limit.
PLASPPlanner-seq,classical-domains,miconic-fulladl,f25-1,,TIMEOUT,,,,0.851,,1803.868,1996.04,Hit the task time limit.
PLASPPlanner-seq,classical-domains,miconic-fulladl,f25-2,,TIMEOUT,,,,0.917,,1803.956,1987.36,Hit the task time limit.
PLASPPlanner-seq,classical-domains,miconic-fulladl,f25-3,,TIMEOUT,,,,0.882,,1803.977,1991.33,Hit the task time limit.
PLASPPlanner-seq,classical-domains,miconic-fulladl,f25-4,,TIMEOUT,,,,0.875,,1804.059,1989.07,Hit the task time limit.
PLASPPlanner-seq,classical-domains,miconic-fulladl,f26-0,,TIMEOUT,,,,0.962,,1804.49,2224.48,Hit the task time limit.
PLASPPlanner-seq,classical-domains,miconic-fulladl,f26-1,,TIMEOUT,,,,0.972,,1804.784,2563.45,Hit the task time limit.
PLASPPlanner-seq,classical-domains,miconic-fulladl,f26-2,,TIMEOUT,,,,0.956,,1804.618,2293.13,Hit the task time limit.
PLASPPlanner-seq,classical-domains,miconic-fulladl,f26-3,,TIMEOUT,,,,0.949,,1804.589,2292.09,Hit the task time limit.
PLASPPlanner-seq,classical-domains,miconic-fulladl,f26-4,,TIMEOUT,,,,0.968,,1804.285,2147.64,Hit the task time limit.
PLASPPlanner-seq,classical-domains,miconic-fulladl,f27-0,,TIMEOUT,,,,0.998,,1804.803,2331.36,Hit the task time limit.
PLASPPlanner-seq,classical-domains,miconic-fulladl,f27-1,,TIMEOUT,,,,1.007,,1805.071,2395.69,Hit the task time limit.
PLASPPlanner-seq,classical-domains,miconic-fulladl,f27-2,,MEMOUT,,,,1.016,,363.261,7586.3,MemoryError under a 8192MB limit.
PLASPPlanner-seq,classical-domains,miconic-fulladl,f27-3,,TIMEOUT,,,,1.001,,1805.45,2695.73,Hit the task time limit.
PLASPPlanner-seq,classical-domains,miconic-fulladl,f27-4,,TIMEOUT,,,,1.008,,1805.112,2402.09,Hit the task time limit.
PLASPPlanner-seq,classical-domains,miconic-fulladl,f28-0,,TIMEOUT,,,,1.073,,1805.641,2627.32,Hit the task time limit.
PLASPPlanner-seq,classical-domains,miconic-fulladl,f28-1,,TIMEOUT,,,,1.032,,1805.613,2627.36,Hit the task time limit.
PLASPPlanner-seq,classical-domains,miconic-fulladl,f28-2,,TIMEOUT,,,,1.075,,1805.442,2516.42,Hit the task time limit.
PLASPPlanner-seq,classical-domains,miconic-fulladl,f28-3,,TIMEOUT,,,,1.071,,1805.401,2513.39,Hit the task time limit.
PLASPPlanner-seq,classical-domains,miconic-fulladl,f28-4,,TIMEOUT,,,,1.064,,1805.486,2516.0,Hit the task time limit.
PLASPPlanner-seq,classical-domains,miconic-fulladl,f29-0,,TIMEOUT,,,,1.259,,1805.743,2650.89,Hit the task time limit.
PLASPPlanner-seq,classical-domains,miconic-fulladl,f29-1,,TIMEOUT,,,,1.273,,1806.007,2736.49,Hit the task time limit.
PLASPPlanner-seq,classical-domains,miconic-fulladl,f29-2,,TIMEOUT,,,,1.268,,1806.249,2945.81,Hit the task time limit.
PLASPPlanner-seq,classical-domains,miconic-fulladl,f29-3,,TIMEOUT,,,,1.288,,1805.725,2647.06,Hit the task time limit.
PLASPPlanner-seq,classical-domains,miconic-fulladl,f29-4,,TIMEOUT,,,,1.334,,1805.828,2740.13,Hit the task time limit.
PLASPPlanner-seq,classical-domains,miconic-fulladl,f3-0,,SOLVED,True,8,,0.122,0.224,1.528,130.0,
PLASPPlanner-seq,classical-domains,miconic-fulladl,f3-1,,SOLVED,True,10,,0.121,0.304,1.636,130.0,
PLASPPlanner-seq,classical-domains,miconic-fulladl,f3-2,,SOLVED,True,8,,0.121,0.223,1.528,130.0,
PLASPPlanner-seq,classical-domains,miconic-fulladl,f3-3,,SOLVED,True,9,,0.135,0.311,1.729,132.0,
PLASPPlanner-seq,classical-domains,miconic-fulladl,f3-4,,SOLVED,True,8,,0.134,0.274,1.676,130.0,
PLASPPlanner-seq,classical-domains,miconic-fulladl,f30-0,,TIMEOUT,,,,1.441,,1806.635,3184.31,Hit the task time limit.
PLASPPlanner-seq,classical-domains,miconic-fulladl,f30-1,,TIMEOUT,,,,1.681,,1804.759,3081.86,Hit the task time limit.
PLASPPlanner-seq,classical-domains,miconic-fulladl,f30-2,,MEMOUT,,,,1.537,,316.586,7632.31,MemoryError under a 8192MB limit.
PLASPPlanner-seq,classical-domains,miconic-fulladl,f30-3,,TIMEOUT,,,,1.554,,1804.718,3076.65,Hit the task time limit.
PLASPPlanner-seq,classical-domains,miconic-fulladl,f30-4,,TIMEOUT,,,,1.569,,1804.747,3075.43,Hit the task time limit.
PLASPPlanner-seq,classical-domains,miconic-fulladl,f4-0,,SOLVED,True,12,,0.221,0.937,2.449,136.0,
PLASPPlanner-seq,classical-domains,miconic-fulladl,f4-1,,SOLVED,True,11,,0.222,0.608,2.148,138.0,
PLASPPlanner-seq,classical-domains,miconic-fulladl,f4-2,,SOLVED,True,14,,0.222,2.301,3.831,142.0,
PLASPPlanner-seq,classical-domains,miconic-fulladl,f4-3,,SOLVED,True,14,,0.226,3.052,4.588,142.0,
PLASPPlanner-seq,classical-domains,miconic-fulladl,f4-4,,SOLVED,True,14,,0.199,3.08,4.536,144.0,
PLASPPlanner-seq,classical-domains,miconic-fulladl,f5-0,,SOLVED,True,16,,0.221,10.412,11.901,156.0,
PLASPPlanner-seq,classical-domains,miconic-fulladl,f5-1,,SOLVED,True,18,,0.223,69.068,70.59,168.91,
PLASPPlanner-seq,classical-domains,miconic-fulladl,f5-2,,SOLVED,True,13,,0.224,2.044,3.508,148.0,
PLASPPlanner-seq,classical-domains,miconic-fulladl,f5-3,,SOLVED,True,15,,0.226,8.298,9.785,154.0,
PLASPPlanner-seq,classical-domains,miconic-fulladl,f5-4,,SOLVED,True,12,,0.23,0.921,2.392,144.0,
PLASPPlanner-seq,classical-domains,miconic-fulladl,f6-0,,SOLVED,True,17,,0.233,37.022,38.547,176.09,
PLASPPlanner-seq,classical-domains,miconic-fulladl,f6-1,,SOLVED,True,14,,0.236,6.72,8.295,162.2,
PLASPPlanner-seq,classical-domains,miconic-fulladl,f6-2,,SOLVED,True,18,,0.238,164.878,166.488,189.13,
PLASPPlanner-seq,classical-domains,miconic-fulladl,f6-3,,SOLVED,True,16,,0.238,27.206,28.817,173.7,
PLASPPlanner-seq,classical-domains,miconic-fulladl,f6-4,,SOLVED,True,14,,0.237,6.617,8.196,162.62,
PLASPPlanner-seq,classical-domains,miconic-fulladl,f7-0,,SOLVED,True,19,,0.214,552.101,553.667,224.19,
PLASPPlanner-seq,classical-domains,miconic-fulladl,f7-1,,TIMEOUT,,,,0.256,,1800.183,243.7,Hit the task time limit.
PLASPPlanner-seq,classical-domains,miconic-fulladl,f7-2,,SOLVED,True,20,,0.254,1575.291,1576.997,240.84,
PLASPPlanner-seq,classical-domains,miconic-fulladl,f7-3,,SOLVED,True,19,,0.26,780.003,781.694,226.68,
PLASPPlanner-seq,classical-domains,miconic-fulladl,f7-4,,SOLVED,True,19,,0.256,380.254,381.918,222.64,
PLASPPlanner-seq,classical-domains,miconic-fulladl,f8-0,,TIMEOUT,,,,0.256,,1800.237,275.06,Hit the task time limit.
PLASPPlanner-seq,classical-domains,miconic-fulladl,f8-1,,TIMEOUT,,,,0.255,,1800.225,267.87,Hit the task time limit.
PLASPPlanner-seq,classical-domains,miconic-fulladl,f8-2,,SOLVED,True,20,,0.261,1392.531,1394.169,270.89,
PLASPPlanner-seq,classical-domains,miconic-fulladl,f8-3,,TIMEOUT,,,,0.261,,1800.24,275.93,Hit the task time limit.
PLASPPlanner-seq,classical-domains,miconic-fulladl,f8-4,,TIMEOUT,,,,0.276,,1800.245,272.89,Hit the task time limit.
PLASPPlanner-seq,classical-domains,miconic-fulladl,f9-0,,TIMEOUT,,,,0.283,,1800.286,310.68,Hit the task time limit.
PLASPPlanner-seq,classical-domains,miconic-fulladl,f9-1,,TIMEOUT,,,,0.28,,1800.259,300.54,Hit the task time limit.
PLASPPlanner-seq,classical-domains,miconic-fulladl,f9-2,,TIMEOUT,,,,0.289,,1800.237,299.09,Hit the task time limit.
PLASPPlanner-seq,classical-domains,miconic-fulladl,f9-3,,TIMEOUT,,,,0.287,,1800.249,302.46,Hit the task time limit.
PLASPPlanner-seq,classical-domains,miconic-fulladl,f9-4,,TIMEOUT,,,,0.297,,1800.235,310.3,Hit the task time limit.
PLASPPlanner-seq,classical-domains,miconic-simpleadl,s1-0,,SOLVED,True,4,,0.055,0.028,1.353,124.0,
PLASPPlanner-seq,classical-domains,miconic-simpleadl,s1-1,,SOLVED,True,3,,0.058,0.028,1.376,122.0,
PLASPPlanner-seq,classical-domains,miconic-simpleadl,s1-2,,SOLVED,True,4,,0.061,0.03,1.433,124.0,
PLASPPlanner-seq,classical-domains,miconic-simpleadl,s1-3,,SOLVED,True,4,,0.06,0.031,1.485,124.0,
PLASPPlanner-seq,classical-domains,miconic-simpleadl,s1-4,,SOLVED,True,4,,0.057,0.03,1.372,122.0,
PLASPPlanner-seq,classical-domains,miconic-simpleadl,s10-0,,TIMEOUT,,,,0.259,,1800.102,199.12,Hit the task time limit.
PLASPPlanner-seq,classical-domains,miconic-simpleadl,s10-1,,TIMEOUT,,,,0.269,,1800.106,209.13,Hit the task time limit.
PLASPPlanner-seq,classical-domains,miconic-simpleadl,s10-2,,TIMEOUT,,,,0.21,,1800.104,206.96,Hit the task time limit.
PLASPPlanner-seq,classical-domains,miconic-simpleadl,s10-3,,TIMEOUT,,,,0.212,,1800.116,208.88,Hit the task time limit.
PLASPPlanner-seq,classical-domains,miconic-simpleadl,s10-4,,TIMEOUT,,,,0.214,,1800.102,207.34,Hit the task time limit.
PLASPPlanner-seq,classical-domains,miconic-simpleadl,s11-0,,TIMEOUT,,,,0.247,,1800.117,208.91,Hit the task time limit.
PLASPPlanner-seq,classical-domains,miconic-simpleadl,s11-1,,TIMEOUT,,,,0.242,,1800.108,207.09,Hit the task time limit.
PLASPPlanner-seq,classical-domains,miconic-simpleadl,s11-2,,TIMEOUT,,,,0.231,,1800.112,216.06,Hit the task time limit.
PLASPPlanner-seq,classical-domains,miconic-simpleadl,s11-3,,TIMEOUT,,,,0.248,,1800.107,221.14,Hit the task time limit.
PLASPPlanner-seq,classical-domains,miconic-simpleadl,s11-4,,TIMEOUT,,,,0.234,,1800.115,217.73,Hit the task time limit.
PLASPPlanner-seq,classical-domains,miconic-simpleadl,s12-0,,TIMEOUT,,,,0.257,,1800.134,234.89,Hit the task time limit.
PLASPPlanner-seq,classical-domains,miconic-simpleadl,s12-1,,TIMEOUT,,,,0.276,,1800.11,214.19,Hit the task time limit.
PLASPPlanner-seq,classical-domains,miconic-simpleadl,s12-2,,TIMEOUT,,,,0.267,,1800.114,216.53,Hit the task time limit.
PLASPPlanner-seq,classical-domains,miconic-simpleadl,s12-3,,TIMEOUT,,,,0.268,,1800.127,216.79,Hit the task time limit.
PLASPPlanner-seq,classical-domains,miconic-simpleadl,s12-4,,TIMEOUT,,,,0.256,,1800.115,221.68,Hit the task time limit.
PLASPPlanner-seq,classical-domains,miconic-simpleadl,s13-0,,TIMEOUT,,,,0.289,,1800.14,234.54,Hit the task time limit.
PLASPPlanner-seq,classical-domains,miconic-simpleadl,s13-1,,TIMEOUT,,,,0.269,,1800.12,239.54,Hit the task time limit.
PLASPPlanner-seq,classical-domains,miconic-simpleadl,s13-2,,TIMEOUT,,,,0.284,,1800.146,229.42,Hit the task time limit.
PLASPPlanner-seq,classical-domains,miconic-simpleadl,s13-3,,TIMEOUT,,,,0.274,,1800.135,238.43,Hit the task time limit.
PLASPPlanner-seq,classical-domains,miconic-simpleadl,s13-4,,TIMEOUT,,,,0.289,,1800.136,238.12,Hit the task time limit.
PLASPPlanner-seq,classical-domains,miconic-simpleadl,s14-0,,TIMEOUT,,,,0.312,,1800.146,245.88,Hit the task time limit.
PLASPPlanner-seq,classical-domains,miconic-simpleadl,s14-1,,TIMEOUT,,,,0.298,,1800.149,254.31,Hit the task time limit.
PLASPPlanner-seq,classical-domains,miconic-simpleadl,s14-2,,TIMEOUT,,,,0.317,,1800.157,243.91,Hit the task time limit.
PLASPPlanner-seq,classical-domains,miconic-simpleadl,s14-3,,TIMEOUT,,,,0.311,,1800.148,244.19,Hit the task time limit.
PLASPPlanner-seq,classical-domains,miconic-simpleadl,s14-4,,TIMEOUT,,,,0.318,,1800.148,252.3,Hit the task time limit.
PLASPPlanner-seq,classical-domains,miconic-simpleadl,s15-0,,TIMEOUT,,,,0.334,,1800.167,270.38,Hit the task time limit.
PLASPPlanner-seq,classical-domains,miconic-simpleadl,s15-1,,TIMEOUT,,,,0.353,,1800.161,272.61,Hit the task time limit.
PLASPPlanner-seq,classical-domains,miconic-simpleadl,s15-2,,TIMEOUT,,,,0.352,,1800.145,266.54,Hit the task time limit.
PLASPPlanner-seq,classical-domains,miconic-simpleadl,s15-3,,TIMEOUT,,,,0.356,,1800.15,265.79,Hit the task time limit.
PLASPPlanner-seq,classical-domains,miconic-simpleadl,s15-4,,TIMEOUT,,,,0.362,,1800.149,258.39,Hit the task time limit.
PLASPPlanner-seq,classical-domains,miconic-simpleadl,s16-0,,TIMEOUT,,,,0.376,,1800.159,237.34,Hit the task time limit.
PLASPPlanner-seq,classical-domains,miconic-simpleadl,s16-1,,TIMEOUT,,,,0.371,,1800.172,276.92,Hit the task time limit.
PLASPPlanner-seq,classical-domains,miconic-simpleadl,s16-2,,TIMEOUT,,,,0.383,,1800.17,262.81,Hit the task time limit.
PLASPPlanner-seq,classical-domains,miconic-simpleadl,s16-3,,TIMEOUT,,,,0.374,,1800.165,254.47,Hit the task time limit.
PLASPPlanner-seq,classical-domains,miconic-simpleadl,s16-4,,TIMEOUT,,,,0.379,,1800.175,274.14,Hit the task time limit.
PLASPPlanner-seq,classical-domains,miconic-simpleadl,s17-0,,TIMEOUT,,,,0.404,,1800.183,293.63,Hit the task time limit.
PLASPPlanner-seq,classical-domains,miconic-simpleadl,s17-1,,TIMEOUT,,,,0.4,,1800.181,271.44,Hit the task time limit.
PLASPPlanner-seq,classical-domains,miconic-simpleadl,s17-2,,TIMEOUT,,,,0.412,,1800.182,270.24,Hit the task time limit.
PLASPPlanner-seq,classical-domains,miconic-simpleadl,s17-3,,TIMEOUT,,,,0.424,,1800.184,283.68,Hit the task time limit.
PLASPPlanner-seq,classical-domains,miconic-simpleadl,s17-4,,TIMEOUT,,,,0.419,,1800.192,285.93,Hit the task time limit.
PLASPPlanner-seq,classical-domains,miconic-simpleadl,s18-0,,TIMEOUT,,,,0.475,,1800.228,307.78,Hit the task time limit.
PLASPPlanner-seq,classical-domains,miconic-simpleadl,s18-1,,TIMEOUT,,,,0.461,,1800.207,270.61,Hit the task time limit.
PLASPPlanner-seq,classical-domains,miconic-simpleadl,s18-2,,TIMEOUT,,,,0.476,,1800.232,297.83,Hit the task time limit.
PLASPPlanner-seq,classical-domains,miconic-simpleadl,s18-3,,TIMEOUT,,,,0.477,,1800.214,312.88,Hit the task time limit.
PLASPPlanner-seq,classical-domains,miconic-simpleadl,s18-4,,TIMEOUT,,,,0.457,,1800.19,288.79,Hit the task time limit.
PLASPPlanner-seq,classical-domains,miconic-simpleadl,s19-0,,TIMEOUT,,,,0.503,,1800.207,309.75,Hit the task time limit.
PLASPPlanner-seq,classical-domains,miconic-simpleadl,s19-1,,TIMEOUT,,,,0.513,,1800.218,326.77,Hit the task time limit.
PLASPPlanner-seq,classical-domains,miconic-simpleadl,s19-2,,TIMEOUT,,,,0.499,,1800.212,322.09,Hit the task time limit.
PLASPPlanner-seq,classical-domains,miconic-simpleadl,s19-3,,TIMEOUT,,,,0.497,,1800.215,286.02,Hit the task time limit.
PLASPPlanner-seq,classical-domains,miconic-simpleadl,s19-4,,TIMEOUT,,,,0.517,,1800.217,311.0,Hit the task time limit.
PLASPPlanner-seq,classical-domains,miconic-simpleadl,s2-0,,SOLVED,True,6,,0.058,0.04,1.415,124.0,
PLASPPlanner-seq,classical-domains,miconic-simpleadl,s2-1,,SOLVED,True,6,,0.064,0.04,1.469,124.0,
PLASPPlanner-seq,classical-domains,miconic-simpleadl,s2-2,,SOLVED,True,6,,0.056,0.037,1.334,120.0,
PLASPPlanner-seq,classical-domains,miconic-simpleadl,s2-3,,SOLVED,True,6,,0.056,0.037,1.369,124.0,
PLASPPlanner-seq,classical-domains,miconic-simpleadl,s2-4,,SOLVED,True,6,,0.067,0.042,1.447,124.0,
PLASPPlanner-seq,classical-domains,miconic-simpleadl,s20-0,,TIMEOUT,,,,0.541,,1800.242,311.18,Hit the task time limit.
PLASPPlanner-seq,classical-domains,miconic-simpleadl,s20-1,,TIMEOUT,,,,0.546,,1800.222,319.51,Hit the task time limit.
PLASPPlanner-seq,classical-domains,miconic-simpleadl,s20-2,,TIMEOUT,,,,0.548,,1800.222,336.74,Hit the task time limit.
PLASPPlanner-seq,classical-domains,miconic-simpleadl,s20-3,,TIMEOUT,,,,0.551,,1800.234,318.79,Hit the task time limit.
PLASPPlanner-seq,classical-domains,miconic-simpleadl,s20-4,,TIMEOUT,,,,0.546,,1800.225,305.01,Hit the task time limit.
PLASPPlanner-seq,classical-domains,miconic-simpleadl,s21-0,,TIMEOUT,,,,0.628,,1800.261,349.69,Hit the task time limit.
PLASPPlanner-seq,classical-domains,miconic-simpleadl,s21-1,,TIMEOUT,,,,0.589,,1800.237,322.32,Hit the task time limit.
PLASPPlanner-seq,classical-domains,miconic-simpleadl,s21-2,,TIMEOUT,,,,0.58,,1800.231,348.04,Hit the task time limit.
PLASPPlanner-seq,classical-domains,miconic-simpleadl,s21-3,,TIMEOUT,,,,0.582,,1800.234,301.79,Hit the task time limit.
PLASPPlanner-seq,classical-domains,miconic-simpleadl,s21-4,,TIMEOUT,,,,0.571,,1800.245,391.3,Hit the task time limit.
PLASPPlanner-seq,classical-domains,miconic-simpleadl,s22-0,,TIMEOUT,,,,0.628,,1800.369,341.8,Hit the task time limit.
PLASPPlanner-seq,classical-domains,miconic-simpleadl,s22-1,,TIMEOUT,,,,0.626,,1800.387,347.16,Hit the task time limit.
PLASPPlanner-seq,classical-domains,miconic-simpleadl,s22-2,,TIMEOUT,,,,0.586,,1800.362,363.41,Hit the task time limit.
PLASPPlanner-seq,classical-domains,miconic-simpleadl,s22-3,,TIMEOUT,,,,0.587,,1800.353,348.47,Hit the task time limit.
PLASPPlanner-seq,classical-domains,miconic-simpleadl,s22-4,,TIMEOUT,,,,0.592,,1800.34,386.89,Hit the task time limit.
PLASPPlanner-seq,classical-domains,miconic-simpleadl,s23-0,,TIMEOUT,,,,0.788,,1800.273,340.0,Hit the task time limit.
PLASPPlanner-seq,classical-domains,miconic-simpleadl,s23-1,,TIMEOUT,,,,0.712,,1800.249,368.8,Hit the task time limit.
PLASPPlanner-seq,classical-domains,miconic-simpleadl,s23-2,,TIMEOUT,,,,0.699,,1800.28,355.26,Hit the task time limit.
PLASPPlanner-seq,classical-domains,miconic-simpleadl,s23-3,,TIMEOUT,,,,0.708,,1800.283,409.19,Hit the task time limit.
PLASPPlanner-seq,classical-domains,miconic-simpleadl,s23-4,,TIMEOUT,,,,0.734,,1800.294,325.44,Hit the task time limit.
PLASPPlanner-seq,classical-domains,miconic-simpleadl,s24-0,,TIMEOUT,,,,0.758,,1800.3,417.1,Hit the task time limit.
PLASPPlanner-seq,classical-domains,miconic-simpleadl,s24-1,,TIMEOUT,,,,0.75,,1800.292,391.59,Hit the task time limit.
PLASPPlanner-seq,classical-domains,miconic-simpleadl,s24-2,,TIMEOUT,,,,0.767,,1800.309,414.55,Hit the task time limit.
PLASPPlanner-seq,classical-domains,miconic-simpleadl,s24-3,,TIMEOUT,,,,0.771,,1800.328,396.93,Hit the task time limit.
PLASPPlanner-seq,classical-domains,miconic-simpleadl,s24-4,,TIMEOUT,,,,0.756,,1800.314,381.65,Hit the task time limit.
PLASPPlanner-seq,classical-domains,miconic-simpleadl,s25-0,,TIMEOUT,,,,0.817,,1800.328,364.38,Hit the task time limit.
PLASPPlanner-seq,classical-domains,miconic-simpleadl,s25-1,,TIMEOUT,,,,0.835,,1800.337,452.26,Hit the task time limit.
PLASPPlanner-seq,classical-domains,miconic-simpleadl,s25-2,,TIMEOUT,,,,0.793,,1800.327,370.26,Hit the task time limit.
PLASPPlanner-seq,classical-domains,miconic-simpleadl,s25-3,,TIMEOUT,,,,0.815,,1800.332,388.54,Hit the task time limit.
PLASPPlanner-seq,classical-domains,miconic-simpleadl,s25-4,,TIMEOUT,,,,0.816,,1800.336,390.87,Hit the task time limit.
PLASPPlanner-seq,classical-domains,miconic-simpleadl,s26-0,,TIMEOUT,,,,0.862,,1800.349,372.69,Hit the task time limit.
PLASPPlanner-seq,classical-domains,miconic-simpleadl,s26-1,,TIMEOUT,,,,0.9,,1800.355,410.2,Hit the task time limit.
PLASPPlanner-seq,classical-domains,miconic-simpleadl,s26-2,,TIMEOUT,,,,0.888,,1800.341,365.92,Hit the task time limit.
PLASPPlanner-seq,classical-domains,miconic-simpleadl,s26-3,,TIMEOUT,,,,0.939,,1800.335,406.96,Hit the task time limit.
PLASPPlanner-seq,classical-domains,miconic-simpleadl,s26-4,,TIMEOUT,,,,0.924,,1800.338,425.82,Hit the task time limit.
PLASPPlanner-seq,classical-domains,miconic-simpleadl,s27-0,,TIMEOUT,,,,0.951,,1800.368,413.64,Hit the task time limit.
PLASPPlanner-seq,classical-domains,miconic-simpleadl,s27-1,,TIMEOUT,,,,0.927,,1800.343,416.36,Hit the task time limit.
PLASPPlanner-seq,classical-domains,miconic-simpleadl,s27-2,,TIMEOUT,,,,0.949,,1800.371,431.91,Hit the task time limit.
PLASPPlanner-seq,classical-domains,miconic-simpleadl,s27-3,,TIMEOUT,,,,0.934,,1800.349,389.25,Hit the task time limit.
PLASPPlanner-seq,classical-domains,miconic-simpleadl,s27-4,,TIMEOUT,,,,0.949,,1800.371,460.94,Hit the task time limit.
PLASPPlanner-seq,classical-domains,miconic-simpleadl,s28-0,,TIMEOUT,,,,0.967,,1800.399,545.89,Hit the task time limit.
PLASPPlanner-seq,classical-domains,miconic-simpleadl,s28-1,,TIMEOUT,,,,0.947,,1800.381,463.53,Hit the task time limit.
PLASPPlanner-seq,classical-domains,miconic-simpleadl,s28-2,,TIMEOUT,,,,0.988,,1800.379,411.37,Hit the task time limit.
PLASPPlanner-seq,classical-domains,miconic-simpleadl,s28-3,,TIMEOUT,,,,1.043,,1800.389,423.44,Hit the task time limit.
PLASPPlanner-seq,classical-domains,miconic-simpleadl,s28-4,,TIMEOUT,,,,1.045,,1800.378,411.6,Hit the task time limit.
PLASPPlanner-seq,classical-domains,miconic-simpleadl,s29-0,,TIMEOUT,,,,1.209,,1800.413,456.21,Hit the task time limit.
PLASPPlanner-seq,classical-domains,miconic-simpleadl,s29-1,,TIMEOUT,,,,1.139,,1800.416,416.7,Hit the task time limit.
PLASPPlanner-seq,classical-domains,miconic-simpleadl,s29-2,,TIMEOUT,,,,1.244,,1800.436,474.41,Hit the task time limit.
PLASPPlanner-seq,classical-domains,miconic-simpleadl,s29-3,,TIMEOUT,,,,1.179,,1800.412,448.45,Hit the task time limit.
PLASPPlanner-seq,classical-domains,miconic-simpleadl,s29-4,,TIMEOUT,,,,1.216,,1800.406,427.21,Hit the task time limit.
PLASPPlanner-seq,classical-domains,miconic-simpleadl,s3-0,,SOLVED,True,8,,0.063,0.064,1.392,120.0,
PLASPPlanner-seq,classical-domains,miconic-simpleadl,s3-1,,SOLVED,True,10,,0.063,0.133,1.463,122.0,
PLASPPlanner-seq,classical-domains,miconic-simpleadl,s3-2,,SOLVED,True,8,,0.064,0.066,1.5,124.0,
PLASPPlanner-seq,classical-domains,miconic-simpleadl,s3-3,,SOLVED,True,9,,0.061,0.083,1.375,122.0,
PLASPPlanner-seq,classical-domains,miconic-simpleadl,s3-4,,SOLVED,True,8,,0.062,0.061,1.349,124.0,
PLASPPlanner-seq,classical-domains,miconic-simpleadl,s30-0,,TIMEOUT,,,,1.231,,1800.597,468.86,Hit the task time limit.
PLASPPlanner-seq,classical-domains,miconic-simpleadl,s30-1,,TIMEOUT,,,,1.168,,1800.611,490.19,Hit the task time limit.
PLASPPlanner-seq,classical-domains,miconic-simpleadl,s30-2,,TIMEOUT,,,,1.182,,1800.604,490.99,Hit the task time limit.
PLASPPlanner-seq,classical-domains,miconic-simpleadl,s30-3,,TIMEOUT,,,,1.196,,1800.608,523.13,Hit the task time limit.
PLASPPlanner-seq,classical-domains,miconic-simpleadl,s30-4,,TIMEOUT,,,,1.165,,1800.586,415.95,Hit the task time limit.
PLASPPlanner-seq,classical-domains,miconic-simpleadl,s4-0,,SOLVED,True,12,,0.076,0.693,2.179,128.0,
PLASPPlanner-seq,classical-domains,miconic-simpleadl,s4-1,,SOLVED,True,11,,0.071,0.411,1.808,126.0,
PLASPPlanner-seq,classical-domains,miconic-simpleadl,s4-2,,SOLVED,True,14,,0.072,2.898,4.315,128.0,
PLASPPlanner-seq,classical-domains,miconic-simpleadl,s4-3,,SOLVED,True,14,,0.073,2.866,4.363,128.0,
PLASPPlanner-seq,classical-domains,miconic-simpleadl,s4-4,,SOLVED,True,14,,0.069,4.3,5.693,130.0,
PLASPPlanner-seq,classical-domains,miconic-simpleadl,s5-0,,SOLVED,True,14,,0.08,4.113,5.437,134.0,
PLASPPlanner-seq,classical-domains,miconic-simpleadl,s5-1,,SOLVED,True,15,,0.08,14.902,16.362,134.0,
PLASPPlanner-seq,classical-domains,miconic-simpleadl,s5-2,,SOLVED,True,10,,0.077,0.347,1.686,128.0,
PLASPPlanner-seq,classical-domains,miconic-simpleadl,s5-3,,SOLVED,True,14,,0.078,6.801,8.186,130.0,
PLASPPlanner-seq,classical-domains,miconic-simpleadl,s5-4,,SOLVED,True,16,,0.083,15.505,16.896,138.0,
PLASPPlanner-seq,classical-domains,miconic-simpleadl,s6-0,,SOLVED,True,14,,0.092,6.754,8.112,134.0,
PLASPPlanner-seq,classical-domains,miconic-simpleadl,s6-1,,SOLVED,True,15,,0.103,27.593,29.012,138.0,
PLASPPlanner-seq,classical-domains,miconic-simpleadl,s6-2,,SOLVED,True,16,,0.095,70.611,72.029,142.0,
PLASPPlanner-seq,classical-domains,miconic-simpleadl,s6-3,,SOLVED,True,16,,0.099,39.439,40.895,142.0,
PLASPPlanner-seq,classical-domains,miconic-simpleadl,s6-4,,SOLVED,True,18,,0.1,158.192,159.623,154.0,
PLASPPlanner-seq,classical-domains,miconic-simpleadl,s7-0,,SOLVED,True,18,,0.121,526.3,527.739,168.0,
PLASPPlanner-seq,classical-domains,miconic-simpleadl,s7-1,,SOLVED,True,20,,0.108,1651.605,1653.059,184.0,
PLASPPlanner-seq,classical-domains,miconic-simpleadl,s7-2,,SOLVED,True,17,,0.116,336.197,337.683,164.0,
PLASPPlanner-seq,classical-domains,miconic-simpleadl,s7-3,,SOLVED,True,17,,0.105,358.144,359.584,164.0,
PLASPPlanner-seq,classical-domains,miconic-simpleadl,s7-4,,TIMEOUT,,,,0.116,,1800.081,186.0,Hit the task time limit.
PLASPPlanner-seq,classical-domains,miconic-simpleadl,s8-0,,TIMEOUT,,,,0.13,,1800.087,196.59,Hit the task time limit.
PLASPPlanner-seq,classical-domains,miconic-simpleadl,s8-1,,TIMEOUT,,,,0.124,,1800.089,186.0,Hit the task time limit.
PLASPPlanner-seq,classical-domains,miconic-simpleadl,s8-2,,TIMEOUT,,,,0.128,,1800.086,188.0,Hit the task time limit.
PLASPPlanner-seq,classical-domains,miconic-simpleadl,s8-3,,TIMEOUT,,,,0.124,,1800.088,187.93,Hit the task time limit.
PLASPPlanner-seq,classical-domains,miconic-simpleadl,s8-4,,TIMEOUT,,,,0.125,,1800.091,192.0,Hit the task time limit.
PLASPPlanner-seq,classical-domains,miconic-simpleadl,s9-0,,TIMEOUT,,,,0.266,,1800.088,199.96,Hit the task time limit.
PLASPPlanner-seq,classical-domains,miconic-simpleadl,s9-1,,TIMEOUT,,,,0.237,,1800.086,196.0,Hit the task time limit.
PLASPPlanner-seq,classical-domains,miconic-simpleadl,s9-2,,TIMEOUT,,,,0.269,,1800.087,199.21,Hit the task time limit.
PLASPPlanner-seq,classical-domains,miconic-simpleadl,s9-3,,TIMEOUT,,,,0.229,,1800.086,196.0,Hit the task time limit.
PLASPPlanner-seq,classical-domains,miconic-simpleadl,s9-4,,TIMEOUT,,,,0.247,,1800.102,213.62,Hit the task time limit.
PLASPPlanner-seq,classical-domains,movie,prob01,1998,SOLVED,True,7,,0.053,0.07,1.335,124.0,
PLASPPlanner-seq,classical-domains,movie,prob02,1998,SOLVED,True,7,,0.056,0.075,1.379,124.0,
PLASPPlanner-seq,classical-domains,movie,prob03,1998,SOLVED,True,7,,0.057,0.077,1.363,124.0,
PLASPPlanner-seq,classical-domains,movie,prob04,1998,SOLVED,True,7,,0.06,0.081,1.389,124.0,
PLASPPlanner-seq,classical-domains,movie,prob05,1998,SOLVED,True,7,,0.064,0.09,1.441,124.0,
PLASPPlanner-seq,classical-domains,movie,prob06,1998,SOLVED,True,7,,0.063,0.09,1.383,124.0,
PLASPPlanner-seq,classical-domains,movie,prob07,1998,SOLVED,True,7,,0.065,0.094,1.393,126.0,
PLASPPlanner-seq,classical-domains,movie,prob08,1998,SOLVED,True,7,,0.07,0.101,1.457,124.0,
PLASPPlanner-seq,classical-domains,movie,prob09,1998,SOLVED,True,7,,0.069,0.105,1.431,126.0,
PLASPPlanner-seq,classical-domains,movie,prob10,1998,SOLVED,True,7,,0.075,0.114,1.447,122.0,
PLASPPlanner-seq,classical-domains,movie,prob11,1998,SOLVED,True,7,,0.075,0.113,1.419,126.0,
PLASPPlanner-seq,classical-domains,movie,prob12,1998,SOLVED,True,7,,0.078,0.12,1.467,124.0,
PLASPPlanner-seq,classical-domains,movie,prob13,1998,SOLVED,True,7,,0.082,0.13,1.461,126.0,
PLASPPlanner-seq,classical-domains,movie,prob14,1998,SOLVED,True,7,,0.082,0.13,1.477,126.0,
PLASPPlanner-seq,classical-domains,movie,prob15,1998,SOLVED,True,7,,0.083,0.13,1.418,124.0,
PLASPPlanner-seq,classical-domains,movie,prob16,1998,SOLVED,True,7,,0.086,0.138,1.436,124.0,
PLASPPlanner-seq,classical-domains,movie,prob17,1998,SOLVED,True,7,,0.094,0.14,1.431,124.0,
PLASPPlanner-seq,classical-domains,movie,prob18,1998,SOLVED,True,7,,0.091,0.141,1.442,126.0,
PLASPPlanner-seq,classical-domains,movie,prob19,1998,SOLVED,True,7,,0.093,0.147,1.435,124.0,
PLASPPlanner-seq,classical-domains,movie,prob20,1998,SOLVED,True,7,,0.094,0.154,1.445,128.0,
PLASPPlanner-seq,classical-domains,movie,prob21,1998,SOLVED,True,7,,0.097,0.152,1.454,124.0,
PLASPPlanner-seq,classical-domains,movie,prob22,1998,SOLVED,True,7,,0.098,0.162,1.458,126.0,
PLASPPlanner-seq,classical-domains,movie,prob23,1998,SOLVED,True,7,,0.102,0.166,1.522,126.0,
PLASPPlanner-seq,classical-domains,movie,prob24,1998,SOLVED,True,7,,0.101,0.171,1.468,128.0,
PLASPPlanner-seq,classical-domains,movie,prob25,1998,SOLVED,True,7,,0.11,0.267,1.595,128.0,
PLASPPlanner-seq,classical-domains,movie,prob26,1998,SOLVED,True,7,,0.107,0.257,1.552,126.0,
PLASPPlanner-seq,classical-domains,movie,prob27,1998,SOLVED,True,7,,0.109,0.266,1.58,124.0,
PLASPPlanner-seq,classical-domains,movie,prob28,1998,SOLVED,True,7,,0.116,0.279,1.649,128.0,
PLASPPlanner-seq,classical-domains,movie,prob29,1998,SOLVED,True,7,,0.112,0.276,1.602,126.0,
PLASPPlanner-seq,classical-domains,movie,prob30,1998,SOLVED,True,7,,0.117,0.28,1.598,126.0,
PLASPPlanner-seq,classical-domains,mprime,prob01,1998,SOLVED,True,5,,0.094,1.804,3.107,134.0,
PLASPPlanner-seq,classical-domains,mprime,prob02,1998,SOLVED,True,7,,0.118,8.444,9.782,191.21,
PLASPPlanner-seq,classical-domains,mprime,prob03,1998,SOLVED,True,4,,0.117,4.576,5.908,152.0,
PLASPPlanner-seq,classical-domains,mprime,prob04,1998,SOLVED,True,8,,0.113,2.264,3.614,147.56,
PLASPPlanner-seq,classical-domains,mprime,prob05,1998,SOLVED,True,11,,0.112,30.334,31.671,203.37,
PLASPPlanner-seq,classical-domains,mprime,prob06,1998,SOLVED,True,11,,0.227,1585.972,1587.458,713.38,
PLASPPlanner-seq,classical-domains,mprime,prob07,1998,SOLVED,True,5,,0.126,2.733,4.112,148.0,
PLASPPlanner-seq,classical-domains,mprime,prob08,1998,SOLVED,True,6,,0.207,17.381,18.877,222.39,
PLASPPlanner-seq,classical-domains,mprime,prob09,1998,SOLVED,True,8,,0.107,7.069,8.403,177.18,
PLASPPlanner-seq,classical-domains,mprime,prob10,1998,SOLVED,True,8,,0.247,251.871,253.395,641.92,
PLASPPlanner-seq,classical-domains,mprime,prob11,1998,SOLVED,True,7,,0.107,2.428,3.812,148.18,
PLASPPlanner-seq,classical-domains,mprime,prob12,1998,SOLVED,True,6,,0.105,3.88,5.252,154.3,
PLASPPlanner-seq,classical-domains,mprime,prob13,1998,TIMEOUT,,,,0.254,,2008.552,922.87,Hit the task time limit.
PLASPPlanner-seq,classical-domains,mprime,prob14,1998,KILLED,,,,,,,,
PLASPPlanner-seq,classical-domains,mprime,prob15,1998,SOLVED,True,6,,0.234,180.868,182.381,464.61,
PLASPPlanner-seq,classical-domains,mprime,prob16,1998,SOLVED,True,6,,0.117,11.668,13.034,204.97,
PLASPPlanner-seq,classical-domains,mprime,prob17,1998,SOLVED,True,4,,0.227,65.647,67.144,282.6,
PLASPPlanner-seq,classical-domains,mprime,prob18,1998,TIMEOUT,,,,0.229,,1903.546,995.09,Hit the task time limit.
PLASPPlanner-seq,classical-domains,mprime,prob19,1998,SOLVED,True,6,,0.237,41.391,42.973,264.51,
PLASPPlanner-seq,classical-domains,mprime,prob20,1998,SOLVED,True,7,,0.221,241.157,242.68,485.34,
PLASPPlanner-seq,classical-domains,mprime,prob21,1998,SOLVED,True,6,,0.22,32.927,34.384,262.73,
PLASPPlanner-seq,classical-domains,mprime,prob22,1998,SOLVED,True,9,,0.248,1123.065,1124.662,925.98,
PLASPPlanner-seq,classical-domains,mprime,prob23,1998,SOLVED,True,10,,0.202,312.291,313.743,471.21,
PLASPPlanner-seq,classical-domains,mprime,prob24,1998,SOLVED,True,8,,0.191,75.506,76.894,392.25,
PLASPPlanner-seq,classical-domains,mprime,prob25,1998,SOLVED,True,4,,0.087,0.814,2.05,130.0,
PLASPPlanner-seq,classical-domains,mprime,prob26,1998,SOLVED,True,6,,0.112,7.565,8.849,181.81,
PLASPPlanner-seq,classical-domains,mprime,prob27,1998,SOLVED,True,5,,0.105,11.49,12.774,178.0,
PLASPPlanner-seq,classical-domains,mprime,prob28,1998,SOLVED,True,7,,0.094,1.867,3.104,140.0,
PLASPPlanner-seq,classical-domains,mprime,prob29,1998,SOLVED,True,4,,0.102,6.74,7.981,160.0,
PLASPPlanner-seq,classical-domains,mprime,prob30,1998,SOLVED,True,9,,0.123,133.236,134.553,401.93,
PLASPPlanner-seq,classical-domains,mprime,prob31,1998,SOLVED,True,4,,0.11,8.289,9.546,172.0,
PLASPPlanner-seq,classical-domains,mprime,prob32,1998,SOLVED,True,7,,0.107,2.791,4.056,153.14,
PLASPPlanner-seq,classical-domains,mprime,prob33,1998,SOLVED,True,12,,0.193,468.336,469.727,475.64,
PLASPPlanner-seq,classical-domains,mprime,prob34,1998,SOLVED,True,4,,0.114,8.05,9.31,175.35,
PLASPPlanner-seq,classical-domains,mprime,prob35,1998,SOLVED,True,5,,0.093,1.79,3.028,136.0,
PLASPPlanner-seq,classical-domains,mystery,prob01,1998,SOLVED,True,5,,0.078,0.375,1.642,126.0,
PLASPPlanner-seq,classical-domains,mystery,prob02,1998,SOLVED,True,7,,0.101,6.415,7.654,180.43,
PLASPPlanner-seq,classical-domains,mystery,prob03,1998,SOLVED,True,4,,0.097,2.34,3.572,142.0,
PLASPPlanner-seq,classical-domains,mystery,prob04,1998,TIMEOUT,,,,0.09,,1800.568,220.6,Hit the task time limit.
PLASPPlanner-seq,classical-domains,mystery,prob05,1998,TIMEOUT,,,,0.096,,1803.353,383.47,Hit the task time limit.
PLASPPlanner-seq,classical-domains,mystery,prob06,1998,SOLVED,True,11,,0.163,181.045,182.382,338.45,
PLASPPlanner-seq,classical-domains,mystery,prob07,1998,EXHAUSTED,,,,0.105,962.135,963.339,1540.38,No plan found up to horizon 1000 (the task may be solvable with a longer horizon).
PLASPPlanner-seq,classical-domains,mystery,prob08,1998,TIMEOUT,,,,0.114,,1804.337,320.84,Hit the task time limit.
PLASPPlanner-seq,classical-domains,mystery,prob09,1998,SOLVED,True,8,,0.093,4.263,5.498,164.08,
PLASPPlanner-seq,classical-domains,mystery,prob10,1998,SOLVED,True,8,,0.203,162.495,163.908,512.71,
PLASPPlanner-seq,classical-domains,mystery,prob11,1998,SOLVED,True,7,,0.092,0.714,1.963,132.0,
PLASPPlanner-seq,classical-domains,mystery,prob12,1998,TIMEOUT,,,,0.092,,1800.847,184.01,Hit the task time limit.
PLASPPlanner-seq,classical-domains,mystery,prob13,1998,SOLVED,True,15,,0.223,602.566,604.024,691.27,
PLASPPlanner-seq,classical-domains,mystery,prob14,1998,TIMEOUT,,,,0.227,,2000.288,893.03,Hit the task time limit.
PLASPPlanner-seq,classical-domains,mystery,prob15,1998,SOLVED,True,6,,0.201,33.837,35.214,276.83,
PLASPPlanner-seq,classical-domains,mystery,prob16,1998,TIMEOUT,,,,0.106,,1804.187,3868.7,Hit the task time limit.
PLASPPlanner-seq,classical-domains,mystery,prob17,1998,SOLVED,True,4,,0.195,34.78,36.132,250.32,
PLASPPlanner-seq,classical-domains,mystery,prob18,1998,TIMEOUT,,,,0.197,,1805.302,5635.04,Hit the task time limit.
PLASPPlanner-seq,classical-domains,mystery,prob19,1998,SOLVED,True,6,,0.117,10.609,11.887,211.41,
PLASPPlanner-seq,classical-domains,mystery,prob20,1998,SOLVED,True,7,,0.193,13.893,15.252,227.07,
PLASPPlanner-seq,classical-domains,mystery,prob21,1998,TIMEOUT,,,,0.193,,1809.174,1036.19,Hit the task time limit.
PLASPPlanner-seq,classical-domains,mystery,prob22,1998,TIMEOUT,,,,0.214,,1838.834,749.86,Hit the task time limit.
PLASPPlanner-seq,classical-domains,mystery,prob23,1998,TIMEOUT,,,,0.195,,1811.382,467.46,Hit the task time limit.
PLASPPlanner-seq,classical-domains,mystery,prob24,1998,TIMEOUT,,,,0.207,,1807.511,1354.27,Hit the task time limit.
PLASPPlanner-seq,classical-domains,mystery,prob25,1998,SOLVED,True,4,,0.081,0.344,1.706,126.0,
PLASPPlanner-seq,classical-domains,mystery,prob26,1998,SOLVED,True,6,,0.108,2.391,3.757,146.0,
PLASPPlanner-seq,classical-domains,mystery,prob27,1998,SOLVED,True,5,,0.097,1.791,3.091,140.0,
PLASPPlanner-seq,classical-domains,mystery,prob28,1998,SOLVED,True,7,,0.088,0.548,1.824,130.0,
PLASPPlanner-seq,classical-domains,mystery,prob29,1998,SOLVED,True,4,,0.1,1.87,3.153,140.0,
PLASPPlanner-seq,classical-domains,mystery,prob30,1998,SOLVED,True,9,,0.113,23.001,24.329,208.67,
PLASPPlanner-seq,classical-domains,no-mprime,prob01,,SOLVED,True,5,,0.091,1.726,2.976,138.0,
PLASPPlanner-seq,classical-domains,no-mprime,prob02,,SOLVED,True,7,,0.113,8.193,9.481,193.4,
PLASPPlanner-seq,classical-domains,no-mprime,prob03,,SOLVED,True,4,,0.109,4.504,5.783,154.0,
PLASPPlanner-seq,classical-domains,no-mprime,prob04,,SOLVED,True,8,,0.101,2.142,3.404,149.67,
PLASPPlanner-seq,classical-domains,no-mprime,prob05,,SOLVED,True,11,,0.109,25.148,26.424,206.17,
PLASPPlanner-seq,classical-domains,no-mprime,prob06,,TIMEOUT,,,,0.185,,1868.601,705.93,Hit the task time limit.
PLASPPlanner-seq,classical-domains,no-mprime,prob07,,SOLVED,True,5,,0.121,2.726,4.084,148.0,
PLASPPlanner-seq,classical-domains,no-mprime,prob08,,SOLVED,True,6,,0.199,18.249,19.685,223.01,
PLASPPlanner-seq,classical-domains,no-mprime,prob09,,SOLVED,True,8,,0.117,6.41,7.803,178.26,
PLASPPlanner-seq,classical-domains,no-mprime,prob10,,SOLVED,True,8,,0.247,421.718,423.247,656.74,
PLASPPlanner-seq,classical-domains,no-mprime,prob11,,SOLVED,True,7,,0.104,2.443,3.78,149.4,
PLASPPlanner-seq,classical-domains,no-mprime,prob12,,SOLVED,True,6,,0.108,4.051,5.386,156.06,
PLASPPlanner-seq,classical-domains,no-mprime,prob13,,TIMEOUT,,,,0.246,,2064.842,917.56,Hit the task time limit.
PLASPPlanner-seq,classical-domains,no-mprime,prob14,,KILLED,,,,,,,,
PLASPPlanner-seq,classical-domains,no-mprime,prob15,,SOLVED,True,6,,0.22,236.983,238.492,470.29,
PLASPPlanner-seq,classical-domains,no-mprime,prob16,,SOLVED,True,6,,0.118,11.933,13.325,207.88,
PLASPPlanner-seq,classical-domains,no-mprime,prob17,,SOLVED,True,4,,0.208,70.743,72.242,283.65,
PLASPPlanner-seq,classical-domains,no-mprime,prob18,,TIMEOUT,,,,0.208,,1896.358,745.14,Hit the task time limit.
PLASPPlanner-seq,classical-domains,no-mprime,prob19,,SOLVED,True,6,,0.192,32.368,33.785,267.82,
PLASPPlanner-seq,classical-domains,no-mprime,prob20,,SOLVED,True,7,,0.203,265.648,267.085,503.22,
PLASPPlanner-seq,classical-domains,no-mprime,prob21,,SOLVED,True,6,,0.205,30.943,32.324,262.5,
PLASPPlanner-seq,classical-domains,no-mprime,prob22,,SOLVED,True,9,,0.234,1559.322,1560.788,934.54,
PLASPPlanner-seq,classical-domains,no-mprime,prob23,,SOLVED,True,10,,0.216,382.95,384.432,471.02,
PLASPPlanner-seq,classical-domains,no-mprime,prob24,,SOLVED,True,8,,0.224,98.666,100.156,405.24,
PLASPPlanner-seq,classical-domains,no-mprime,prob25,,SOLVED,True,4,,0.098,0.845,2.211,126.0,
PLASPPlanner-seq,classical-domains,no-mprime,prob26,,SOLVED,True,6,,0.116,7.728,9.095,179.99,
PLASPPlanner-seq,classical-domains,no-mprime,prob27,,SOLVED,True,5,,0.11,12.06,13.457,186.24,
PLASPPlanner-seq,classical-domains,no-mprime,prob28,,SOLVED,True,7,,0.1,1.921,3.262,142.0,
PLASPPlanner-seq,classical-domains,no-mprime,prob29,,SOLVED,True,4,,0.113,7.053,8.446,162.0,
PLASPPlanner-seq,classical-domains,no-mprime,prob30,,SOLVED,True,9,,0.142,164.143,165.604,415.15,
PLASPPlanner-seq,classical-domains,no-mprime,prob31,,SOLVED,True,4,,0.116,8.627,10.015,172.0,
PLASPPlanner-seq,classical-domains,no-mprime,prob32,,SOLVED,True,7,,0.109,2.868,4.227,154.8,
PLASPPlanner-seq,classical-domains,no-mprime,prob33,,SOLVED,True,12,,0.224,865.251,866.796,491.67,
PLASPPlanner-seq,classical-domains,no-mprime,prob34,,SOLVED,True,4,,0.121,8.509,9.863,175.63,
PLASPPlanner-seq,classical-domains,no-mprime,prob35,,SOLVED,True,5,,0.103,1.839,3.193,138.0,
PLASPPlanner-seq,classical-domains,no-mystery,prob01,,SOLVED,True,5,,0.084,0.387,1.774,128.0,
PLASPPlanner-seq,classical-domains,no-mystery,prob02,,SOLVED,True,7,,0.106,6.225,7.579,181.3,
PLASPPlanner-seq,classical-domains,no-mystery,prob03,,SOLVED,True,4,,0.106,2.398,3.761,140.0,
PLASPPlanner-seq,classical-domains,no-mystery,prob04,,TIMEOUT,,,,0.101,,1800.602,207.29,Hit the task time limit.
PLASPPlanner-seq,classical-domains,no-mystery,prob05,,TIMEOUT,,,,0.107,,1803.384,379.36,Hit the task time limit.
PLASPPlanner-seq,classical-domains,no-mystery,prob06,,SOLVED,True,11,,0.211,138.104,139.629,328.4,
PLASPPlanner-seq,classical-domains,no-mystery,prob07,,EXHAUSTED,,,,0.109,1011.073,1012.372,1550.18,No plan found up to horizon 1000 (the task may be solvable with a longer horizon).
PLASPPlanner-seq,classical-domains,no-mystery,prob08,,TIMEOUT,,,,0.121,,1804.406,386.42,Hit the task time limit.
PLASPPlanner-seq,classical-domains,no-mystery,prob09,,SOLVED,True,8,,0.096,4.193,5.518,164.02,
PLASPPlanner-seq,classical-domains,no-mystery,prob10,,SOLVED,True,8,,0.217,174.864,176.324,523.1,
PLASPPlanner-seq,classical-domains,no-mystery,prob11,,SOLVED,True,7,,0.095,0.746,2.05,132.0,
PLASPPlanner-seq,classical-domains,no-mystery,prob12,,TIMEOUT,,,,0.104,,1800.858,184.95,Hit the task time limit.
PLASPPlanner-seq,classical-domains,no-mystery,prob13,,SOLVED,True,15,,0.243,613.042,614.623,691.0,
PLASPPlanner-seq,classical-domains,no-mystery,prob14,,TIMEOUT,,,,0.271,,2040.011,881.64,Hit the task time limit.
PLASPPlanner-seq,classical-domains,no-mystery,prob15,,SOLVED,True,6,,0.217,41.795,43.283,277.0,
PLASPPlanner-seq,classical-domains,no-mystery,prob16,,TIMEOUT,,,,0.111,,1804.523,3910.5,Hit the task time limit.
PLASPPlanner-seq,classical-domains,no-mystery,prob17,,SOLVED,True,4,,0.204,33.337,34.827,248.7,
PLASPPlanner-seq,classical-domains,no-mystery,prob18,,TIMEOUT,,,,0.214,,1804.99,5693.85,Hit the task time limit.
PLASPPlanner-seq,classical-domains,no-mystery,prob19,,SOLVED,True,6,,0.126,11.332,12.769,211.73,
PLASPPlanner-seq,classical-domains,no-mystery,prob20,,SOLVED,True,7,,0.222,18.799,20.276,227.98,
PLASPPlanner-seq,classical-domains,no-mystery,prob21,,TIMEOUT,,,,0.23,,1809.308,1058.96,Hit the task time limit.
PLASPPlanner-seq,classical-domains,no-mystery,prob22,,TIMEOUT,,,,0.259,,1851.709,605.69,Hit the task time limit.
PLASPPlanner-seq,classical-domains,no-mystery,prob23,,TIMEOUT,,,,0.236,,1811.482,388.45,Hit the task time limit.
PLASPPlanner-seq,classical-domains,no-mystery,prob24,,TIMEOUT,,,,0.226,,1806.604,568.39,Hit the task time limit.
PLASPPlanner-seq,classical-domains,no-mystery,prob25,,SOLVED,True,4,,0.078,0.338,1.71,128.0,
PLASPPlanner-seq,classical-domains,no-mystery,prob26,,SOLVED,True,6,,0.113,2.422,3.803,148.0,
PLASPPlanner-seq,classical-domains,no-mystery,prob27,,SOLVED,True,5,,0.105,1.838,3.24,140.0,
PLASPPlanner-seq,classical-domains,no-mystery,prob28,,SOLVED,True,7,,0.089,0.579,1.955,130.0,
PLASPPlanner-seq,classical-domains,no-mystery,prob29,,SOLVED,True,4,,0.1,1.907,3.28,140.0,
PLASPPlanner-seq,classical-domains,no-mystery,prob30,,SOLVED,True,9,,0.117,33.764,35.141,207.1,
PLASPPlanner-seq,classical-domains,nomystery-opt11-strips,p01,2011,SOLVED,True,11,,0.58,2.747,4.613,174.9,
PLASPPlanner-seq,classical-domains,nomystery-opt11-strips,p02,2011,SOLVED,True,14,,5.104,113.132,119.584,993.3,
PLASPPlanner-seq,classical-domains,nomystery-opt11-strips,p03,2011,SOLVED,True,15,,1.71,60.286,63.291,345.22,
PLASPPlanner-seq,classical-domains,nomystery-opt11-strips,p04,2011,TIMEOUT,,,,4.598,,1839.578,994.54,Hit the task time limit.
PLASPPlanner-seq,classical-domains,nomystery-opt11-strips,p05,2011,TIMEOUT,,,,15.594,,2024.929,4483.66,Hit the task time limit.
PLASPPlanner-seq,classical-domains,nomystery-opt11-strips,p06,2011,MEMOUT,,,,28.827,,587.828,7616.14,MemoryError under a 8192MB limit.
PLASPPlanner-seq,classical-domains,nomystery-opt11-strips,p07,2011,TIMEOUT,,,,19.828,,2107.363,5422.33,Hit the task time limit.
PLASPPlanner-seq,classical-domains,nomystery-opt11-strips,p08,2011,MEMOUT,,,,23.569,,485.716,6968.77,MemoryError under a 8192MB limit.
PLASPPlanner-seq,classical-domains,nomystery-opt11-strips,p09,2011,MEMOUT,,,,29.621,,674.718,7876.02,MemoryError under a 8192MB limit.
PLASPPlanner-seq,classical-domains,nomystery-opt11-strips,p10,2011,TIMEOUT,,,,15.253,,2019.746,4658.28,Hit the task time limit.
PLASPPlanner-seq,classical-domains,nomystery-opt11-strips,p11,2011,SOLVED,True,12,,0.438,1.584,3.329,148.0,
PLASPPlanner-seq,classical-domains,nomystery-opt11-strips,p12,2011,SOLVED,True,14,,2.546,39.549,43.764,487.06,
PLASPPlanner-seq,classical-domains,nomystery-opt11-strips,p13,2011,SOLVED,True,15,,0.961,12.517,14.874,228.95,
PLASPPlanner-seq,classical-domains,nomystery-opt11-strips,p14,2011,SOLVED,True,19,,2.318,1052.47,1056.189,629.93,
PLASPPlanner-seq,classical-domains,nomystery-opt11-strips,p15,2011,TIMEOUT,,,,7.998,,1887.594,1943.94,Hit the task time limit.
PLASPPlanner-seq,classical-domains,nomystery-opt11-strips,p16,2011,TIMEOUT,,,,14.857,,2011.95,4360.76,Hit the task time limit.
PLASPPlanner-seq,classical-domains,nomystery-opt11-strips,p17,2011,TIMEOUT,,,,11.39,,1931.172,2541.42,Hit the task time limit.
PLASPPlanner-seq,classical-domains,nomystery-opt11-strips,p18,2011,TIMEOUT,,,,13.925,,1975.364,3343.71,Hit the task time limit.
PLASPPlanner-seq,classical-domains,nomystery-opt11-strips,p19,2011,TIMEOUT,,,,16.044,,2051.533,4746.74,Hit the task time limit.
PLASPPlanner-seq,classical-domains,nomystery-opt11-strips,p20,2011,TIMEOUT,,,,8.285,,1885.58,2016.05,Hit the task time limit.
PLASPPlanner-seq,classical-domains,nomystery-sat11-strips,p01,2011,TIMEOUT,,,,3.162,,1824.202,709.03,Hit the task time limit.
PLASPPlanner-seq,classical-domains,nomystery-sat11-strips,p02,2011,TIMEOUT,,,,4.204,,1838.727,1011.65,Hit the task time limit.
PLASPPlanner-seq,classical-domains,nomystery-sat11-strips,p03,2011,TIMEOUT,,,,17.069,,2025.582,4406.93,Hit the task time limit.
PLASPPlanner-seq,classical-domains,nomystery-sat11-strips,p04,2011,MEMOUT,,,,27.762,,592.442,7618.63,MemoryError under a 8192MB limit.
PLASPPlanner-seq,classical-domains,nomystery-sat11-strips,p05,2011,MEMOUT,,,,24.232,,469.776,6956.04,MemoryError under a 8192MB limit.
PLASPPlanner-seq,classical-domains,nomystery-sat11-strips,p06,2011,MEMOUT,,,,24.358,,514.78,6980.71,MemoryError under a 8192MB limit.
PLASPPlanner-seq,classical-domains,nomystery-sat11-strips,p07,2011,MEMOUT,,,,30.239,,686.764,7909.22,MemoryError under a 8192MB limit.
PLASPPlanner-seq,classical-domains,nomystery-sat11-strips,p08,2011,TIMEOUT,,,,16.038,,2015.552,4501.98,Hit the task time limit.
PLASPPlanner-seq,classical-domains,nomystery-sat11-strips,p09,2011,MEMOUT,,,,44.156,,608.809,7583.12,MemoryError under a 8192MB limit.
PLASPPlanner-seq,classical-domains,nomystery-sat11-strips,p10,2011,MEMOUT,,,,30.532,,598.966,7641.05,MemoryError under a 8192MB limit.
PLASPPlanner-seq,classical-domains,nomystery-sat11-strips,p11,2011,SOLVED,True,18,,1.643,361.814,364.803,429.36,
PLASPPlanner-seq,classical-domains,nomystery-sat11-strips,p12,2011,TIMEOUT,,,,2.304,,1814.794,703.41,Hit the task time limit.
PLASPPlanner-seq,classical-domains,nomystery-sat11-strips,p13,2011,TIMEOUT,,,,8.068,,1892.047,1953.44,Hit the task time limit.
PLASPPlanner-seq,classical-domains,nomystery-sat11-strips,p14,2011,TIMEOUT,,,,14.934,,2009.253,4386.18,Hit the task time limit.
PLASPPlanner-seq,classical-domains,nomystery-sat11-strips,p15,2011,TIMEOUT,,,,13.125,,1972.651,3499.77,Hit the task time limit.
PLASPPlanner-seq,classical-domains,nomystery-sat11-strips,p16,2011,TIMEOUT,,,,12.801,,1970.863,3580.93,Hit the task time limit.
PLASPPlanner-seq,classical-domains,nomystery-sat11-strips,p17,2011,TIMEOUT,,,,15.554,,2042.958,5000.74,Hit the task time limit.
PLASPPlanner-seq,classical-domains,nomystery-sat11-strips,p18,2011,TIMEOUT,,,,8.004,,1886.167,2143.39,Hit the task time limit.
PLASPPlanner-seq,classical-domains,nomystery-sat11-strips,p19,2011,MEMOUT,,,,24.16,,470.236,6956.47,MemoryError under a 8192MB limit.
PLASPPlanner-seq,classical-domains,nomystery-sat11-strips,p20,2011,TIMEOUT,,,,16.747,,2010.09,4616.52,Hit the task time limit.
PLASPPlanner-seq,classical-domains,nurikabe-opt18,p01,2018,SOLVED,True,7,,0.099,0.285,1.762,139.63,
PLASPPlanner-seq,classical-domains,nurikabe-opt18,p02,2018,SOLVED,True,9,,0.099,0.367,1.843,139.76,
PLASPPlanner-seq,classical-domains,nurikabe-opt18,p03,2018,SOLVED,True,11,,0.122,2.58,4.101,238.07,
PLASPPlanner-seq,classical-domains,nurikabe-opt18,p04,2018,SOLVED,True,16,,0.114,5.7,7.15,344.21,
PLASPPlanner-seq,classical-domains,nurikabe-opt18,p05,2018,SOLVED,True,15,,0.134,12.194,13.734,554.31,
PLASPPlanner-seq,classical-domains,nurikabe-opt18,p06,2018,SOLVED,True,27,,0.261,292.161,293.97,1245.21,
PLASPPlanner-seq,classical-domains,nurikabe-opt18,p07,2018,SOLVED,True,29,,0.263,723.135,725.041,3700.81,
PLASPPlanner-seq,classical-domains,nurikabe-opt18,p08,2018,TIMEOUT,,,,0.256,,1801.479,6487.34,Hit the task time limit.
PLASPPlanner-seq,classical-domains,nurikabe-opt18,p09,2018,MEMOUT,,,,0.285,,293.699,7865.63,MemoryError under a 8192MB limit.
PLASPPlanner-seq,classical-domains,nurikabe-opt18,p10,2018,MEMOUT,,,,0.279,,339.947,7881.92,MemoryError under a 8192MB limit.
PLASPPlanner-seq,classical-domains,nurikabe-opt18,p11,2018,MEMOUT,,,,0.317,,153.589,7548.26,MemoryError under a 8192MB limit.
PLASPPlanner-seq,classical-domains,nurikabe-opt18,p12,2018,MEMOUT,,,,0.311,,112.088,6203.42,MemoryError under a 8192MB limit.
PLASPPlanner-seq,classical-domains,nurikabe-opt18,p13,2018,MEMOUT,,,,0.368,,73.713,7064.25,MemoryError under a 8192MB limit.
PLASPPlanner-seq,classical-domains,nurikabe-opt18,p14,2018,KILLED,,,,,,,,
PLASPPlanner-seq,classical-domains,nurikabe-opt18,p15,2018,MEMOUT,,,,0.417,,108.853,7573.96,MemoryError under a 8192MB limit.
PLASPPlanner-seq,classical-domains,nurikabe-opt18,p16,2018,MEMOUT,,,,0.446,,108.523,7727.66,MemoryError under a 8192MB limit.
PLASPPlanner-seq,classical-domains,nurikabe-opt18,p17,2018,MEMOUT,,,,0.453,,88.935,7467.93,MemoryError under a 8192MB limit.
PLASPPlanner-seq,classical-domains,nurikabe-opt18,p18,2018,MEMOUT,,,,0.462,,91.307,7498.1,MemoryError under a 8192MB limit.
PLASPPlanner-seq,classical-domains,nurikabe-opt18,p19,2018,MEMOUT,,,,0.532,,90.428,7594.41,MemoryError under a 8192MB limit.
PLASPPlanner-seq,classical-domains,nurikabe-opt18,p20,2018,MEMOUT,,,,0.528,,90.819,7739.2,MemoryError under a 8192MB limit.
PLASPPlanner-seq,classical-domains,nurikabe-sat18,p01,2018,TIMEOUT,,,,0.251,,1801.103,4156.85,Hit the task time limit.
PLASPPlanner-seq,classical-domains,nurikabe-sat18,p02,2018,TIMEOUT,,,,0.25,,1800.926,3609.14,Hit the task time limit.
PLASPPlanner-seq,classical-domains,nurikabe-sat18,p03,2018,MEMOUT,,,,0.291,,526.094,7831.59,MemoryError under a 8192MB limit.
PLASPPlanner-seq,classical-domains,nurikabe-sat18,p04,2018,KILLED,,,,,,,,
PLASPPlanner-seq,classical-domains,nurikabe-sat18,p05,2018,MEMOUT,,,,0.311,,165.658,7537.62,MemoryError under a 8192MB limit.
PLASPPlanner-seq,classical-domains,nurikabe-sat18,p06,2018,KILLED,,,,,,,,
PLASPPlanner-seq,classical-domains,nurikabe-sat18,p07,2018,MEMOUT,,,,0.362,,85.05,7265.57,MemoryError under a 8192MB limit.
PLASPPlanner-seq,classical-domains,nurikabe-sat18,p08,2018,KILLED,,,,,,,,
PLASPPlanner-seq,classical-domains,nurikabe-sat18,p09,2018,MEMOUT,,,,0.399,,78.178,5761.82,MemoryError under a 8192MB limit.
PLASPPlanner-seq,classical-domains,nurikabe-sat18,p10,2018,MEMOUT,,,,0.396,,80.763,6027.89,MemoryError under a 8192MB limit.
PLASPPlanner-seq,classical-domains,nurikabe-sat18,p11,2018,MEMOUT,,,,0.467,,88.83,7415.75,MemoryError under a 8192MB limit.
PLASPPlanner-seq,classical-domains,nurikabe-sat18,p12,2018,MEMOUT,,,,0.452,,88.195,7414.32,MemoryError under a 8192MB limit.
PLASPPlanner-seq,classical-domains,nurikabe-sat18,p13,2018,MEMOUT,,,,0.508,,87.541,7526.09,MemoryError under a 8192MB limit.
PLASPPlanner-seq,classical-domains,nurikabe-sat18,p14,2018,MEMOUT,,,,0.557,,89.124,7723.35,MemoryError under a 8192MB limit.
PLASPPlanner-seq,classical-domains,nurikabe-sat18,p15,2018,KILLED,,,,,,,,
PLASPPlanner-seq,classical-domains,nurikabe-sat18,p16,2018,MEMOUT,,,,0.566,,85.101,7648.96,MemoryError under a 8192MB limit.
PLASPPlanner-seq,classical-domains,nurikabe-sat18,p17,2018,MEMOUT,,,,0.632,,75.406,7319.45,MemoryError under a 8192MB limit.
PLASPPlanner-seq,classical-domains,nurikabe-sat18,p18,2018,MEMOUT,,,,0.645,,75.638,7322.51,MemoryError under a 8192MB limit.
PLASPPlanner-seq,classical-domains,nurikabe-sat18,p19,2018,MEMOUT,,,,0.836,,76.722,7345.5,MemoryError under a 8192MB limit.
PLASPPlanner-seq,classical-domains,nurikabe-sat18,p20,2018,MEMOUT,,,,0.844,,77.915,7351.93,MemoryError under a 8192MB limit.
PLASPPlanner-seq,classical-domains,openstacks,p01,2006,SOLVED,True,23,,0.079,407.511,408.87,162.0,
PLASPPlanner-seq,classical-domains,openstacks,p02,2006,SOLVED,True,23,,0.073,158.908,160.198,154.0,
PLASPPlanner-seq,classical-domains,openstacks,p03,2006,SOLVED,True,23,,0.071,263.136,264.403,158.0,
PLASPPlanner-seq,classical-domains,openstacks,p04,2006,SOLVED,True,23,,0.075,178.779,180.103,156.0,
PLASPPlanner-seq,classical-domains,openstacks,p05,2006,SOLVED,True,23,,0.074,101.865,103.146,152.0,
PLASPPlanner-seq,classical-domains,openstacks,p06,2006,TIMEOUT,,,,0.094,,1800.119,236.86,Hit the task time limit.
PLASPPlanner-seq,classical-domains,openstacks,p07,2006,TIMEOUT,,,,0.093,,1800.148,243.14,Hit the task time limit.
PLASPPlanner-seq,classical-domains,openstacks,p08,2006,TIMEOUT,,,,0.135,,1800.438,446.7,Hit the task time limit.
PLASPPlanner-seq,classical-domains,openstacks,p09,2006,TIMEOUT,,,,0.21,,1800.445,426.11,Hit the task time limit.
PLASPPlanner-seq,classical-domains,openstacks,p10,2006,TIMEOUT,,,,0.118,,1800.624,503.86,Hit the task time limit.
PLASPPlanner-seq,classical-domains,openstacks,p11,2006,TIMEOUT,,,,0.117,,1800.676,551.94,Hit the task time limit.
PLASPPlanner-seq,classical-domains,openstacks,p12,2006,TIMEOUT,,,,0.208,,1800.557,497.83,Hit the task time limit.
PLASPPlanner-seq,classical-domains,openstacks,p13,2006,TIMEOUT,,,,0.22,,1800.556,519.97,Hit the task time limit.
PLASPPlanner-seq,classical-domains,openstacks,p14,2006,TIMEOUT,,,,0.221,,1800.557,506.84,Hit the task time limit.
PLASPPlanner-seq,classical-domains,openstacks,p15,2006,TIMEOUT,,,,0.227,,1800.487,541.35,Hit the task time limit.
PLASPPlanner-seq,classical-domains,openstacks,p16,2006,TIMEOUT,,,,0.238,,1800.622,563.16,Hit the task time limit.
PLASPPlanner-seq,classical-domains,openstacks,p17,2006,TIMEOUT,,,,0.257,,1800.84,752.72,Hit the task time limit.
PLASPPlanner-seq,classical-domains,openstacks,p18,2006,TIMEOUT,,,,0.285,,1802.236,1702.95,Hit the task time limit.
PLASPPlanner-seq,classical-domains,openstacks,p19,2006,TIMEOUT,,,,0.209,,1800.861,817.28,Hit the task time limit.
PLASPPlanner-seq,classical-domains,openstacks,p20,2006,TIMEOUT,,,,0.232,,1801.615,1211.21,Hit the task time limit.
PLASPPlanner-seq,classical-domains,openstacks,p21,2006,TIMEOUT,,,,0.227,,1801.543,1164.71,Hit the task time limit.
PLASPPlanner-seq,classical-domains,openstacks,p22,2006,TIMEOUT,,,,0.247,,1801.335,1188.03,Hit the task time limit.
PLASPPlanner-seq,classical-domains,openstacks,p23,2006,TIMEOUT,,,,0.26,,1801.687,1226.58,Hit the task time limit.
PLASPPlanner-seq,classical-domains,openstacks,p24,2006,TIMEOUT,,,,1.146,,1806.664,4639.88,Hit the task time limit.
PLASPPlanner-seq,classical-domains,openstacks,p25,2006,TIMEOUT,,,,1.0,,1806.977,4751.75,Hit the task time limit.
PLASPPlanner-seq,classical-domains,openstacks,p26,2006,TIMEOUT,,,,0.303,,1806.048,4065.31,Hit the task time limit.
PLASPPlanner-seq,classical-domains,openstacks,p27,2006,MEMOUT,,,,0.429,,152.621,7648.88,MemoryError under a 8192MB limit.
PLASPPlanner-seq,classical-domains,openstacks,p28,2006,MEMOUT,,,,5.255,,131.782,7777.84,MemoryError under a 8192MB limit.
PLASPPlanner-seq,classical-domains,openstacks,p29,2006,MEMOUT,,,,4.136,,132.654,7775.34,MemoryError under a 8192MB limit.
PLASPPlanner-seq,classical-domains,openstacks,p30,2006,MEMOUT,,,,0.54,,126.408,7767.14,MemoryError under a 8192MB limit.
PLASPPlanner-seq,classical-domains,openstacks-opt08-adl,p01,2008,SOLVED,True,17,,0.073,14.44,15.785,136.0,
PLASPPlanner-seq,classical-domains,openstacks-opt08-adl,p02,2008,SOLVED,True,20,,0.071,304.252,305.626,150.0,
PLASPPlanner-seq,classical-domains,openstacks-opt08-adl,p03,2008,TIMEOUT,,,,0.07,,1800.058,176.0,Hit the task time limit.
PLASPPlanner-seq,classical-domains,openstacks-opt08-adl,p04,2008,TIMEOUT,,,,0.073,,1800.059,182.0,Hit the task time limit.
PLASPPlanner-seq,classical-domains,openstacks-opt08-adl,p05,2008,TIMEOUT,,,,0.08,,1800.074,190.0,Hit the task time limit.
PLASPPlanner-seq,classical-domains,openstacks-opt08-adl,p06,2008,TIMEOUT,,,,0.08,,1800.086,192.0,Hit the task time limit.
PLASPPlanner-seq,classical-domains,openstacks-opt08-adl,p07,2008,TIMEOUT,,,,0.085,,1800.105,212.43,Hit the task time limit.
PLASPPlanner-seq,classical-domains,openstacks-opt08-adl,p08,2008,TIMEOUT,,,,0.087,,1800.13,232.0,Hit the task time limit.
PLASPPlanner-seq,classical-domains,openstacks-opt08-adl,p09,2008,TIMEOUT,,,,0.085,,1800.127,220.13,Hit the task time limit.
PLASPPlanner-seq,classical-domains,openstacks-opt08-adl,p10,2008,TIMEOUT,,,,0.093,,1800.155,248.11,Hit the task time limit.
PLASPPlanner-seq,classical-domains,openstacks-opt08-adl,p11,2008,TIMEOUT,,,,0.092,,1800.164,255.92,Hit the task time limit.
PLASPPlanner-seq,classical-domains,openstacks-opt08-adl,p12,2008,TIMEOUT,,,,0.094,,1800.193,264.97,Hit the task time limit.
PLASPPlanner-seq,classical-domains,openstacks-opt08-adl,p13,2008,TIMEOUT,,,,0.104,,1800.231,295.17,Hit the task time limit.
PLASPPlanner-seq,classical-domains,openstacks-opt08-adl,p14,2008,TIMEOUT,,,,0.104,,1800.244,300.86,Hit the task time limit.
PLASPPlanner-seq,classical-domains,openstacks-opt08-adl,p15,2008,TIMEOUT,,,,0.107,,1800.278,332.38,Hit the task time limit.
PLASPPlanner-seq,classical-domains,openstacks-opt08-adl,p16,2008,TIMEOUT,,,,0.112,,1800.319,337.41,Hit the task time limit.
PLASPPlanner-seq,classical-domains,openstacks-opt08-adl,p17,2008,TIMEOUT,,,,0.106,,1800.372,414.52,Hit the task time limit.
PLASPPlanner-seq,classical-domains,openstacks-opt08-adl,p18,2008,TIMEOUT,,,,0.115,,1800.398,376.63,Hit the task time limit.
PLASPPlanner-seq,classical-domains,openstacks-opt08-adl,p19,2008,TIMEOUT,,,,0.116,,1800.461,450.29,Hit the task time limit.
PLASPPlanner-seq,classical-domains,openstacks-opt08-adl,p20,2008,TIMEOUT,,,,0.114,,1800.505,466.23,Hit the task time limit.
PLASPPlanner-seq,classical-domains,openstacks-opt08-adl,p21,2008,TIMEOUT,,,,0.113,,1800.529,468.82,Hit the task time limit.
PLASPPlanner-seq,classical-domains,openstacks-opt08-adl,p22,2008,TIMEOUT,,,,0.123,,1800.688,526.92,Hit the task time limit.
PLASPPlanner-seq,classical-domains,openstacks-opt08-adl,p23,2008,TIMEOUT,,,,0.119,,1800.745,563.36,Hit the task time limit.
PLASPPlanner-seq,classical-domains,openstacks-opt08-adl,p24,2008,TIMEOUT,,,,0.121,,1800.711,608.08,Hit the task time limit.
PLASPPlanner-seq,classical-domains,openstacks-opt08-adl,p25,2008,TIMEOUT,,,,0.127,,1800.795,679.64,Hit the task time limit.
PLASPPlanner-seq,classical-domains,openstacks-opt08-adl,p26,2008,TIMEOUT,,,,0.126,,1800.889,658.21,Hit the task time limit.
PLASPPlanner-seq,classical-domains,openstacks-opt08-adl,p27,2008,TIMEOUT,,,,0.209,,1800.881,716.63,Hit the task time limit.
PLASPPlanner-seq,classical-domains,openstacks-opt08-adl,p28,2008,TIMEOUT,,,,0.204,,1800.904,767.44,Hit the task time limit.
PLASPPlanner-seq,classical-domains,openstacks-opt08-adl,p29,2008,TIMEOUT,,,,0.208,,1801.059,811.62,Hit the task time limit.
PLASPPlanner-seq,classical-domains,openstacks-opt08-adl,p30,2008,TIMEOUT,,,,0.21,,1801.157,846.01,Hit the task time limit.
PLASPPlanner-seq,classical-domains,openstacks-opt08-strips,p01,2008,SOLVED,True,17,,0.113,5.104,6.513,130.0,
PLASPPlanner-seq,classical-domains,openstacks-opt08-strips,p02,2008,SOLVED,True,20,,0.134,169.653,171.207,144.0,
PLASPPlanner-seq,classical-domains,openstacks-opt08-strips,p03,2008,TIMEOUT,,,,0.141,,1800.128,168.0,Hit the task time limit.
PLASPPlanner-seq,classical-domains,openstacks-opt08-strips,p04,2008,TIMEOUT,,,,0.215,,1800.06,168.0,Hit the task time limit.
PLASPPlanner-seq,classical-domains,openstacks-opt08-strips,p05,2008,TIMEOUT,,,,0.248,,1800.069,172.0,Hit the task time limit.
PLASPPlanner-seq,classical-domains,openstacks-opt08-strips,p06,2008,TIMEOUT,,,,0.247,,1800.073,176.0,Hit the task time limit.
PLASPPlanner-seq,classical-domains,openstacks-opt08-strips,p07,2008,TIMEOUT,,,,0.269,,1800.083,189.96,Hit the task time limit.
PLASPPlanner-seq,classical-domains,openstacks-opt08-strips,p08,2008,TIMEOUT,,,,0.288,,1800.086,180.0,Hit the task time limit.
PLASPPlanner-seq,classical-domains,openstacks-opt08-strips,p09,2008,TIMEOUT,,,,0.288,,1800.096,186.5,Hit the task time limit.
PLASPPlanner-seq,classical-domains,openstacks-opt08-strips,p10,2008,TIMEOUT,,,,0.324,,1800.102,191.25,Hit the task time limit.
PLASPPlanner-seq,classical-domains,openstacks-opt08-strips,p11,2008,TIMEOUT,,,,0.319,,1800.099,185.73,Hit the task time limit.
PLASPPlanner-seq,classical-domains,openstacks-opt08-strips,p12,2008,TIMEOUT,,,,0.339,,1800.121,189.56,Hit the task time limit.
PLASPPlanner-seq,classical-domains,openstacks-opt08-strips,p13,2008,TIMEOUT,,,,0.352,,1800.121,191.46,Hit the task time limit.
PLASPPlanner-seq,classical-domains,openstacks-opt08-strips,p14,2008,TIMEOUT,,,,0.381,,1800.126,208.42,Hit the task time limit.
PLASPPlanner-seq,classical-domains,openstacks-opt08-strips,p15,2008,TIMEOUT,,,,0.378,,1800.14,198.73,Hit the task time limit.
PLASPPlanner-seq,classical-domains,openstacks-opt08-strips,p16,2008,TIMEOUT,,,,0.4,,1800.152,216.73,Hit the task time limit.
PLASPPlanner-seq,classical-domains,openstacks-opt08-strips,p17,2008,TIMEOUT,,,,0.417,,1800.152,210.38,Hit the task time limit.
PLASPPlanner-seq,classical-domains,openstacks-opt08-strips,p18,2008,TIMEOUT,,,,0.426,,1800.167,216.2,Hit the task time limit.
PLASPPlanner-seq,classical-domains,openstacks-opt08-strips,p19,2008,TIMEOUT,,,,0.464,,1800.169,212.67,Hit the task time limit.
PLASPPlanner-seq,classical-domains,openstacks-opt08-strips,p20,2008,TIMEOUT,,,,0.448,,1800.175,218.88,Hit the task time limit.
PLASPPlanner-seq,classical-domains,openstacks-opt08-strips,p21,2008,TIMEOUT,,,,0.458,,1800.194,228.86,Hit the task time limit.
PLASPPlanner-seq,classical-domains,openstacks-opt08-strips,p22,2008,TIMEOUT,,,,0.492,,1800.203,252.72,Hit the task time limit.
PLASPPlanner-seq,classical-domains,openstacks-opt08-strips,p23,2008,TIMEOUT,,,,0.498,,1800.203,219.93,Hit the task time limit.
PLASPPlanner-seq,classical-domains,openstacks-opt08-strips,p24,2008,TIMEOUT,,,,0.505,,1800.216,215.76,Hit the task time limit.
PLASPPlanner-seq,classical-domains,openstacks-opt08-strips,p25,2008,TIMEOUT,,,,0.539,,1800.221,222.5,Hit the task time limit.
PLASPPlanner-seq,classical-domains,openstacks-opt08-strips,p26,2008,TIMEOUT,,,,0.538,,1800.236,249.96,Hit the task time limit.
PLASPPlanner-seq,classical-domains,openstacks-opt08-strips,p27,2008,TIMEOUT,,,,0.572,,1800.241,227.66,Hit the task time limit.
PLASPPlanner-seq,classical-domains,openstacks-opt08-strips,p28,2008,TIMEOUT,,,,0.578,,1800.253,230.66,Hit the task time limit.
PLASPPlanner-seq,classical-domains,openstacks-opt08-strips,p29,2008,TIMEOUT,,,,0.598,,1800.271,235.36,Hit the task time limit.
PLASPPlanner-seq,classical-domains,openstacks-opt08-strips,p30,2008,TIMEOUT,,,,0.65,,1800.288,237.24,Hit the task time limit.
PLASPPlanner-seq,classical-domains,openstacks-opt11-strips,p01,2011,TIMEOUT,,,,0.25,,1800.076,177.25,Hit the task time limit.
PLASPPlanner-seq,classical-domains,openstacks-opt11-strips,p02,2011,TIMEOUT,,,,0.261,,1800.098,194.0,Hit the task time limit.
PLASPPlanner-seq,classical-domains,openstacks-opt11-strips,p03,2011,TIMEOUT,,,,0.279,,1800.091,177.46,Hit the task time limit.
PLASPPlanner-seq,classical-domains,openstacks-opt11-strips,p04,2011,TIMEOUT,,,,0.283,,1800.097,186.08,Hit the task time limit.
PLASPPlanner-seq,classical-domains,openstacks-opt11-strips,p05,2011,TIMEOUT,,,,0.307,,1800.111,189.68,Hit the task time limit.
PLASPPlanner-seq,classical-domains,openstacks-opt11-strips,p06,2011,TIMEOUT,,,,0.318,,1800.108,185.11,Hit the task time limit.
PLASPPlanner-seq,classical-domains,openstacks-opt11-strips,p07,2011,TIMEOUT,,,,0.338,,1800.123,188.8,Hit the task time limit.
PLASPPlanner-seq,classical-domains,openstacks-opt11-strips,p08,2011,TIMEOUT,,,,0.346,,1800.135,191.44,Hit the task time limit.
PLASPPlanner-seq,classical-domains,openstacks-opt11-strips,p09,2011,TIMEOUT,,,,0.402,,1800.135,207.82,Hit the task time limit.
PLASPPlanner-seq,classical-domains,openstacks-opt11-strips,p10,2011,TIMEOUT,,,,0.524,,1800.22,249.22,Hit the task time limit.
PLASPPlanner-seq,classical-domains,openstacks-opt11-strips,p11,2011,TIMEOUT,,,,0.377,,1800.145,204.95,Hit the task time limit.
PLASPPlanner-seq,classical-domains,openstacks-opt11-strips,p12,2011,TIMEOUT,,,,0.385,,1800.161,215.48,Hit the task time limit.
PLASPPlanner-seq,classical-domains,openstacks-opt11-strips,p13,2011,TIMEOUT,,,,0.414,,1800.158,211.61,Hit the task time limit.
PLASPPlanner-seq,classical-domains,openstacks-opt11-strips,p14,2011,TIMEOUT,,,,0.415,,1800.159,211.32,Hit the task time limit.
PLASPPlanner-seq,classical-domains,openstacks-opt11-strips,p15,2011,TIMEOUT,,,,0.44,,1800.173,211.64,Hit the task time limit.
PLASPPlanner-seq,classical-domains,openstacks-opt11-strips,p16,2011,TIMEOUT,,,,0.492,,1800.186,228.44,Hit the task time limit.
PLASPPlanner-seq,classical-domains,openstacks-opt11-strips,p17,2011,TIMEOUT,,,,0.45,,1800.171,215.94,Hit the task time limit.
PLASPPlanner-seq,classical-domains,openstacks-opt11-strips,p18,2011,TIMEOUT,,,,0.498,,1800.2,219.43,Hit the task time limit.
PLASPPlanner-seq,classical-domains,openstacks-opt11-strips,p19,2011,TIMEOUT,,,,0.515,,1800.215,223.66,Hit the task time limit.
PLASPPlanner-seq,classical-domains,openstacks-opt11-strips,p20,2011,TIMEOUT,,,,0.533,,1800.225,221.63,Hit the task time limit.
PLASPPlanner-seq,classical-domains,openstacks-opt14-strips,p20_1,2014,TIMEOUT,,,,0.369,,1800.137,200.72,Hit the task time limit.
PLASPPlanner-seq,classical-domains,openstacks-opt14-strips,p20_2,2014,TIMEOUT,,,,0.401,,1800.136,207.74,Hit the task time limit.
PLASPPlanner-seq,classical-domains,openstacks-opt14-strips,p20_3,2014,TIMEOUT,,,,0.422,,1800.141,209.12,Hit the task time limit.
PLASPPlanner-seq,classical-domains,openstacks-opt14-strips,p25_1,2014,TIMEOUT,,,,0.436,,1800.166,211.81,Hit the task time limit.
PLASPPlanner-seq,classical-domains,openstacks-opt14-strips,p25_3,2014,TIMEOUT,,,,0.511,,1800.18,227.96,Hit the task time limit.
PLASPPlanner-seq,classical-domains,openstacks-opt14-strips,p30_1,2014,TIMEOUT,,,,0.512,,1800.211,224.89,Hit the task time limit.
PLASPPlanner-seq,classical-domains,openstacks-opt14-strips,p30_2,2014,TIMEOUT,,,,0.523,,1800.208,219.05,Hit the task time limit.
PLASPPlanner-seq,classical-domains,openstacks-opt14-strips,p30_3,2014,TIMEOUT,,,,0.613,,1800.236,240.54,Hit the task time limit.
PLASPPlanner-seq,classical-domains,openstacks-opt14-strips,p35_1,2014,TIMEOUT,,,,0.564,,1800.258,222.3,Hit the task time limit.
PLASPPlanner-seq,classical-domains,openstacks-opt14-strips,p35_2,2014,TIMEOUT,,,,0.575,,1800.263,245.24,Hit the task time limit.
PLASPPlanner-seq,classical-domains,openstacks-opt14-strips,p35_3,2014,TIMEOUT,,,,0.709,,1800.42,267.59,Hit the task time limit.
PLASPPlanner-seq,classical-domains,openstacks-opt14-strips,p40_1,2014,TIMEOUT,,,,0.663,,1800.313,252.23,Hit the task time limit.
PLASPPlanner-seq,classical-domains,openstacks-opt14-strips,p40_2,2014,TIMEOUT,,,,0.646,,1800.328,266.83,Hit the task time limit.
PLASPPlanner-seq,classical-domains,openstacks-opt14-strips,p40_3,2014,TIMEOUT,,,,0.93,,1800.337,274.91,Hit the task time limit.
PLASPPlanner-seq,classical-domains,openstacks-opt14-strips,p45_1,2014,TIMEOUT,,,,0.728,,1800.492,242.59,Hit the task time limit.
PLASPPlanner-seq,classical-domains,openstacks-opt14-strips,p45_2,2014,TIMEOUT,,,,0.851,,1800.397,292.41,Hit the task time limit.
PLASPPlanner-seq,classical-domains,openstacks-opt14-strips,p45_3,2014,TIMEOUT,,,,1.104,,1800.422,269.43,Hit the task time limit.
PLASPPlanner-seq,classical-domains,openstacks-opt14-strips,p50_1,2014,TIMEOUT,,,,0.881,,1800.446,268.94,Hit the task time limit.
PLASPPlanner-seq,classical-domains,openstacks-opt14-strips,p50_2,2014,TIMEOUT,,,,0.912,,1800.452,287.25,Hit the task time limit.
PLASPPlanner-seq,classical-domains,openstacks-opt14-strips,p50_3,2014,TIMEOUT,,,,1.138,,1800.49,280.81,Hit the task time limit.
PLASPPlanner-seq,classical-domains,openstacks-sat08-adl,p01,2008,SOLVED,True,17,,0.072,14.518,15.879,134.0,
PLASPPlanner-seq,classical-domains,openstacks-sat08-adl,p02,2008,SOLVED,True,18,,0.068,21.081,22.397,134.0,
PLASPPlanner-seq,classical-domains,openstacks-sat08-adl,p03,2008,SOLVED,True,17,,0.067,19.222,20.51,136.0,
PLASPPlanner-seq,classical-domains,openstacks-sat08-adl,p04,2008,TIMEOUT,,,,0.078,,1800.087,192.0,Hit the task time limit.
PLASPPlanner-seq,classical-domains,openstacks-sat08-adl,p05,2008,TIMEOUT,,,,0.079,,1800.092,200.0,Hit the task time limit.
PLASPPlanner-seq,classical-domains,openstacks-sat08-adl,p06,2008,TIMEOUT,,,,0.079,,1800.091,198.0,Hit the task time limit.
PLASPPlanner-seq,classical-domains,openstacks-sat08-adl,p07,2008,TIMEOUT,,,,0.091,,1800.167,255.43,Hit the task time limit.
PLASPPlanner-seq,classical-domains,openstacks-sat08-adl,p08,2008,TIMEOUT,,,,0.092,,1800.169,254.64,Hit the task time limit.
PLASPPlanner-seq,classical-domains,openstacks-sat08-adl,p09,2008,TIMEOUT,,,,0.09,,1800.173,250.56,Hit the task time limit.
PLASPPlanner-seq,classical-domains,openstacks-sat08-adl,p10,2008,TIMEOUT,,,,0.107,,1800.328,337.01,Hit the task time limit.
PLASPPlanner-seq,classical-domains,openstacks-sat08-adl,p11,2008,TIMEOUT,,,,0.107,,1800.332,345.85,Hit the task time limit.
PLASPPlanner-seq,classical-domains,openstacks-sat08-adl,p12,2008,TIMEOUT,,,,0.104,,1800.342,355.6,Hit the task time limit.
PLASPPlanner-seq,classical-domains,openstacks-sat08-adl,p13,2008,TIMEOUT,,,,0.128,,1800.963,660.17,Hit the task time limit.
PLASPPlanner-seq,classical-domains,openstacks-sat08-adl,p14,2008,TIMEOUT,,,,0.131,,1800.969,705.63,Hit the task time limit.
PLASPPlanner-seq,classical-domains,openstacks-sat08-adl,p15,2008,TIMEOUT,,,,0.133,,1800.977,696.22,Hit the task time limit.
PLASPPlanner-seq,classical-domains,openstacks-sat08-adl,p16,2008,TIMEOUT,,,,0.239,,1801.931,1328.19,Hit the task time limit.
PLASPPlanner-seq,classical-domains,openstacks-sat08-adl,p17,2008,TIMEOUT,,,,0.229,,1801.941,1318.32,Hit the task time limit.
PLASPPlanner-seq,classical-domains,openstacks-sat08-adl,p18,2008,TIMEOUT,,,,0.221,,1801.887,1278.0,Hit the task time limit.
PLASPPlanner-seq,classical-domains,openstacks-sat08-adl,p19,2008,TIMEOUT,,,,0.264,,1803.729,2311.03,Hit the task time limit.
PLASPPlanner-seq,classical-domains,openstacks-sat08-adl,p20,2008,TIMEOUT,,,,0.27,,1803.84,2425.97,Hit the task time limit.
PLASPPlanner-seq,classical-domains,openstacks-sat08-adl,p21,2008,TIMEOUT,,,,0.253,,1803.813,2304.14,Hit the task time limit.
PLASPPlanner-seq,classical-domains,openstacks-sat08-adl,p22,2008,TIMEOUT,,,,0.297,,1806.739,4008.82,Hit the task time limit.
PLASPPlanner-seq,classical-domains,openstacks-sat08-adl,p23,2008,TIMEOUT,,,,0.287,,1806.1,3906.94,Hit the task time limit.
PLASPPlanner-seq,classical-domains,openstacks-sat08-adl,p24,2008,TIMEOUT,,,,0.281,,1806.165,3880.78,Hit the task time limit.
PLASPPlanner-seq,classical-domains,openstacks-sat08-adl,p25,2008,MEMOUT,,,,0.367,,445.448,7654.54,MemoryError under a 8192MB limit.
PLASPPlanner-seq,classical-domains,openstacks-sat08-adl,p26,2008,KILLED,,,,,,,,
PLASPPlanner-seq,classical-domains,openstacks-sat08-adl,p27,2008,KILLED,,,,,,,,
PLASPPlanner-seq,classical-domains,openstacks-sat08-adl,p28,2008,KILLED,,,,,,,,
PLASPPlanner-seq,classical-domains,openstacks-sat08-adl,p29,2008,MEMOUT,,,,0.432,,135.899,7651.89,MemoryError under a 8192MB limit.
PLASPPlanner-seq,classical-domains,openstacks-sat08-adl,p30,2008,MEMOUT,,,,0.429,,133.851,7659.93,MemoryError under a 8192MB limit.
PLASPPlanner-seq,classical-domains,openstacks-sat08-strips,p01,2008,SOLVED,True,17,,0.113,4.681,6.021,130.0,
PLASPPlanner-seq,classical-domains,openstacks-sat08-strips,p02,2008,SOLVED,True,18,,0.108,9.969,11.291,130.0,
PLASPPlanner-seq,classical-domains,openstacks-sat08-strips,p03,2008,SOLVED,True,17,,0.117,9.944,11.322,132.0,
PLASPPlanner-seq,classical-domains,openstacks-sat08-strips,p04,2008,TIMEOUT,,,,0.242,,1800.077,173.38,Hit the task time limit.
PLASPPlanner-seq,classical-domains,openstacks-sat08-strips,p05,2008,TIMEOUT,,,,0.259,,1800.091,176.32,Hit the task time limit.
PLASPPlanner-seq,classical-domains,openstacks-sat08-strips,p06,2008,TIMEOUT,,,,0.251,,1800.079,175.07,Hit the task time limit.
PLASPPlanner-seq,classical-domains,openstacks-sat08-strips,p07,2008,TIMEOUT,,,,0.336,,1800.109,181.14,Hit the task time limit.
PLASPPlanner-seq,classical-domains,openstacks-sat08-strips,p08,2008,TIMEOUT,,,,0.322,,1800.109,195.09,Hit the task time limit.
PLASPPlanner-seq,classical-domains,openstacks-sat08-strips,p09,2008,TIMEOUT,,,,0.324,,1800.132,194.61,Hit the task time limit.
PLASPPlanner-seq,classical-domains,openstacks-sat08-strips,p10,2008,TIMEOUT,,,,0.416,,1800.157,214.63,Hit the task time limit.
PLASPPlanner-seq,classical-domains,openstacks-sat08-strips,p11,2008,TIMEOUT,,,,0.426,,1800.161,203.4,Hit the task time limit.
PLASPPlanner-seq,classical-domains,openstacks-sat08-strips,p12,2008,TIMEOUT,,,,0.408,,1800.153,213.02,Hit the task time limit.
PLASPPlanner-seq,classical-domains,openstacks-sat08-strips,p13,2008,TIMEOUT,,,,0.545,,1800.247,252.91,Hit the task time limit.
PLASPPlanner-seq,classical-domains,openstacks-sat08-strips,p14,2008,TIMEOUT,,,,0.561,,1800.253,230.81,Hit the task time limit.
PLASPPlanner-seq,classical-domains,openstacks-sat08-strips,p15,2008,TIMEOUT,,,,0.55,,1800.228,241.59,Hit the task time limit.
PLASPPlanner-seq,classical-domains,openstacks-sat08-strips,p16,2008,TIMEOUT,,,,0.769,,1800.483,274.75,Hit the task time limit.
PLASPPlanner-seq,classical-domains,openstacks-sat08-strips,p17,2008,TIMEOUT,,,,0.708,,1800.471,268.96,Hit the task time limit.
PLASPPlanner-seq,classical-domains,openstacks-sat08-strips,p18,2008,TIMEOUT,,,,0.732,,1800.478,254.93,Hit the task time limit.
PLASPPlanner-seq,classical-domains,openstacks-sat08-strips,p19,2008,TIMEOUT,,,,1.031,,1800.458,271.1,Hit the task time limit.
PLASPPlanner-seq,classical-domains,openstacks-sat08-strips,p20,2008,TIMEOUT,,,,1.025,,1800.489,290.96,Hit the task time limit.
PLASPPlanner-seq,classical-domains,openstacks-sat08-strips,p21,2008,TIMEOUT,,,,0.967,,1800.463,306.21,Hit the task time limit.
PLASPPlanner-seq,classical-domains,openstacks-sat08-strips,p22,2008,TIMEOUT,,,,1.187,,1800.608,332.27,Hit the task time limit.
PLASPPlanner-seq,classical-domains,openstacks-sat08-strips,p23,2008,TIMEOUT,,,,1.164,,1800.637,318.05,Hit the task time limit.
PLASPPlanner-seq,classical-domains,openstacks-sat08-strips,p24,2008,TIMEOUT,,,,1.168,,1800.61,328.3,Hit the task time limit.
PLASPPlanner-seq,classical-domains,openstacks-sat08-strips,p25,2008,TIMEOUT,,,,1.686,,1800.946,427.11,Hit the task time limit.
PLASPPlanner-seq,classical-domains,openstacks-sat08-strips,p26,2008,TIMEOUT,,,,1.605,,1800.954,378.33,Hit the task time limit.
PLASPPlanner-seq,classical-domains,openstacks-sat08-strips,p27,2008,TIMEOUT,,,,1.638,,1800.979,401.16,Hit the task time limit.
PLASPPlanner-seq,classical-domains,openstacks-sat08-strips,p28,2008,TIMEOUT,,,,2.196,,1801.438,486.07,Hit the task time limit.
PLASPPlanner-seq,classical-domains,openstacks-sat08-strips,p29,2008,TIMEOUT,,,,2.193,,1801.364,473.75,Hit the task time limit.
PLASPPlanner-seq,classical-domains,openstacks-sat08-strips,p30,2008,TIMEOUT,,,,2.234,,1801.434,525.72,Hit the task time limit.
PLASPPlanner-seq,classical-domains,openstacks-sat11-strips,p01,2011,TIMEOUT,,,,0.984,,1800.476,304.19,Hit the task time limit.
PLASPPlanner-seq,classical-domains,openstacks-sat11-strips,p02,2011,TIMEOUT,,,,1.297,,1800.651,333.46,Hit the task time limit.
PLASPPlanner-seq,classical-domains,openstacks-sat11-strips,p03,2011,TIMEOUT,,,,1.149,,1800.645,323.46,Hit the task time limit.
PLASPPlanner-seq,classical-domains,openstacks-sat11-strips,p04,2011,TIMEOUT,,,,1.638,,1801.002,425.49,Hit the task time limit.
PLASPPlanner-seq,classical-domains,openstacks-sat11-strips,p05,2011,TIMEOUT,,,,1.626,,1800.949,376.14,Hit the task time limit.
PLASPPlanner-seq,classical-domains,openstacks-sat11-strips,p06,2011,TIMEOUT,,,,1.631,,1800.994,402.95,Hit the task time limit.
PLASPPlanner-seq,classical-domains,openstacks-sat11-strips,p07,2011,TIMEOUT,,,,1.062,,1800.487,283.25,Hit the task time limit.
PLASPPlanner-seq,classical-domains,openstacks-sat11-strips,p08,2011,TIMEOUT,,,,2.171,,1801.445,486.96,Hit the task time limit.
PLASPPlanner-seq,classical-domains,openstacks-sat11-strips,p09,2011,TIMEOUT,,,,2.151,,1801.388,450.52,Hit the task time limit.
PLASPPlanner-seq,classical-domains,openstacks-sat11-strips,p10,2011,TIMEOUT,,,,2.159,,1801.426,529.22,Hit the task time limit.
PLASPPlanner-seq,classical-domains,openstacks-sat11-strips,p11,2011,TIMEOUT,,,,2.589,,1802.244,555.26,Hit the task time limit.
PLASPPlanner-seq,classical-domains,openstacks-sat11-strips,p12,2011,TIMEOUT,,,,4.052,,1802.605,712.18,Hit the task time limit.
PLASPPlanner-seq,classical-domains,openstacks-sat11-strips,p13,2011,TIMEOUT,,,,3.291,,1803.208,752.31,Hit the task time limit.
PLASPPlanner-seq,classical-domains,openstacks-sat11-strips,p14,2011,TIMEOUT,,,,5.599,,1803.629,997.77,Hit the task time limit.
PLASPPlanner-seq,classical-domains,openstacks-sat11-strips,p15,2011,TIMEOUT,,,,4.305,,1804.267,973.2,Hit the task time limit.
PLASPPlanner-seq,classical-domains,openstacks-sat11-strips,p16,2011,TIMEOUT,,,,6.565,,1804.721,1041.63,Hit the task time limit.
PLASPPlanner-seq,classical-domains,openstacks-sat11-strips,p17,2011,TIMEOUT,,,,5.191,,1805.478,1112.22,Hit the task time limit.
PLASPPlanner-seq,classical-domains,openstacks-sat11-strips,p18,2011,TIMEOUT,,,,8.658,,1806.571,1431.9,Hit the task time limit.
PLASPPlanner-seq,classical-domains,openstacks-sat11-strips,p19,2011,TIMEOUT,,,,6.309,,1806.958,1393.02,Hit the task time limit.
PLASPPlanner-seq,classical-domains,openstacks-sat11-strips,p20,2011,TIMEOUT,,,,9.991,,1808.097,1517.28,Hit the task time limit.
PLASPPlanner-seq,classical-domains,openstacks-sat14-strips,p170_2,2014,TIMEOUT,,,,3.445,,1803.448,835.94,Hit the task time limit.
PLASPPlanner-seq,classical-domains,openstacks-sat14-strips,p170_3,2014,TIMEOUT,,,,5.539,,1803.926,995.18,Hit the task time limit.
PLASPPlanner-seq,classical-domains,openstacks-sat14-strips,p190_1,2014,TIMEOUT,,,,4.082,,1804.201,1022.02,Hit the task time limit.
PLASPPlanner-seq,classical-domains,openstacks-sat14-strips,p190_2,2014,TIMEOUT,,,,4.113,,1804.191,966.84,Hit the task time limit.
PLASPPlanner-seq,classical-domains,openstacks-sat14-strips,p190_3,2014,TIMEOUT,,,,6.711,,1804.665,1068.92,Hit the task time limit.
PLASPPlanner-seq,classical-domains,openstacks-sat14-strips,p210_1,2014,TIMEOUT,,,,4.339,,1804.83,989.19,Hit the task time limit.
PLASPPlanner-seq,classical-domains,openstacks-sat14-strips,p210_2,2014,TIMEOUT,,,,4.496,,1804.958,1080.11,Hit the task time limit.
PLASPPlanner-seq,classical-domains,openstacks-sat14-strips,p210_3,2014,TIMEOUT,,,,7.627,,1806.009,1247.54,Hit the task time limit.
PLASPPlanner-seq,classical-domains,openstacks-sat14-strips,p230_1,2014,TIMEOUT,,,,4.56,,1806.053,1212.46,Hit the task time limit.
PLASPPlanner-seq,classical-domains,openstacks-sat14-strips,p230_2,2014,TIMEOUT,,,,5.433,,1805.957,1208.57,Hit the task time limit.
PLASPPlanner-seq,classical-domains,openstacks-sat14-strips,p230_3,2014,TIMEOUT,,,,8.93,,1806.927,1381.96,Hit the task time limit.
PLASPPlanner-seq,classical-domains,openstacks-sat14-strips,p250_1,2014,TIMEOUT,,,,5.356,,1807.086,1344.14,Hit the task time limit.
PLASPPlanner-seq,classical-domains,openstacks-sat14-strips,p250_2,2014,TIMEOUT,,,,5.552,,1806.998,1321.46,Hit the task time limit.
PLASPPlanner-seq,classical-domains,openstacks-sat14-strips,p250_3,2014,TIMEOUT,,,,10.065,,1808.024,1517.11,Hit the task time limit.
PLASPPlanner-seq,classical-domains,openstacks-sat14-strips,p270_1,2014,TIMEOUT,,,,5.914,,1808.203,1507.57,Hit the task time limit.
PLASPPlanner-seq,classical-domains,openstacks-sat14-strips,p270_2,2014,TIMEOUT,,,,7.21,,1808.518,1472.43,Hit the task time limit.
PLASPPlanner-seq,classical-domains,openstacks-sat14-strips,p270_3,2014,TIMEOUT,,,,10.527,,1808.788,1578.78,Hit the task time limit.
PLASPPlanner-seq,classical-domains,openstacks-sat14-strips,p290_1,2014,TIMEOUT,,,,6.647,,1809.153,1633.32,Hit the task time limit.
PLASPPlanner-seq,classical-domains,openstacks-sat14-strips,p290_2,2014,TIMEOUT,,,,7.531,,1809.729,1662.57,Hit the task time limit.
PLASPPlanner-seq,classical-domains,openstacks-sat14-strips,p290_3,2014,TIMEOUT,,,,12.107,,1810.295,1789.66,Hit the task time limit.
PLASPPlanner-seq,classical-domains,openstacks-strips,p01,,SOLVED,True,23,,0.675,39.477,41.592,148.0,
PLASPPlanner-seq,classical-domains,openstacks-strips,p02,,SOLVED,True,23,,0.667,45.442,47.497,150.0,
PLASPPlanner-seq,classical-domains,openstacks-strips,p03,,SOLVED,True,23,,0.674,42.23,44.325,146.0,
PLASPPlanner-seq,classical-domains,openstacks-strips,p04,,SOLVED,True,23,,0.678,37.943,40.013,148.0,
PLASPPlanner-seq,classical-domains,openstacks-strips,p05,,SOLVED,True,23,,0.678,47.928,50.034,148.0,
PLASPPlanner-seq,classical-domains,openstacks-strips,p06,,TIMEOUT,,,,2.769,,1800.424,218.54,Hit the task time limit.
PLASPPlanner-seq,classical-domains,openstacks-strips,p07,,TIMEOUT,,,,2.786,,1800.432,229.87,Hit the task time limit.
PLASPPlanner-seq,classical-domains,openstacks-strips,p08,,TIMEOUT,,,,9.03,,1801.25,297.19,Hit the task time limit.
PLASPPlanner-seq,classical-domains,openstacks-strips,p09,,TIMEOUT,,,,9.8,,1801.299,310.19,Hit the task time limit.
PLASPPlanner-seq,classical-domains,openstacks-strips,p10,,TIMEOUT,,,,11.844,,1801.609,357.43,Hit the task time limit.
PLASPPlanner-seq,classical-domains,openstacks-strips,p11,,TIMEOUT,,,,11.848,,1801.634,410.26,Hit the task time limit.
PLASPPlanner-seq,classical-domains,openstacks-strips,p12,,TIMEOUT,,,,12.074,,1801.714,371.49,Hit the task time limit.
PLASPPlanner-seq,classical-domains,openstacks-strips,p13,,TIMEOUT,,,,12.196,,1802.47,365.24,Hit the task time limit.
PLASPPlanner-seq,classical-domains,openstacks-strips,p14,,TIMEOUT,,,,12.089,,1802.473,416.47,Hit the task time limit.
PLASPPlanner-seq,classical-domains,openstacks-strips,p15,,TIMEOUT,,,,12.918,,1801.762,372.03,Hit the task time limit.
PLASPPlanner-seq,classical-domains,openstacks-strips,p16,,TIMEOUT,,,,12.761,,1801.799,364.18,Hit the task time limit.
PLASPPlanner-seq,classical-domains,openstacks-strips,p17,,TIMEOUT,,,,17.362,,1802.278,387.0,Hit the task time limit.
PLASPPlanner-seq,classical-domains,openstacks-strips,p18,,TIMEOUT,,,,35.75,,1805.222,588.98,Hit the task time limit.
PLASPPlanner-seq,classical-domains,openstacks-strips,p19,,TIMEOUT,,,,17.486,,1803.566,404.11,Hit the task time limit.
PLASPPlanner-seq,classical-domains,openstacks-strips,p20,,TIMEOUT,,,,25.712,,1805.447,536.33,Hit the task time limit.
PLASPPlanner-seq,classical-domains,openstacks-strips,p21,,TIMEOUT,,,,25.779,,1805.455,560.22,Hit the task time limit.
PLASPPlanner-seq,classical-domains,openstacks-strips,p22,,TIMEOUT,,,,27.461,,1804.095,545.51,Hit the task time limit.
PLASPPlanner-seq,classical-domains,openstacks-strips,p23,,TIMEOUT,,,,28.325,,1804.215,588.75,Hit the task time limit.
PLASPPlanner-seq,classical-domains,openstacks-strips,p24,,TIMEOUT,,,,168.997,,1824.285,2161.43,Hit the task time limit.
PLASPPlanner-seq,classical-domains,openstacks-strips,p25,,TIMEOUT,,,,153.169,,1823.693,1958.4,Hit the task time limit.
PLASPPlanner-seq,classical-domains,openstacks-strips,p26,,TIMEOUT,,,,75.477,,1818.198,1029.23,Hit the task time limit.
PLASPPlanner-seq,classical-domains,openstacks-strips,p27,,TIMEOUT,,,,235.194,,1856.262,2177.8,Hit the task time limit.
PLASPPlanner-seq,classical-domains,openstacks-strips,p28,,TIMEOUT,,,,1516.748,,1800.002,6635.23,Hit the task time limit.
PLASPPlanner-seq,classical-domains,openstacks-strips,p29,,KILLED,,,,,,,,
PLASPPlanner-seq,classical-domains,openstacks-strips,p30,,TIMEOUT,,,,555.259,,1995.684,3588.5,Hit the task time limit.
PLASPPlanner-seq,classical-domains,optical-telegraphs,p01-opt2,2004,ERROR,,,,,,1.212,120.0,"ParseException: Expected ')', found '(' (at char 155), (line:8, col:1)"
PLASPPlanner-seq,classical-domains,optical-telegraphs,p02-opt3,2004,ERROR,,,,,,1.214,116.0,"ParseException: Expected ')', found '(' (at char 155), (line:8, col:1)"
PLASPPlanner-seq,classical-domains,optical-telegraphs,p03-opt4,2004,ERROR,,,,,,1.244,120.0,"ParseException: Expected ')', found '(' (at char 155), (line:8, col:1)"
PLASPPlanner-seq,classical-domains,optical-telegraphs,p04-opt5,2004,ERROR,,,,,,1.188,120.0,"ParseException: Expected ')', found '(' (at char 155), (line:8, col:1)"
PLASPPlanner-seq,classical-domains,optical-telegraphs,p05-opt6,2004,ERROR,,,,,,1.188,120.0,"ParseException: Expected ')', found '(' (at char 155), (line:8, col:1)"
PLASPPlanner-seq,classical-domains,optical-telegraphs,p06-opt7,2004,ERROR,,,,,,1.267,118.0,"ParseException: Expected ')', found '(' (at char 155), (line:8, col:1)"
PLASPPlanner-seq,classical-domains,optical-telegraphs,p07-opt8,2004,ERROR,,,,,,1.189,120.0,"ParseException: Expected ')', found '(' (at char 155), (line:8, col:1)"
PLASPPlanner-seq,classical-domains,optical-telegraphs,p08-opt9,2004,ERROR,,,,,,1.232,116.0,"ParseException: Expected ')', found '(' (at char 155), (line:8, col:1)"
PLASPPlanner-seq,classical-domains,optical-telegraphs,p09-opt10,2004,ERROR,,,,,,1.249,120.0,"ParseException: Expected ')', found '(' (at char 155), (line:8, col:1)"
PLASPPlanner-seq,classical-domains,optical-telegraphs,p10-opt11,2004,ERROR,,,,,,1.236,118.0,"ParseException: Expected ')', found '(' (at char 155), (line:8, col:1)"
PLASPPlanner-seq,classical-domains,optical-telegraphs,p11-opt12,2004,ERROR,,,,,,1.213,118.0,"ParseException: Expected ')', found '(' (at char 155), (line:8, col:1)"
PLASPPlanner-seq,classical-domains,optical-telegraphs,p12-opt13,2004,ERROR,,,,,,1.188,118.0,"ParseException: Expected ')', found '(' (at char 155), (line:8, col:1)"
PLASPPlanner-seq,classical-domains,optical-telegraphs,p13-opt14,2004,ERROR,,,,,,1.184,120.0,"ParseException: Expected ')', found '(' (at char 155), (line:8, col:1)"
PLASPPlanner-seq,classical-domains,optical-telegraphs,p14-opt15,2004,ERROR,,,,,,1.194,116.0,"ParseException: Expected ')', found '(' (at char 155), (line:8, col:1)"
PLASPPlanner-seq,classical-domains,optical-telegraphs,p15-opt16,2004,ERROR,,,,,,1.195,116.0,"ParseException: Expected ')', found '(' (at char 155), (line:8, col:1)"
PLASPPlanner-seq,classical-domains,optical-telegraphs,p16-opt17,2004,ERROR,,,,,,1.22,120.0,"ParseException: Expected ')', found '(' (at char 155), (line:8, col:1)"
PLASPPlanner-seq,classical-domains,optical-telegraphs,p17-opt18,2004,ERROR,,,,,,1.236,116.0,"ParseException: Expected ')', found '(' (at char 155), (line:8, col:1)"
PLASPPlanner-seq,classical-domains,optical-telegraphs,p18-opt19,2004,ERROR,,,,,,1.258,120.0,"ParseException: Expected ')', found '(' (at char 155), (line:8, col:1)"
PLASPPlanner-seq,classical-domains,optical-telegraphs,p19-opt20,2004,ERROR,,,,,,1.221,120.0,"ParseException: Expected ')', found '(' (at char 155), (line:8, col:1)"
PLASPPlanner-seq,classical-domains,optical-telegraphs,p20-opt21,2004,ERROR,,,,,,1.223,120.0,"ParseException: Expected ')', found '(' (at char 155), (line:8, col:1)"
PLASPPlanner-seq,classical-domains,optical-telegraphs,p21-opt22,2004,ERROR,,,,,,1.188,116.0,"ParseException: Expected ')', found '(' (at char 155), (line:8, col:1)"
PLASPPlanner-seq,classical-domains,optical-telegraphs,p22-opt23,2004,ERROR,,,,,,1.201,120.0,"ParseException: Expected ')', found '(' (at char 155), (line:8, col:1)"
PLASPPlanner-seq,classical-domains,optical-telegraphs,p23-opt24,2004,ERROR,,,,,,1.185,120.0,"ParseException: Expected ')', found '(' (at char 155), (line:8, col:1)"
PLASPPlanner-seq,classical-domains,optical-telegraphs,p24-opt25,2004,ERROR,,,,,,1.196,120.0,"ParseException: Expected ')', found '(' (at char 155), (line:8, col:1)"
PLASPPlanner-seq,classical-domains,optical-telegraphs,p25-opt26,2004,ERROR,,,,,,1.188,120.0,"ParseException: Expected ')', found '(' (at char 155), (line:8, col:1)"
PLASPPlanner-seq,classical-domains,optical-telegraphs,p26-opt27,2004,ERROR,,,,,,1.191,116.0,"ParseException: Expected ')', found '(' (at char 155), (line:8, col:1)"
PLASPPlanner-seq,classical-domains,optical-telegraphs,p27-opt28,2004,ERROR,,,,,,1.253,120.0,"ParseException: Expected ')', found '(' (at char 155), (line:8, col:1)"
PLASPPlanner-seq,classical-domains,optical-telegraphs,p28-opt29,2004,ERROR,,,,,,1.216,118.0,"ParseException: Expected ')', found '(' (at char 155), (line:8, col:1)"
PLASPPlanner-seq,classical-domains,optical-telegraphs,p29-opt30,2004,ERROR,,,,,,1.231,120.0,"ParseException: Expected ')', found '(' (at char 155), (line:8, col:1)"
PLASPPlanner-seq,classical-domains,optical-telegraphs,p30-opt31,2004,ERROR,,,,,,1.253,118.0,"ParseException: Expected ')', found '(' (at char 155), (line:8, col:1)"
PLASPPlanner-seq,classical-domains,optical-telegraphs,p31-opt32,2004,ERROR,,,,,,1.199,120.0,"ParseException: Expected ')', found '(' (at char 155), (line:8, col:1)"
PLASPPlanner-seq,classical-domains,optical-telegraphs,p32-opt33,2004,ERROR,,,,,,1.198,120.0,"ParseException: Expected ')', found '(' (at char 155), (line:8, col:1)"
PLASPPlanner-seq,classical-domains,optical-telegraphs,p33-opt34,2004,ERROR,,,,,,1.194,118.0,"ParseException: Expected ')', found '(' (at char 155), (line:8, col:1)"
PLASPPlanner-seq,classical-domains,optical-telegraphs,p34-opt35,2004,ERROR,,,,,,1.206,118.0,"ParseException: Expected ')', found '(' (at char 155), (line:8, col:1)"
PLASPPlanner-seq,classical-domains,optical-telegraphs,p35-opt36,2004,ERROR,,,,,,1.288,116.0,"ParseException: Expected ')', found '(' (at char 155), (line:8, col:1)"
PLASPPlanner-seq,classical-domains,optical-telegraphs,p36-opt37,2004,ERROR,,,,,,1.196,118.0,"ParseException: Expected ')', found '(' (at char 155), (line:8, col:1)"
PLASPPlanner-seq,classical-domains,optical-telegraphs,p37-opt38,2004,ERROR,,,,,,1.194,118.0,"ParseException: Expected ')', found '(' (at char 155), (line:8, col:1)"
PLASPPlanner-seq,classical-domains,optical-telegraphs,p38-opt39,2004,ERROR,,,,,,1.225,120.0,"ParseException: Expected ')', found '(' (at char 155), (line:8, col:1)"
PLASPPlanner-seq,classical-domains,optical-telegraphs,p39-opt40,2004,ERROR,,,,,,1.222,116.0,"ParseException: Expected ')', found '(' (at char 155), (line:8, col:1)"
PLASPPlanner-seq,classical-domains,optical-telegraphs,p40-opt41,2004,ERROR,,,,,,1.202,118.0,"ParseException: Expected ')', found '(' (at char 155), (line:8, col:1)"
PLASPPlanner-seq,classical-domains,optical-telegraphs,p41-opt42,2004,ERROR,,,,,,1.238,120.0,"ParseException: Expected ')', found '(' (at char 155), (line:8, col:1)"
PLASPPlanner-seq,classical-domains,optical-telegraphs,p42-opt43,2004,ERROR,,,,,,1.238,120.0,"ParseException: Expected ')', found '(' (at char 155), (line:8, col:1)"
PLASPPlanner-seq,classical-domains,optical-telegraphs,p43-opt44,2004,ERROR,,,,,,1.239,120.0,"ParseException: Expected ')', found '(' (at char 155), (line:8, col:1)"
PLASPPlanner-seq,classical-domains,optical-telegraphs,p44-opt45,2004,ERROR,,,,,,1.264,120.0,"ParseException: Expected ')', found '(' (at char 155), (line:8, col:1)"
PLASPPlanner-seq,classical-domains,optical-telegraphs,p45-opt46,2004,ERROR,,,,,,1.297,118.0,"ParseException: Expected ')', found '(' (at char 155), (line:8, col:1)"
PLASPPlanner-seq,classical-domains,optical-telegraphs,p46-opt47,2004,ERROR,,,,,,1.243,120.0,"ParseException: Expected ')', found '(' (at char 155), (line:8, col:1)"
PLASPPlanner-seq,classical-domains,optical-telegraphs,p47-opt48,2004,ERROR,,,,,,1.238,120.0,"ParseException: Expected ')', found '(' (at char 155), (line:8, col:1)"
PLASPPlanner-seq,classical-domains,optical-telegraphs,p48-opt49,2004,ERROR,,,,,,1.213,118.0,"ParseException: Expected ')', found '(' (at char 155), (line:8, col:1)"
PLASPPlanner-seq,classical-domains,organic-synthesis-opt18,p01,2018,MEMOUT,,,,0.46,,73.962,7847.19,MemoryError under a 8192MB limit.
PLASPPlanner-seq,classical-domains,organic-synthesis-opt18,p02,2018,MEMOUT,,,,0.483,,74.691,7847.3,MemoryError under a 8192MB limit.
PLASPPlanner-seq,classical-domains,organic-synthesis-opt18,p03,2018,MEMOUT,,,,2.567,,57.302,5754.12,MemoryError under a 8192MB limit.
PLASPPlanner-seq,classical-domains,organic-synthesis-opt18,p04,2018,MEMOUT,,,,2.5,,65.553,5782.89,MemoryError under a 8192MB limit.
PLASPPlanner-seq,classical-domains,organic-synthesis-opt18,p05,2018,MEMOUT,,,,2.509,,76.523,7304.6,MemoryError under a 8192MB limit.
PLASPPlanner-seq,classical-domains,organic-synthesis-opt18,p06,2018,MEMOUT,,,,2.537,,68.347,5916.81,MemoryError under a 8192MB limit.
PLASPPlanner-seq,classical-domains,organic-synthesis-opt18,p07,2018,MEMOUT,,,,2.601,,76.878,7307.86,MemoryError under a 8192MB limit.
PLASPPlanner-seq,classical-domains,organic-synthesis-opt18,p08,2018,MEMOUT,,,,2.557,,76.769,7309.35,MemoryError under a 8192MB limit.
PLASPPlanner-seq,classical-domains,organic-synthesis-opt18,p09,2018,MEMOUT,,,,0.47,,76.225,7725.4,MemoryError under a 8192MB limit.
PLASPPlanner-seq,classical-domains,organic-synthesis-opt18,p10,2018,MEMOUT,,,,0.475,,76.23,7727.69,MemoryError under a 8192MB limit.
PLASPPlanner-seq,classical-domains,organic-synthesis-opt18,p11,2018,MEMOUT,,,,0.474,,71.893,5983.79,MemoryError under a 8192MB limit.
PLASPPlanner-seq,classical-domains,organic-synthesis-opt18,p12,2018,MEMOUT,,,,0.489,,58.622,5954.27,MemoryError under a 8192MB limit.
PLASPPlanner-seq,classical-domains,organic-synthesis-opt18,p13,2018,MEMOUT,,,,2.587,,76.57,7319.14,MemoryError under a 8192MB limit.
PLASPPlanner-seq,classical-domains,organic-synthesis-opt18,p14,2018,MEMOUT,,,,0.536,,76.304,7845.16,MemoryError under a 8192MB limit.
PLASPPlanner-seq,classical-domains,organic-synthesis-opt18,p15,2018,MEMOUT,,,,2.597,,75.369,7308.68,MemoryError under a 8192MB limit.
PLASPPlanner-seq,classical-domains,organic-synthesis-opt18,p16,2018,MEMOUT,,,,2.653,,75.556,7327.6,MemoryError under a 8192MB limit.
PLASPPlanner-seq,classical-domains,organic-synthesis-opt18,p17,2018,MEMOUT,,,,2.552,,76.301,7361.17,MemoryError under a 8192MB limit.
PLASPPlanner-seq,classical-domains,organic-synthesis-opt18,p18,2018,MEMOUT,,,,2.624,,75.783,7307.43,MemoryError under a 8192MB limit.
PLASPPlanner-seq,classical-domains,organic-synthesis-opt18,p19,2018,MEMOUT,,,,2.535,,83.664,7601.72,MemoryError under a 8192MB limit.
PLASPPlanner-seq,classical-domains,organic-synthesis-opt18,p20,2018,MEMOUT,,,,2.495,,92.53,7500.18,MemoryError under a 8192MB limit.
PLASPPlanner-seq,classical-domains,organic-synthesis-sat18,p01,2018,MEMOUT,,,,2.439,,94.23,6135.29,MemoryError under a 8192MB limit.
PLASPPlanner-seq,classical-domains,organic-synthesis-sat18,p02,2018,MEMOUT,,,,2.644,,58.938,5743.63,MemoryError under a 8192MB limit.
PLASPPlanner-seq,classical-domains,organic-synthesis-sat18,p03,2018,MEMOUT,,,,2.47,,75.001,7302.96,MemoryError under a 8192MB limit.
PLASPPlanner-seq,classical-domains,organic-synthesis-sat18,p04,2018,MEMOUT,,,,2.557,,77.854,7308.72,MemoryError under a 8192MB limit.
PLASPPlanner-seq,classical-domains,organic-synthesis-sat18,p05,2018,MEMOUT,,,,2.533,,76.665,7303.18,MemoryError under a 8192MB limit.
PLASPPlanner-seq,classical-domains,organic-synthesis-sat18,p06,2018,MEMOUT,,,,0.5,,75.212,7751.34,MemoryError under a 8192MB limit.
PLASPPlanner-seq,classical-domains,organic-synthesis-sat18,p07,2018,MEMOUT,,,,0.51,,70.181,5931.28,MemoryError under a 8192MB limit.
PLASPPlanner-seq,classical-domains,organic-synthesis-sat18,p08,2018,MEMOUT,,,,2.518,,76.344,7337.52,MemoryError under a 8192MB limit.
PLASPPlanner-seq,classical-domains,organic-synthesis-sat18,p09,2018,MEMOUT,,,,2.603,,76.568,7347.05,MemoryError under a 8192MB limit.
PLASPPlanner-seq,classical-domains,organic-synthesis-sat18,p10,2018,MEMOUT,,,,2.5,,76.117,7306.73,MemoryError under a 8192MB limit.
PLASPPlanner-seq,classical-domains,organic-synthesis-sat18,p11,2018,MEMOUT,,,,2.553,,76.67,7364.71,MemoryError under a 8192MB limit.
PLASPPlanner-seq,classical-domains,organic-synthesis-sat18,p12,2018,MEMOUT,,,,2.543,,76.506,7382.32,MemoryError under a 8192MB limit.
PLASPPlanner-seq,classical-domains,organic-synthesis-sat18,p13,2018,MEMOUT,,,,2.51,,79.287,7653.78,MemoryError under a 8192MB limit.
PLASPPlanner-seq,classical-domains,organic-synthesis-sat18,p14,2018,MEMOUT,,,,2.574,,79.222,7756.75,MemoryError under a 8192MB limit.
PLASPPlanner-seq,classical-domains,organic-synthesis-sat18,p15,2018,MEMOUT,,,,2.473,,58.339,5768.42,MemoryError under a 8192MB limit.
PLASPPlanner-seq,classical-domains,organic-synthesis-sat18,p16,2018,MEMOUT,,,,2.564,,77.84,7765.15,MemoryError under a 8192MB limit.
PLASPPlanner-seq,classical-domains,organic-synthesis-sat18,p17,2018,MEMOUT,,,,2.514,,77.72,7755.91,MemoryError under a 8192MB limit.
PLASPPlanner-seq,classical-domains,organic-synthesis-sat18,p18,2018,MEMOUT,,,,2.647,,78.62,7758.15,MemoryError under a 8192MB limit.
PLASPPlanner-seq,classical-domains,organic-synthesis-sat18,p19,2018,MEMOUT,,,,2.911,,91.475,7754.81,MemoryError under a 8192MB limit.
PLASPPlanner-seq,classical-domains,organic-synthesis-sat18,p20,2018,MEMOUT,,,,2.538,,78.679,7585.43,MemoryError under a 8192MB limit.
PLASPPlanner-seq,classical-domains,organic-synthesis-split-opt18,p01,2018,SOLVED,True,10,,1.888,3.093,6.55,233.32,
PLASPPlanner-seq,classical-domains,organic-synthesis-split-opt18,p02,2018,SOLVED,True,15,,1.847,7.696,11.137,347.07,
PLASPPlanner-seq,classical-domains,organic-synthesis-split-opt18,p03,2018,SOLVED,True,37,,13.016,63.638,80.234,1267.52,
PLASPPlanner-seq,classical-domains,organic-synthesis-split-opt18,p04,2018,SOLVED,True,20,,13.5,26.829,43.937,664.51,
PLASPPlanner-seq,classical-domains,organic-synthesis-split-opt18,p05,2018,SOLVED,True,23,,13.975,52.652,70.314,1094.38,
PLASPPlanner-seq,classical-domains,organic-synthesis-split-opt18,p06,2018,SOLVED,True,32,,13.494,88.478,105.843,1781.41,
PLASPPlanner-seq,classical-domains,organic-synthesis-split-opt18,p07,2018,SOLVED,True,16,,13.435,39.573,56.556,791.34,
PLASPPlanner-seq,classical-domains,organic-synthesis-split-opt18,p08,2018,SOLVED,True,43,,13.547,540.799,558.453,3238.5,
PLASPPlanner-seq,classical-domains,organic-synthesis-split-opt18,p09,2018,SOLVED,True,28,,1.89,30.217,33.757,611.89,
PLASPPlanner-seq,classical-domains,organic-synthesis-split-opt18,p10,2018,SOLVED,True,28,,1.875,44.194,47.762,679.21,
PLASPPlanner-seq,classical-domains,organic-synthesis-split-opt18,p11,2018,SOLVED,True,53,,1.86,444.976,448.624,1827.61,
PLASPPlanner-seq,classical-domains,organic-synthesis-split-opt18,p12,2018,TIMEOUT,,,,1.825,,1802.235,2334.59,Hit the task time limit.
PLASPPlanner-seq,classical-domains,organic-synthesis-split-opt18,p13,2018,TIMEOUT,,,,13.567,,1807.942,7036.94,Hit the task time limit.
PLASPPlanner-seq,classical-domains,organic-synthesis-split-opt18,p14,2018,SOLVED,True,26,,1.949,270.714,274.412,947.48,
PLASPPlanner-seq,classical-domains,organic-synthesis-split-opt18,p15,2018,TIMEOUT,,,,13.452,,1806.819,4507.47,Hit the task time limit.
PLASPPlanner-seq,classical-domains,organic-synthesis-split-opt18,p16,2018,MEMOUT,,,,13.504,,802.176,7627.15,MemoryError under a 8192MB limit.
PLASPPlanner-seq,classical-domains,organic-synthesis-split-opt18,p17,2018,MEMOUT,,,,13.78,,493.621,7018.79,MemoryError under a 8192MB limit.
PLASPPlanner-seq,classical-domains,organic-synthesis-split-opt18,p18,2018,MEMOUT,,,,13.995,,1460.709,7542.42,MemoryError under a 8192MB limit.
PLASPPlanner-seq,classical-domains,organic-synthesis-split-opt18,p19,2018,MEMOUT,,,,13.798,,937.534,7691.39,MemoryError under a 8192MB limit.
PLASPPlanner-seq,classical-domains,organic-synthesis-split-opt18,p20,2018,MEMOUT,,,,14.851,,1433.086,7582.1,MemoryError under a 8192MB limit.
PLASPPlanner-seq,classical-domains,organic-synthesis-split-sat18,p01,2018,SOLVED,True,31,,13.513,54.137,71.283,946.31,
PLASPPlanner-seq,classical-domains,organic-synthesis-split-sat18,p02,2018,SOLVED,True,37,,13.484,104.632,122.024,1951.84,
PLASPPlanner-seq,classical-domains,organic-synthesis-split-sat18,p03,2018,SOLVED,True,41,,13.606,243.892,261.705,2737.21,
PLASPPlanner-seq,classical-domains,organic-synthesis-split-sat18,p04,2018,SOLVED,True,24,,13.569,233.58,251.073,1749.84,
PLASPPlanner-seq,classical-domains,organic-synthesis-split-sat18,p05,2018,SOLVED,True,39,,14.616,393.289,412.248,4317.14,
PLASPPlanner-seq,classical-domains,organic-synthesis-split-sat18,p06,2018,SOLVED,True,28,,1.953,85.693,89.405,861.36,
PLASPPlanner-seq,classical-domains,organic-synthesis-split-sat18,p07,2018,SOLVED,True,51,,1.951,291.349,295.331,2573.16,
PLASPPlanner-seq,classical-domains,organic-synthesis-split-sat18,p08,2018,SOLVED,True,24,,13.637,1277.517,1295.822,5672.91,
PLASPPlanner-seq,classical-domains,organic-synthesis-split-sat18,p09,2018,MEMOUT,,,,13.538,,520.723,7488.48,MemoryError under a 8192MB limit.
PLASPPlanner-seq,classical-domains,organic-synthesis-split-sat18,p10,2018,TIMEOUT,,,,13.48,,1806.691,4539.79,Hit the task time limit.
PLASPPlanner-seq,classical-domains,organic-synthesis-split-sat18,p11,2018,TIMEOUT,,,,13.31,,1809.156,7067.52,Hit the task time limit.
PLASPPlanner-seq,classical-domains,organic-synthesis-split-sat18,p12,2018,MEMOUT,,,,13.6,,494.408,7267.75,MemoryError under a 8192MB limit.
PLASPPlanner-seq,classical-domains,organic-synthesis-split-sat18,p13,2018,MEMOUT,,,,13.491,,484.926,7332.75,MemoryError under a 8192MB limit.
PLASPPlanner-seq,classical-domains,organic-synthesis-split-sat18,p14,2018,MEMOUT,,,,13.419,,491.598,7411.8,MemoryError under a 8192MB limit.
PLASPPlanner-seq,classical-domains,organic-synthesis-split-sat18,p15,2018,SOLVED,True,53,,13.73,408.095,425.842,1993.95,
PLASPPlanner-seq,classical-domains,organic-synthesis-split-sat18,p16,2018,MEMOUT,,,,14.275,,497.876,6889.22,MemoryError under a 8192MB limit.
PLASPPlanner-seq,classical-domains,organic-synthesis-split-sat18,p17,2018,MEMOUT,,,,14.411,,512.792,7568.25,MemoryError under a 8192MB limit.
PLASPPlanner-seq,classical-domains,organic-synthesis-split-sat18,p18,2018,TIMEOUT,,,,14.201,,1809.839,7455.84,Hit the task time limit.
PLASPPlanner-seq,classical-domains,organic-synthesis-split-sat18,p19,2018,MEMOUT,,,,14.197,,521.113,7458.32,MemoryError under a 8192MB limit.
PLASPPlanner-seq,classical-domains,organic-synthesis-split-sat18,p20,2018,MEMOUT,,,,14.187,,518.901,7471.0,MemoryError under a 8192MB limit.
PLASPPlanner-seq,classical-domains,parcprinter-08-strips,p01,2008,SOLVED,True,8,,0.334,0.116,1.764,126.0,
PLASPPlanner-seq,classical-domains,parcprinter-08-strips,p02,2008,SOLVED,True,15,,0.338,0.199,1.829,132.0,
PLASPPlanner-seq,classical-domains,parcprinter-08-strips,p03,2008,SOLVED,True,22,,0.36,1.651,3.312,134.0,
PLASPPlanner-seq,classical-domains,parcprinter-08-strips,p04,2008,TIMEOUT,,,,0.366,,1800.112,251.21,Hit the task time limit.
PLASPPlanner-seq,classical-domains,parcprinter-08-strips,p05,2008,TIMEOUT,,,,0.408,,1800.121,289.48,Hit the task time limit.
PLASPPlanner-seq,classical-domains,parcprinter-08-strips,p06,2008,TIMEOUT,,,,0.417,,1800.121,274.38,Hit the task time limit.
PLASPPlanner-seq,classical-domains,parcprinter-08-strips,p07,2008,TIMEOUT,,,,0.395,,1800.166,443.14,Hit the task time limit.
PLASPPlanner-seq,classical-domains,parcprinter-08-strips,p08,2008,TIMEOUT,,,,0.39,,1800.152,368.94,Hit the task time limit.
PLASPPlanner-seq,classical-domains,parcprinter-08-strips,p09,2008,TIMEOUT,,,,0.409,,1800.196,422.89,Hit the task time limit.
PLASPPlanner-seq,classical-domains,parcprinter-08-strips,p10,2008,TIMEOUT,,,,0.424,,1800.208,446.01,Hit the task time limit.
PLASPPlanner-seq,classical-domains,parcprinter-08-strips,p11,2008,SOLVED,True,9,,0.489,0.19,2.082,132.0,
PLASPPlanner-seq,classical-domains,parcprinter-08-strips,p12,2008,SOLVED,True,17,,0.496,3.422,5.226,138.0,
PLASPPlanner-seq,classical-domains,parcprinter-08-strips,p13,2008,TIMEOUT,,,,0.496,,1800.133,276.43,Hit the task time limit.
PLASPPlanner-seq,classical-domains,parcprinter-08-strips,p14,2008,TIMEOUT,,,,0.505,,1800.158,333.54,Hit the task time limit.
PLASPPlanner-seq,classical-domains,parcprinter-08-strips,p15,2008,TIMEOUT,,,,0.543,,1800.176,485.62,Hit the task time limit.
PLASPPlanner-seq,classical-domains,parcprinter-08-strips,p16,2008,TIMEOUT,,,,0.525,,1800.185,464.23,Hit the task time limit.
PLASPPlanner-seq,classical-domains,parcprinter-08-strips,p17,2008,TIMEOUT,,,,0.557,,1800.214,537.87,Hit the task time limit.
PLASPPlanner-seq,classical-domains,parcprinter-08-strips,p18,2008,TIMEOUT,,,,0.557,,1800.225,547.79,Hit the task time limit.
PLASPPlanner-seq,classical-domains,parcprinter-08-strips,p19,2008,TIMEOUT,,,,0.567,,1800.243,782.84,Hit the task time limit.
PLASPPlanner-seq,classical-domains,parcprinter-08-strips,p20,2008,TIMEOUT,,,,0.596,,1800.318,869.95,Hit the task time limit.
PLASPPlanner-seq,classical-domains,parcprinter-08-strips,p21,2008,SOLVED,True,8,,0.358,0.111,1.752,128.0,
PLASPPlanner-seq,classical-domains,parcprinter-08-strips,p22,2008,SOLVED,True,15,,0.357,0.217,1.946,130.0,
PLASPPlanner-seq,classical-domains,parcprinter-08-strips,p23,2008,SOLVED,True,22,,0.365,14.405,16.117,142.0,
PLASPPlanner-seq,classical-domains,parcprinter-08-strips,p24,2008,TIMEOUT,,,,0.382,,1800.09,241.94,Hit the task time limit.
PLASPPlanner-seq,classical-domains,parcprinter-08-strips,p25,2008,TIMEOUT,,,,0.382,,1800.109,276.84,Hit the task time limit.
PLASPPlanner-seq,classical-domains,parcprinter-08-strips,p26,2008,TIMEOUT,,,,0.412,,1800.111,285.45,Hit the task time limit.
PLASPPlanner-seq,classical-domains,parcprinter-08-strips,p27,2008,TIMEOUT,,,,0.386,,1800.117,281.73,Hit the task time limit.
PLASPPlanner-seq,classical-domains,parcprinter-08-strips,p28,2008,TIMEOUT,,,,0.398,,1800.127,293.36,Hit the task time limit.
PLASPPlanner-seq,classical-domains,parcprinter-08-strips,p29,2008,TIMEOUT,,,,0.453,,1800.169,555.95,Hit the task time limit.
PLASPPlanner-seq,classical-domains,parcprinter-08-strips,p30,2008,TIMEOUT,,,,0.426,,1800.168,416.22,Hit the task time limit.
PLASPPlanner-seq,classical-domains,parcprinter-opt11-strips,p01,2011,SOLVED,True,15,,0.313,0.204,1.768,130.0,
PLASPPlanner-seq,classical-domains,parcprinter-opt11-strips,p02,2011,SOLVED,True,15,,0.318,0.192,1.684,132.0,
PLASPPlanner-seq,classical-domains,parcprinter-opt11-strips,p03,2011,SOLVED,True,17,,0.43,3.158,4.763,138.0,
PLASPPlanner-seq,classical-domains,parcprinter-opt11-strips,p04,2011,TIMEOUT,,,,0.342,,1800.106,236.0,Hit the task time limit.
PLASPPlanner-seq,classical-domains,parcprinter-opt11-strips,p05,2011,SOLVED,True,22,,0.32,12.598,14.098,144.0,
PLASPPlanner-seq,classical-domains,parcprinter-opt11-strips,p06,2011,TIMEOUT,,,,0.345,,1800.128,275.47,Hit the task time limit.
PLASPPlanner-seq,classical-domains,parcprinter-opt11-strips,p07,2011,TIMEOUT,,,,0.329,,1800.118,279.59,Hit the task time limit.
PLASPPlanner-seq,classical-domains,parcprinter-opt11-strips,p08,2011,TIMEOUT,,,,0.317,,1800.101,226.15,Hit the task time limit.
PLASPPlanner-seq,classical-domains,parcprinter-opt11-strips,p09,2011,TIMEOUT,,,,0.469,,1800.139,271.81,Hit the task time limit.
PLASPPlanner-seq,classical-domains,parcprinter-opt11-strips,p10,2011,TIMEOUT,,,,0.338,,1800.113,276.04,Hit the task time limit.
PLASPPlanner-seq,classical-domains,parcprinter-opt11-strips,p11,2011,TIMEOUT,,,,0.334,,1800.104,255.86,Hit the task time limit.
PLASPPlanner-seq,classical-domains,parcprinter-opt11-strips,p12,2011,TIMEOUT,,,,0.472,,1800.146,319.3,Hit the task time limit.
PLASPPlanner-seq,classical-domains,parcprinter-opt11-strips,p13,2011,TIMEOUT,,,,0.371,,1800.175,424.68,Hit the task time limit.
PLASPPlanner-seq,classical-domains,parcprinter-opt11-strips,p14,2011,TIMEOUT,,,,0.351,,1800.182,368.48,Hit the task time limit.
PLASPPlanner-seq,classical-domains,parcprinter-opt11-strips,p15,2011,TIMEOUT,,,,0.361,,1800.185,421.99,Hit the task time limit.
PLASPPlanner-seq,classical-domains,parcprinter-opt11-strips,p16,2011,TIMEOUT,,,,0.383,,1800.175,391.04,Hit the task time limit.
PLASPPlanner-seq,classical-domains,parcprinter-opt11-strips,p17,2011,TIMEOUT,,,,0.462,,1800.188,483.47,Hit the task time limit.
PLASPPlanner-seq,classical-domains,parcprinter-opt11-strips,p18,2011,TIMEOUT,,,,0.484,,1800.169,453.6,Hit the task time limit.
PLASPPlanner-seq,classical-domains,parcprinter-opt11-strips,p19,2011,TIMEOUT,,,,0.495,,1800.18,506.46,Hit the task time limit.
PLASPPlanner-seq,classical-domains,parcprinter-opt11-strips,p20,2011,TIMEOUT,,,,0.344,,1800.13,265.28,Hit the task time limit.
PLASPPlanner-seq,classical-domains,parcprinter-sat11-strips,p01,2011,TIMEOUT,,,,0.351,,1800.16,424.78,Hit the task time limit.
PLASPPlanner-seq,classical-domains,parcprinter-sat11-strips,p02,2011,TIMEOUT,,,,0.371,,1800.169,369.64,Hit the task time limit.
PLASPPlanner-seq,classical-domains,parcprinter-sat11-strips,p03,2011,TIMEOUT,,,,0.368,,1800.19,390.04,Hit the task time limit.
PLASPPlanner-seq,classical-domains,parcprinter-sat11-strips,p04,2011,TIMEOUT,,,,0.522,,1800.24,787.66,Hit the task time limit.
PLASPPlanner-seq,classical-domains,parcprinter-sat11-strips,p05,2011,TIMEOUT,,,,0.334,,1800.108,256.2,Hit the task time limit.
PLASPPlanner-seq,classical-domains,parcprinter-sat11-strips,p06,2011,TIMEOUT,,,,0.33,,1800.126,266.7,Hit the task time limit.
PLASPPlanner-seq,classical-domains,parcprinter-sat11-strips,p07,2011,TIMEOUT,,,,0.373,,1800.194,422.16,Hit the task time limit.
PLASPPlanner-seq,classical-domains,parcprinter-sat11-strips,p08,2011,TIMEOUT,,,,0.351,,1800.141,294.63,Hit the task time limit.
PLASPPlanner-seq,classical-domains,parcprinter-sat11-strips,p09,2011,TIMEOUT,,,,0.41,,1800.201,442.28,Hit the task time limit.
PLASPPlanner-seq,classical-domains,parcprinter-sat11-strips,p10,2011,TIMEOUT,,,,0.385,,1800.184,346.72,Hit the task time limit.
PLASPPlanner-seq,classical-domains,parcprinter-sat11-strips,p11,2011,TIMEOUT,,,,0.364,,1800.192,433.36,Hit the task time limit.
PLASPPlanner-seq,classical-domains,parcprinter-sat11-strips,p12,2011,TIMEOUT,,,,0.399,,1800.24,415.11,Hit the task time limit.
PLASPPlanner-seq,classical-domains,parcprinter-sat11-strips,p13,2011,TIMEOUT,,,,0.406,,1800.33,584.35,Hit the task time limit.
PLASPPlanner-seq,classical-domains,parcprinter-sat11-strips,p14,2011,TIMEOUT,,,,0.514,,1800.322,730.71,Hit the task time limit.
PLASPPlanner-seq,classical-domains,parcprinter-sat11-strips,p15,2011,TIMEOUT,,,,0.531,,1800.31,761.57,Hit the task time limit.
PLASPPlanner-seq,classical-domains,parcprinter-sat11-strips,p16,2011,TIMEOUT,,,,0.553,,1800.337,998.73,Hit the task time limit.
PLASPPlanner-seq,classical-domains,parcprinter-sat11-strips,p17,2011,TIMEOUT,,,,0.352,,1800.151,325.09,Hit the task time limit.
PLASPPlanner-seq,classical-domains,parcprinter-sat11-strips,p18,2011,TIMEOUT,,,,0.351,,1800.167,333.66,Hit the task time limit.
PLASPPlanner-seq,classical-domains,parcprinter-sat11-strips,p19,2011,TIMEOUT,,,,0.373,,1800.215,449.04,Hit the task time limit.
PLASPPlanner-seq,classical-domains,parcprinter-sat11-strips,p20,2011,TIMEOUT,,,,0.387,,1800.206,349.18,Hit the task time limit.
PLASPPlanner-seq,classical-domains,parking-opt11-strips,pfile03-011,2011,TIMEOUT,,,,0.081,,1800.151,386.86,Hit the task time limit.
PLASPPlanner-seq,classical-domains,parking-opt11-strips,pfile03-012,2011,TIMEOUT,,,,0.077,,1800.156,337.02,Hit the task time limit.
PLASPPlanner-seq,classical-domains,parking-opt11-strips,pfile04-013,2011,TIMEOUT,,,,0.082,,1800.219,378.25,Hit the task time limit.
PLASPPlanner-seq,classical-domains,parking-opt11-strips,pfile04-014,2011,TIMEOUT,,,,0.083,,1800.225,454.8,Hit the task time limit.
PLASPPlanner-seq,classical-domains,parking-opt11-strips,pfile04-015,2011,TIMEOUT,,,,0.084,,1800.246,427.9,Hit the task time limit.
PLASPPlanner-seq,classical-domains,parking-opt11-strips,pfile04-016,2011,TIMEOUT,,,,0.082,,1800.217,402.81,Hit the task time limit.
PLASPPlanner-seq,classical-domains,parking-opt11-strips,pfile05-017,2011,TIMEOUT,,,,0.087,,1800.257,533.96,Hit the task time limit.
PLASPPlanner-seq,classical-domains,parking-opt11-strips,pfile05-018,2011,TIMEOUT,,,,0.088,,1800.243,474.68,Hit the task time limit.
PLASPPlanner-seq,classical-domains,parking-opt11-strips,pfile05-019,2011,TIMEOUT,,,,0.085,,1800.228,463.7,Hit the task time limit.
PLASPPlanner-seq,classical-domains,parking-opt11-strips,pfile05-020,2011,TIMEOUT,,,,0.085,,1800.281,613.96,Hit the task time limit.
PLASPPlanner-seq,classical-domains,parking-opt11-strips,pfile06-021,2011,TIMEOUT,,,,0.089,,1800.352,705.92,Hit the task time limit.
PLASPPlanner-seq,classical-domains,parking-opt11-strips,pfile06-022,2011,TIMEOUT,,,,0.088,,1800.364,718.84,Hit the task time limit.
PLASPPlanner-seq,classical-domains,parking-opt11-strips,pfile06-023,2011,TIMEOUT,,,,0.09,,1800.322,668.38,Hit the task time limit.
PLASPPlanner-seq,classical-domains,parking-opt11-strips,pfile06-024,2011,TIMEOUT,,,,0.091,,1800.313,609.91,Hit the task time limit.
PLASPPlanner-seq,classical-domains,parking-opt11-strips,pfile07-025,2011,TIMEOUT,,,,0.091,,1800.457,982.28,Hit the task time limit.
PLASPPlanner-seq,classical-domains,parking-opt11-strips,pfile07-026,2011,TIMEOUT,,,,0.098,,1800.423,911.29,Hit the task time limit.
PLASPPlanner-seq,classical-domains,parking-opt11-strips,pfile07-027,2011,TIMEOUT,,,,0.096,,1800.434,1239.39,Hit the task time limit.
PLASPPlanner-seq,classical-domains,parking-opt11-strips,pfile07-028,2011,TIMEOUT,,,,0.095,,1800.431,1019.12,Hit the task time limit.
PLASPPlanner-seq,classical-domains,parking-opt11-strips,pfile08-029,2011,TIMEOUT,,,,0.095,,1800.528,1157.91,Hit the task time limit.
PLASPPlanner-seq,classical-domains,parking-opt11-strips,pfile08-030,2011,TIMEOUT,,,,0.1,,1800.553,768.58,Hit the task time limit.
PLASPPlanner-seq,classical-domains,parking-opt14-strips,p_12_7-01,2014,TIMEOUT,,,,0.076,,1800.21,367.11,Hit the task time limit.
PLASPPlanner-seq,classical-domains,parking-opt14-strips,p_12_7-02,2014,TIMEOUT,,,,0.076,,1800.17,356.05,Hit the task time limit.
PLASPPlanner-seq,classical-domains,parking-opt14-strips,p_12_7-03,2014,TIMEOUT,,,,0.08,,1800.178,411.92,Hit the task time limit.
PLASPPlanner-seq,classical-domains,parking-opt14-strips,p_12_7-04,2014,TIMEOUT,,,,0.078,,1800.189,365.61,Hit the task time limit.
PLASPPlanner-seq,classical-domains,parking-opt14-strips,p_14_8-01,2014,TIMEOUT,,,,0.08,,1800.266,399.0,Hit the task time limit.
PLASPPlanner-seq,classical-domains,parking-opt14-strips,p_14_8-02,2014,TIMEOUT,,,,0.08,,1800.267,446.16,Hit the task time limit.
PLASPPlanner-seq,classical-domains,parking-opt14-strips,p_14_8-03,2014,TIMEOUT,,,,0.083,,1800.262,429.03,Hit the task time limit.
PLASPPlanner-seq,classical-domains,parking-opt14-strips,p_14_8-04,2014,TIMEOUT,,,,0.082,,1800.28,557.09,Hit the task time limit.
PLASPPlanner-seq,classical-domains,parking-opt14-strips,p_16_9-01,2014,TIMEOUT,,,,0.089,,1800.325,574.44,Hit the task time limit.
PLASPPlanner-seq,classical-domains,parking-opt14-strips,p_16_9-02,2014,TIMEOUT,,,,0.087,,1800.298,494.73,Hit the task time limit.
PLASPPlanner-seq,classical-domains,parking-opt14-strips,p_16_9-03,2014,TIMEOUT,,,,0.098,,1800.243,521.78,Hit the task time limit.
PLASPPlanner-seq,classical-domains,parking-opt14-strips,p_16_9-04,2014,TIMEOUT,,,,0.09,,1800.263,548.36,Hit the task time limit.
PLASPPlanner-seq,classical-domains,parking-opt14-strips,p_18_10-01,2014,TIMEOUT,,,,0.092,,1800.349,610.61,Hit the task time limit.
PLASPPlanner-seq,classical-domains,parking-opt14-strips,p_18_10-02,2014,TIMEOUT,,,,0.09,,1800.486,1086.33,Hit the task time limit.
PLASPPlanner-seq,classical-domains,parking-opt14-strips,p_18_10-03,2014,TIMEOUT,,,,0.089,,1800.359,634.34,Hit the task time limit.
PLASPPlanner-seq,classical-domains,parking-opt14-strips,p_18_10-04,2014,TIMEOUT,,,,0.091,,1800.398,773.31,Hit the task time limit.
PLASPPlanner-seq,classical-domains,parking-opt14-strips,p_20_11-01,2014,TIMEOUT,,,,0.091,,1800.44,877.22,Hit the task time limit.
PLASPPlanner-seq,classical-domains,parking-opt14-strips,p_20_11-02,2014,TIMEOUT,,,,0.095,,1800.485,984.22,Hit the task time limit.
PLASPPlanner-seq,classical-domains,parking-opt14-strips,p_20_11-03,2014,TIMEOUT,,,,0.091,,1800.555,1014.37,Hit the task time limit.
PLASPPlanner-seq,classical-domains,parking-opt14-strips,p_20_11-04,2014,TIMEOUT,,,,0.095,,1800.48,892.34,Hit the task time limit.
PLASPPlanner-seq,classical-domains,parking-sat11-strips,pfile08-031,2011,TIMEOUT,,,,0.1,,1800.562,861.19,Hit the task time limit.
PLASPPlanner-seq,classical-domains,parking-sat11-strips,pfile08-032,2011,TIMEOUT,,,,0.091,,1800.596,993.41,Hit the task time limit.
PLASPPlanner-seq,classical-domains,parking-sat11-strips,pfile09-033,2011,TIMEOUT,,,,0.095,,1800.725,1645.5,Hit the task time limit.
PLASPPlanner-seq,classical-domains,parking-sat11-strips,pfile09-034,2011,TIMEOUT,,,,0.103,,1800.736,1459.62,Hit the task time limit.
PLASPPlanner-seq,classical-domains,parking-sat11-strips,pfile09-035,2011,TIMEOUT,,,,0.102,,1800.716,1146.99,Hit the task time limit.
PLASPPlanner-seq,classical-domains,parking-sat11-strips,pfile09-036,2011,TIMEOUT,,,,0.101,,1800.72,1128.25,Hit the task time limit.
PLASPPlanner-seq,classical-domains,parking-sat11-strips,pfile10-037,2011,TIMEOUT,,,,0.104,,1800.864,1337.4,Hit the task time limit.
PLASPPlanner-seq,classical-domains,parking-sat11-strips,pfile10-038,2011,TIMEOUT,,,,0.101,,1800.931,1390.55,Hit the task time limit.
PLASPPlanner-seq,classical-domains,parking-sat11-strips,pfile10-039,2011,TIMEOUT,,,,0.1,,1800.883,1361.06,Hit the task time limit.
PLASPPlanner-seq,classical-domains,parking-sat11-strips,pfile10-040,2011,TIMEOUT,,,,0.1,,1800.929,1538.16,Hit the task time limit.
PLASPPlanner-seq,classical-domains,parking-sat11-strips,pfile11-041,2011,TIMEOUT,,,,0.106,,1801.077,1270.66,Hit the task time limit.
PLASPPlanner-seq,classical-domains,parking-sat11-strips,pfile11-042,2011,TIMEOUT,,,,0.103,,1801.14,1472.36,Hit the task time limit.
PLASPPlanner-seq,classical-domains,parking-sat11-strips,pfile11-043,2011,TIMEOUT,,,,0.104,,1801.039,1336.93,Hit the task time limit.
PLASPPlanner-seq,classical-domains,parking-sat11-strips,pfile11-044,2011,TIMEOUT,,,,0.104,,1801.111,1307.84,Hit the task time limit.
PLASPPlanner-seq,classical-domains,parking-sat11-strips,pfile12-045,2011,TIMEOUT,,,,0.11,,1801.118,1169.03,Hit the task time limit.
PLASPPlanner-seq,classical-domains,parking-sat11-strips,pfile12-046,2011,TIMEOUT,,,,0.106,,1801.138,1471.52,Hit the task time limit.
PLASPPlanner-seq,classical-domains,parking-sat11-strips,pfile12-047,2011,TIMEOUT,,,,0.109,,1801.351,1853.34,Hit the task time limit.
PLASPPlanner-seq,classical-domains,parking-sat11-strips,pfile12-048,2011,TIMEOUT,,,,0.105,,1801.189,1391.18,Hit the task time limit.
PLASPPlanner-seq,classical-domains,parking-sat11-strips,pfile13-049,2011,TIMEOUT,,,,0.109,,1801.37,2200.75,Hit the task time limit.
PLASPPlanner-seq,classical-domains,parking-sat11-strips,pfile13-050,2011,TIMEOUT,,,,0.11,,1801.264,2245.51,Hit the task time limit.
PLASPPlanner-seq,classical-domains,parking-sat14-strips,p_28_2,2014,TIMEOUT,,,,0.106,,1801.139,1326.51,Hit the task time limit.
PLASPPlanner-seq,classical-domains,parking-sat14-strips,p_28_3,2014,TIMEOUT,,,,0.103,,1801.073,1625.16,Hit the task time limit.
PLASPPlanner-seq,classical-domains,parking-sat14-strips,p_30_1,2014,TIMEOUT,,,,0.108,,1801.195,1235.3,Hit the task time limit.
PLASPPlanner-seq,classical-domains,parking-sat14-strips,p_30_2,2014,TIMEOUT,,,,0.106,,1801.133,1282.29,Hit the task time limit.
PLASPPlanner-seq,classical-domains,parking-sat14-strips,p_30_3,2014,TIMEOUT,,,,0.109,,1801.126,1477.12,Hit the task time limit.
PLASPPlanner-seq,classical-domains,parking-sat14-strips,p_32_1,2014,TIMEOUT,,,,0.11,,1801.386,1657.35,Hit the task time limit.
PLASPPlanner-seq,classical-domains,parking-sat14-strips,p_32_2,2014,TIMEOUT,,,,0.109,,1801.254,1262.25,Hit the task time limit.
PLASPPlanner-seq,classical-domains,parking-sat14-strips,p_32_3,2014,TIMEOUT,,,,0.108,,1801.27,1683.06,Hit the task time limit.
PLASPPlanner-seq,classical-domains,parking-sat14-strips,p_34_1,2014,TIMEOUT,,,,0.113,,1801.724,2014.48,Hit the task time limit.
PLASPPlanner-seq,classical-domains,parking-sat14-strips,p_34_2,2014,TIMEOUT,,,,0.112,,1801.641,1906.24,Hit the task time limit.
PLASPPlanner-seq,classical-domains,parking-sat14-strips,p_34_3,2014,TIMEOUT,,,,0.128,,1801.687,2340.75,Hit the task time limit.
PLASPPlanner-seq,classical-domains,parking-sat14-strips,p_36_1,2014,TIMEOUT,,,,0.123,,1801.793,2454.1,Hit the task time limit.
PLASPPlanner-seq,classical-domains,parking-sat14-strips,p_36_2,2014,TIMEOUT,,,,0.125,,1801.761,2148.97,Hit the task time limit.
PLASPPlanner-seq,classical-domains,parking-sat14-strips,p_36_3,2014,TIMEOUT,,,,0.127,,1801.652,2162.91,Hit the task time limit.
PLASPPlanner-seq,classical-domains,parking-sat14-strips,p_38_1,2014,TIMEOUT,,,,0.129,,1801.944,1941.69,Hit the task time limit.
PLASPPlanner-seq,classical-domains,parking-sat14-strips,p_38_2,2014,TIMEOUT,,,,0.119,,1802.072,2683.67,Hit the task time limit.
PLASPPlanner-seq,classical-domains,parking-sat14-strips,p_38_3,2014,TIMEOUT,,,,0.118,,1801.935,2934.98,Hit the task time limit.
PLASPPlanner-seq,classical-domains,parking-sat14-strips,p_40_1,2014,TIMEOUT,,,,0.123,,1802.711,3768.3,Hit the task time limit.
PLASPPlanner-seq,classical-domains,parking-sat14-strips,p_40_2,2014,TIMEOUT,,,,0.12,,1802.086,2585.32,Hit the task time limit.
PLASPPlanner-seq,classical-domains,parking-sat14-strips,p_40_3,2014,TIMEOUT,,,,0.122,,1802.063,2052.27,Hit the task time limit.
PLASPPlanner-seq,classical-domains,pathways,p01,2006,SOLVED,True,6,,0.071,0.631,1.82,132.0,
PLASPPlanner-seq,classical-domains,pathways,p02,2006,SOLVED,True,12,,0.083,3.707,4.921,184.75,
PLASPPlanner-seq,classical-domains,pathways,p03,2006,SOLVED,True,18,,0.094,10.868,12.052,261.49,
PLASPPlanner-seq,classical-domains,pathways,p04,2006,SOLVED,True,17,,0.111,21.417,22.643,390.24,
PLASPPlanner-seq,classical-domains,pathways,p05,2006,TIMEOUT,,,,0.18,,1842.895,808.1,Hit the task time limit.
PLASPPlanner-seq,classical-domains,pathways,p06,2006,TIMEOUT,,,,0.199,,1906.157,2037.02,Hit the task time limit.
PLASPPlanner-seq,classical-domains,pathways,p07,2006,TIMEOUT,,,,0.241,,2034.844,4068.35,Hit the task time limit.
PLASPPlanner-seq,classical-domains,pathways,p08,2006,MEMOUT,,,,0.292,,488.235,6970.39,MemoryError under a 8192MB limit.
PLASPPlanner-seq,classical-domains,pathways,p09,2006,TIMEOUT,,,,0.276,,2045.671,5371.08,Hit the task time limit.
PLASPPlanner-seq,classical-domains,pathways,p10,2006,TIMEOUT,,,,0.291,,2028.015,3970.08,Hit the task time limit.
PLASPPlanner-seq,classical-domains,pathways,p11,2006,TIMEOUT,,,,0.28,,1848.261,2608.88,Hit the task time limit.
PLASPPlanner-seq,classical-domains,pathways,p12,2006,MEMOUT,,,,0.346,,703.387,7836.85,MemoryError under a 8192MB limit.
PLASPPlanner-seq,classical-domains,pathways,p13,2006,KILLED,,,,,,,,
PLASPPlanner-seq,classical-domains,pathways,p14,2006,MEMOUT,,,,0.332,,482.052,6886.62,MemoryError under a 8192MB limit.
PLASPPlanner-seq,classical-domains,pathways,p15,2006,TIMEOUT,,,,0.351,,1833.189,6526.86,Hit the task time limit.
PLASPPlanner-seq,classical-domains,pathways,p16,2006,MEMOUT,,,,0.489,,581.826,7187.88,MemoryError under a 8192MB limit.
PLASPPlanner-seq,classical-domains,pathways,p17,2006,MEMOUT,,,,0.536,,588.453,7187.25,MemoryError under a 8192MB limit.
PLASPPlanner-seq,classical-domains,pathways,p18,2006,MEMOUT,,,,0.394,,571.95,7184.24,MemoryError under a 8192MB limit.
PLASPPlanner-seq,classical-domains,pathways,p19,2006,MEMOUT,,,,0.545,,561.786,7188.23,MemoryError under a 8192MB limit.
PLASPPlanner-seq,classical-domains,pathways,p20,2006,MEMOUT,,,,0.427,,566.541,7183.56,MemoryError under a 8192MB limit.
PLASPPlanner-seq,classical-domains,pathways,p21,2006,MEMOUT,,,,0.535,,560.596,7185.7,MemoryError under a 8192MB limit.
PLASPPlanner-seq,classical-domains,pathways,p22,2006,MEMOUT,,,,0.478,,585.381,7186.43,MemoryError under a 8192MB limit.
PLASPPlanner-seq,classical-domains,pathways,p23,2006,MEMOUT,,,,0.483,,574.656,7186.93,MemoryError under a 8192MB limit.
PLASPPlanner-seq,classical-domains,pathways,p24,2006,MEMOUT,,,,0.523,,584.351,7186.05,MemoryError under a 8192MB limit.
PLASPPlanner-seq,classical-domains,pathways,p25,2006,MEMOUT,,,,0.599,,582.087,7186.27,MemoryError under a 8192MB limit.
PLASPPlanner-seq,classical-domains,pathways,p26,2006,MEMOUT,,,,0.594,,568.23,7187.65,MemoryError under a 8192MB limit.
PLASPPlanner-seq,classical-domains,pathways,p27,2006,MEMOUT,,,,0.718,,574.558,7188.38,MemoryError under a 8192MB limit.
PLASPPlanner-seq,classical-domains,pathways,p28,2006,MEMOUT,,,,0.609,,562.504,7189.67,MemoryError under a 8192MB limit.
PLASPPlanner-seq,classical-domains,pathways,p29,2006,MEMOUT,,,,0.579,,564.197,7189.16,MemoryError under a 8192MB limit.
PLASPPlanner-seq,classical-domains,pathways,p30,2006,MEMOUT,,,,0.646,,580.386,7188.59,MemoryError under a 8192MB limit.
PLASPPlanner-seq,classical-domains,pathways-noneg,p01,,SOLVED,True,6,,0.077,0.624,1.878,130.0,
PLASPPlanner-seq,classical-domains,pathways-noneg,p02,,SOLVED,True,12,,0.088,3.566,4.8,185.08,
PLASPPlanner-seq,classical-domains,pathways-noneg,p03,,SOLVED,True,18,,0.102,11.895,13.134,262.46,
PLASPPlanner-seq,classical-domains,pathways-noneg,p04,,SOLVED,True,17,,0.12,23.017,24.294,390.4,
PLASPPlanner-seq,classical-domains,pathways-noneg,p05,,TIMEOUT,,,,0.19,,1842.939,803.84,Hit the task time limit.
PLASPPlanner-seq,classical-domains,pathways-noneg,p06,,TIMEOUT,,,,0.229,,1905.761,2036.94,Hit the task time limit.
PLASPPlanner-seq,classical-domains,pathways-noneg,p07,,TIMEOUT,,,,0.271,,2033.826,4064.03,Hit the task time limit.
PLASPPlanner-seq,classical-domains,pathways-noneg,p08,,MEMOUT,,,,0.315,,487.826,6961.96,MemoryError under a 8192MB limit.
PLASPPlanner-seq,classical-domains,pathways-noneg,p09,,KILLED,,,,,,,,
PLASPPlanner-seq,classical-domains,pathways-noneg,p10,,TIMEOUT,,,,0.301,,2020.527,3970.74,Hit the task time limit.
PLASPPlanner-seq,classical-domains,pathways-noneg,p11,,TIMEOUT,,,,0.3,,1960.206,2614.79,Hit the task time limit.
PLASPPlanner-seq,classical-domains,pathways-noneg,p12,,MEMOUT,,,,0.355,,703.314,7818.16,MemoryError under a 8192MB limit.
PLASPPlanner-seq,classical-domains,pathways-noneg,p13,,TIMEOUT,,,,0.327,,1967.574,5148.05,Hit the task time limit.
PLASPPlanner-seq,classical-domains,pathways-noneg,p14,,MEMOUT,,,,0.349,,497.2,6888.01,MemoryError under a 8192MB limit.
PLASPPlanner-seq,classical-domains,pathways-noneg,p15,,KILLED,,,,,,,,
PLASPPlanner-seq,classical-domains,pathways-noneg,p16,,MEMOUT,,,,0.518,,595.591,7188.12,MemoryError under a 8192MB limit.
PLASPPlanner-seq,classical-domains,pathways-noneg,p17,,MEMOUT,,,,0.56,,594.985,7187.11,MemoryError under a 8192MB limit.
PLASPPlanner-seq,classical-domains,pathways-noneg,p18,,MEMOUT,,,,0.427,,601.286,7182.58,MemoryError under a 8192MB limit.
PLASPPlanner-seq,classical-domains,pathways-noneg,p19,,MEMOUT,,,,0.59,,591.98,7184.75,MemoryError under a 8192MB limit.
PLASPPlanner-seq,classical-domains,pathways-noneg,p20,,MEMOUT,,,,0.506,,578.218,7187.21,MemoryError under a 8192MB limit.
PLASPPlanner-seq,classical-domains,pathways-noneg,p21,,MEMOUT,,,,0.57,,586.217,7188.76,MemoryError under a 8192MB limit.
PLASPPlanner-seq,classical-domains,pathways-noneg,p22,,MEMOUT,,,,0.478,,571.707,7187.16,MemoryError under a 8192MB limit.
PLASPPlanner-seq,classical-domains,pathways-noneg,p23,,MEMOUT,,,,0.495,,565.729,7186.03,MemoryError under a 8192MB limit.
PLASPPlanner-seq,classical-domains,pathways-noneg,p24,,MEMOUT,,,,0.517,,597.963,7188.62,MemoryError under a 8192MB limit.
PLASPPlanner-seq,classical-domains,pathways-noneg,p25,,MEMOUT,,,,0.605,,601.197,7188.85,MemoryError under a 8192MB limit.
PLASPPlanner-seq,classical-domains,pathways-noneg,p26,,MEMOUT,,,,0.626,,575.535,7188.39,MemoryError under a 8192MB limit.
PLASPPlanner-seq,classical-domains,pathways-noneg,p27,,MEMOUT,,,,0.744,,597.483,7187.09,MemoryError under a 8192MB limit.
PLASPPlanner-seq,classical-domains,pathways-noneg,p28,,MEMOUT,,,,0.673,,568.758,7189.11,MemoryError under a 8192MB limit.
PLASPPlanner-seq,classical-domains,pathways-noneg,p29,,MEMOUT,,,,0.648,,577.914,7187.31,MemoryError under a 8192MB limit.
PLASPPlanner-seq,classical-domains,pathways-noneg,p30,,MEMOUT,,,,0.865,,555.374,7188.73,MemoryError under a 8192MB limit.
PLASPPlanner-seq,classical-domains,pegsol-08-strips,p01,2008,SOLVED,True,5,,0.22,2.474,3.952,158.0,
PLASPPlanner-seq,classical-domains,pegsol-08-strips,p02,2008,SOLVED,True,9,,0.191,2.512,3.92,160.69,
PLASPPlanner-seq,classical-domains,pegsol-08-strips,p03,2008,SOLVED,True,9,,0.18,2.639,4.013,160.0,
PLASPPlanner-seq,classical-domains,pegsol-08-strips,p04,2008,SOLVED,True,10,,0.186,2.725,4.117,160.64,
PLASPPlanner-seq,classical-domains,pegsol-08-strips,p05,2008,SOLVED,True,11,,0.221,2.798,4.236,163.18,
PLASPPlanner-seq,classical-domains,pegsol-08-strips,p06,2008,SOLVED,True,12,,0.311,6.457,8.148,164.0,
PLASPPlanner-seq,classical-domains,pegsol-08-strips,p07,2008,SOLVED,True,12,,0.288,2.87,4.48,162.0,
PLASPPlanner-seq,classical-domains,pegsol-08-strips,p08,2008,SOLVED,True,16,,0.37,158.453,160.571,182.0,
PLASPPlanner-seq,classical-domains,pegsol-08-strips,p09,2008,SOLVED,True,15,,0.386,23.718,25.858,168.34,
PLASPPlanner-seq,classical-domains,pegsol-08-strips,p10,2008,SOLVED,True,17,,0.385,994.263,996.244,206.2,
PLASPPlanner-seq,classical-domains,pegsol-08-strips,p11,2008,SOLVED,True,18,,0.272,276.552,278.295,189.94,
PLASPPlanner-seq,classical-domains,pegsol-08-strips,p12,2008,TIMEOUT,,,,0.235,,1802.287,218.84,Hit the task time limit.
PLASPPlanner-seq,classical-domains,pegsol-08-strips,p13,2008,TIMEOUT,,,,0.236,,1802.281,216.61,Hit the task time limit.
PLASPPlanner-seq,classical-domains,pegsol-08-strips,p14,2008,TIMEOUT,,,,0.235,,1802.342,225.76,Hit the task time limit.
PLASPPlanner-seq,classical-domains,pegsol-08-strips,p15,2008,TIMEOUT,,,,0.226,,1802.291,211.91,Hit the task time limit.
PLASPPlanner-seq,classical-domains,pegsol-08-strips,p16,2008,SOLVED,True,21,,0.245,620.945,622.443,206.67,
PLASPPlanner-seq,classical-domains,pegsol-08-strips,p17,2008,TIMEOUT,,,,0.245,,1802.382,210.53,Hit the task time limit.
PLASPPlanner-seq,classical-domains,pegsol-08-strips,p18,2008,TIMEOUT,,,,0.25,,1802.347,208.42,Hit the task time limit.
PLASPPlanner-seq,classical-domains,pegsol-08-strips,p19,2008,TIMEOUT,,,,0.236,,1802.315,216.47,Hit the task time limit.
PLASPPlanner-seq,classical-domains,pegsol-08-strips,p20,2008,TIMEOUT,,,,0.249,,1802.35,208.67,Hit the task time limit.
PLASPPlanner-seq,classical-domains,pegsol-08-strips,p21,2008,TIMEOUT,,,,0.226,,1802.319,204.23,Hit the task time limit.
PLASPPlanner-seq,classical-domains,pegsol-08-strips,p22,2008,TIMEOUT,,,,0.21,,1802.278,216.36,Hit the task time limit.
PLASPPlanner-seq,classical-domains,pegsol-08-strips,p23,2008,TIMEOUT,,,,0.213,,1802.236,207.79,Hit the task time limit.
PLASPPlanner-seq,classical-domains,pegsol-08-strips,p24,2008,TIMEOUT,,,,0.206,,1802.241,208.55,Hit the task time limit.
PLASPPlanner-seq,classical-domains,pegsol-08-strips,p25,2008,TIMEOUT,,,,0.213,,1802.293,212.7,Hit the task time limit.
PLASPPlanner-seq,classical-domains,pegsol-08-strips,p26,2008,TIMEOUT,,,,0.201,,1802.233,216.32,Hit the task time limit.
PLASPPlanner-seq,classical-domains,pegsol-08-strips,p27,2008,TIMEOUT,,,,0.2,,1802.263,204.09,Hit the task time limit.
PLASPPlanner-seq,classical-domains,pegsol-08-strips,p28,2008,TIMEOUT,,,,0.209,,1802.292,207.36,Hit the task time limit.
PLASPPlanner-seq,classical-domains,pegsol-08-strips,p29,2008,TIMEOUT,,,,0.206,,1802.245,215.32,Hit the task time limit.
PLASPPlanner-seq,classical-domains,pegsol-08-strips,p30,2008,TIMEOUT,,,,0.207,,1802.274,217.37,Hit the task time limit.
PLASPPlanner-seq,classical-domains,pegsol-opt11-strips,p01,2011,SOLVED,True,16,,0.207,5.57,6.991,164.0,
PLASPPlanner-seq,classical-domains,pegsol-opt11-strips,p02,2011,TIMEOUT,,,,0.208,,1802.231,209.51,Hit the task time limit.
PLASPPlanner-seq,classical-domains,pegsol-opt11-strips,p03,2011,TIMEOUT,,,,0.199,,1802.301,212.3,Hit the task time limit.
PLASPPlanner-seq,classical-domains,pegsol-opt11-strips,p04,2011,TIMEOUT,,,,0.2,,1802.334,216.57,Hit the task time limit.
PLASPPlanner-seq,classical-domains,pegsol-opt11-strips,p05,2011,SOLVED,True,26,,0.202,1210.06,1211.498,223.92,
PLASPPlanner-seq,classical-domains,pegsol-opt11-strips,p06,2011,TIMEOUT,,,,0.201,,1802.318,212.36,Hit the task time limit.
PLASPPlanner-seq,classical-domains,pegsol-opt11-strips,p07,2011,TIMEOUT,,,,0.199,,1802.256,215.88,Hit the task time limit.
PLASPPlanner-seq,classical-domains,pegsol-opt11-strips,p08,2011,TIMEOUT,,,,0.208,,1802.231,211.15,Hit the task time limit.
PLASPPlanner-seq,classical-domains,pegsol-opt11-strips,p09,2011,TIMEOUT,,,,0.21,,1802.278,217.63,Hit the task time limit.
PLASPPlanner-seq,classical-domains,pegsol-opt11-strips,p10,2011,TIMEOUT,,,,0.215,,1802.33,214.02,Hit the task time limit.
PLASPPlanner-seq,classical-domains,pegsol-opt11-strips,p11,2011,TIMEOUT,,,,0.211,,1802.281,213.61,Hit the task time limit.
PLASPPlanner-seq,classical-domains,pegsol-opt11-strips,p12,2011,TIMEOUT,,,,0.215,,1802.34,234.7,Hit the task time limit.
PLASPPlanner-seq,classical-domains,pegsol-opt11-strips,p13,2011,TIMEOUT,,,,0.211,,1802.309,212.29,Hit the task time limit.
PLASPPlanner-seq,classical-domains,pegsol-opt11-strips,p14,2011,TIMEOUT,,,,0.213,,1802.345,211.96,Hit the task time limit.
PLASPPlanner-seq,classical-domains,pegsol-opt11-strips,p15,2011,TIMEOUT,,,,0.22,,1802.309,211.52,Hit the task time limit.
PLASPPlanner-seq,classical-domains,pegsol-opt11-strips,p16,2011,TIMEOUT,,,,0.208,,1802.366,221.84,Hit the task time limit.
PLASPPlanner-seq,classical-domains,pegsol-opt11-strips,p17,2011,TIMEOUT,,,,0.197,,1802.326,204.76,Hit the task time limit.
PLASPPlanner-seq,classical-domains,pegsol-opt11-strips,p18,2011,TIMEOUT,,,,0.191,,1802.258,204.27,Hit the task time limit.
PLASPPlanner-seq,classical-domains,pegsol-opt11-strips,p19,2011,TIMEOUT,,,,0.204,,1802.213,212.32,Hit the task time limit.
PLASPPlanner-seq,classical-domains,pegsol-opt11-strips,p20,2011,TIMEOUT,,,,0.207,,1802.249,212.45,Hit the task time limit.
PLASPPlanner-seq,classical-domains,pegsol-sat11-strips,p01,2011,TIMEOUT,,,,0.21,,1802.275,212.03,Hit the task time limit.
PLASPPlanner-seq,classical-domains,pegsol-sat11-strips,p02,2011,TIMEOUT,,,,0.207,,1802.248,210.67,Hit the task time limit.
PLASPPlanner-seq,classical-domains,pegsol-sat11-strips,p03,2011,TIMEOUT,,,,0.215,,1802.353,217.12,Hit the task time limit.
PLASPPlanner-seq,classical-domains,pegsol-sat11-strips,p04,2011,SOLVED,True,26,,0.207,1154.212,1155.683,225.24,
PLASPPlanner-seq,classical-domains,pegsol-sat11-strips,p05,2011,TIMEOUT,,,,0.202,,1802.266,214.0,Hit the task time limit.
PLASPPlanner-seq,classical-domains,pegsol-sat11-strips,p06,2011,TIMEOUT,,,,0.204,,1802.347,213.84,Hit the task time limit.
PLASPPlanner-seq,classical-domains,pegsol-sat11-strips,p07,2011,TIMEOUT,,,,0.207,,1802.232,217.11,Hit the task time limit.
PLASPPlanner-seq,classical-domains,pegsol-sat11-strips,p08,2011,TIMEOUT,,,,0.207,,1802.334,234.26,Hit the task time limit.
PLASPPlanner-seq,classical-domains,pegsol-sat11-strips,p09,2011,TIMEOUT,,,,0.204,,1802.296,211.97,Hit the task time limit.
PLASPPlanner-seq,classical-domains,pegsol-sat11-strips,p10,2011,TIMEOUT,,,,0.207,,1802.223,209.2,Hit the task time limit.
PLASPPlanner-seq,classical-domains,pegsol-sat11-strips,p11,2011,TIMEOUT,,,,0.211,,1802.297,206.64,Hit the task time limit.
PLASPPlanner-seq,classical-domains,pegsol-sat11-strips,p12,2011,TIMEOUT,,,,0.233,,1802.293,209.79,Hit the task time limit.
PLASPPlanner-seq,classical-domains,pegsol-sat11-strips,p13,2011,TIMEOUT,,,,0.239,,1802.262,218.7,Hit the task time limit.
PLASPPlanner-seq,classical-domains,pegsol-sat11-strips,p14,2011,TIMEOUT,,,,0.205,,1802.284,212.67,Hit the task time limit.
PLASPPlanner-seq,classical-domains,pegsol-sat11-strips,p15,2011,TIMEOUT,,,,0.21,,1802.266,224.84,Hit the task time limit.
PLASPPlanner-seq,classical-domains,pegsol-sat11-strips,p16,2011,TIMEOUT,,,,0.206,,1802.374,211.25,Hit the task time limit.
PLASPPlanner-seq,classical-domains,pegsol-sat11-strips,p17,2011,TIMEOUT,,,,0.205,,1802.234,205.24,Hit the task time limit.
PLASPPlanner-seq,classical-domains,pegsol-sat11-strips,p18,2011,TIMEOUT,,,,0.215,,1802.201,202.02,Hit the task time limit.
PLASPPlanner-seq,classical-domains,pegsol-sat11-strips,p19,2011,TIMEOUT,,,,0.201,,1802.217,215.64,Hit the task time limit.
PLASPPlanner-seq,classical-domains,pegsol-sat11-strips,p20,2011,TIMEOUT,,,,0.205,,1802.337,212.74,Hit the task time limit.
PLASPPlanner-seq,classical-domains,petri-net-alignment-opt18,p01,2018,TIMEOUT,,,,3.998,,1800.798,475.51,Hit the task time limit.
PLASPPlanner-seq,classical-domains,petri-net-alignment-opt18,p02,2018,TIMEOUT,,,,4.68,,1801.154,655.16,Hit the task time limit.
PLASPPlanner-seq,classical-domains,petri-net-alignment-opt18,p03,2018,TIMEOUT,,,,5.656,,1801.397,802.58,Hit the task time limit.
PLASPPlanner-seq,classical-domains,petri-net-alignment-opt18,p04,2018,TIMEOUT,,,,5.658,,1801.475,869.71,Hit the task time limit.
PLASPPlanner-seq,classical-domains,petri-net-alignment-opt18,p05,2018,TIMEOUT,,,,4.579,,1801.045,623.1,Hit the task time limit.
PLASPPlanner-seq,classical-domains,petri-net-alignment-opt18,p06,2018,TIMEOUT,,,,5.694,,1801.468,864.64,Hit the task time limit.
PLASPPlanner-seq,classical-domains,petri-net-alignment-opt18,p07,2018,TIMEOUT,,,,5.457,,1801.381,790.15,Hit the task time limit.
PLASPPlanner-seq,classical-domains,petri-net-alignment-opt18,p08,2018,TIMEOUT,,,,5.825,,1801.498,883.16,Hit the task time limit.
PLASPPlanner-seq,classical-domains,petri-net-alignment-opt18,p09,2018,TIMEOUT,,,,5.628,,1801.398,834.91,Hit the task time limit.
PLASPPlanner-seq,classical-domains,petri-net-alignment-opt18,p10,2018,TIMEOUT,,,,6.97,,1802.001,1198.04,Hit the task time limit.
PLASPPlanner-seq,classical-domains,petri-net-alignment-opt18,p11,2018,TIMEOUT,,,,5.908,,1801.64,992.34,Hit the task time limit.
PLASPPlanner-seq,classical-domains,petri-net-alignment-opt18,p12,2018,TIMEOUT,,,,8.027,,1802.95,1448.03,Hit the task time limit.
PLASPPlanner-seq,classical-domains,petri-net-alignment-opt18,p13,2018,TIMEOUT,,,,6.824,,1802.0,1227.91,Hit the task time limit.
PLASPPlanner-seq,classical-domains,petri-net-alignment-opt18,p14,2018,TIMEOUT,,,,7.021,,1802.139,1288.89,Hit the task time limit.
PLASPPlanner-seq,classical-domains,petri-net-alignment-opt18,p15,2018,TIMEOUT,,,,6.82,,1801.941,1215.46,Hit the task time limit.
PLASPPlanner-seq,classical-domains,petri-net-alignment-opt18,p16,2018,TIMEOUT,,,,7.267,,1802.757,1465.27,Hit the task time limit.
PLASPPlanner-seq,classical-domains,petri-net-alignment-opt18,p17,2018,TIMEOUT,,,,7.604,,1802.829,1493.67,Hit the task time limit.
PLASPPlanner-seq,classical-domains,petri-net-alignment-opt18,p18,2018,TIMEOUT,,,,7.239,,1802.664,1408.65,Hit the task time limit.
PLASPPlanner-seq,classical-domains,petri-net-alignment-opt18,p19,2018,TIMEOUT,,,,7.708,,1802.927,1476.45,Hit the task time limit.
PLASPPlanner-seq,classical-domains,petri-net-alignment-opt18,p20,2018,TIMEOUT,,,,7.938,,1802.986,1543.25,Hit the task time limit.
PLASPPlanner-seq,classical-domains,philosophers,p01-phil2,2004,ERROR,,,,,,1.278,118.0,"ParseException: Expected ')', found '(' (at char 155), (line:8, col:1)"
PLASPPlanner-seq,classical-domains,philosophers,p02-phil3,2004,ERROR,,,,,,1.274,118.0,"ParseException: Expected ')', found '(' (at char 155), (line:8, col:1)"
PLASPPlanner-seq,classical-domains,philosophers,p03-phil4,2004,ERROR,,,,,,1.267,120.0,"ParseException: Expected ')', found '(' (at char 155), (line:8, col:1)"
PLASPPlanner-seq,classical-domains,philosophers,p04-phil5,2004,ERROR,,,,,,1.273,120.0,"ParseException: Expected ')', found '(' (at char 155), (line:8, col:1)"
PLASPPlanner-seq,classical-domains,philosophers,p05-phil6,2004,ERROR,,,,,,1.269,120.0,"ParseException: Expected ')', found '(' (at char 155), (line:8, col:1)"
PLASPPlanner-seq,classical-domains,philosophers,p06-phil7,2004,ERROR,,,,,,1.213,120.0,"ParseException: Expected ')', found '(' (at char 155), (line:8, col:1)"
PLASPPlanner-seq,classical-domains,philosophers,p07-phil8,2004,ERROR,,,,,,1.302,120.0,"ParseException: Expected ')', found '(' (at char 155), (line:8, col:1)"
PLASPPlanner-seq,classical-domains,philosophers,p08-phil9,2004,ERROR,,,,,,1.275,120.0,"ParseException: Expected ')', found '(' (at char 155), (line:8, col:1)"
PLASPPlanner-seq,classical-domains,philosophers,p09-phil10,2004,ERROR,,,,,,1.286,120.0,"ParseException: Expected ')', found '(' (at char 155), (line:8, col:1)"
PLASPPlanner-seq,classical-domains,philosophers,p10-phil11,2004,ERROR,,,,,,1.308,120.0,"ParseException: Expected ')', found '(' (at char 155), (line:8, col:1)"
PLASPPlanner-seq,classical-domains,philosophers,p11-phil12,2004,ERROR,,,,,,1.26,120.0,"ParseException: Expected ')', found '(' (at char 155), (line:8, col:1)"
PLASPPlanner-seq,classical-domains,philosophers,p12-phil13,2004,ERROR,,,,,,1.243,120.0,"ParseException: Expected ')', found '(' (at char 155), (line:8, col:1)"
PLASPPlanner-seq,classical-domains,philosophers,p13-phil14,2004,ERROR,,,,,,1.285,118.0,"ParseException: Expected ')', found '(' (at char 155), (line:8, col:1)"
PLASPPlanner-seq,classical-domains,philosophers,p14-phil15,2004,ERROR,,,,,,1.297,116.0,"ParseException: Expected ')', found '(' (at char 155), (line:8, col:1)"
PLASPPlanner-seq,classical-domains,philosophers,p15-phil16,2004,ERROR,,,,,,1.284,118.0,"ParseException: Expected ')', found '(' (at char 155), (line:8, col:1)"
PLASPPlanner-seq,classical-domains,philosophers,p16-phil17,2004,ERROR,,,,,,1.255,120.0,"ParseException: Expected ')', found '(' (at char 155), (line:8, col:1)"
PLASPPlanner-seq,classical-domains,philosophers,p17-phil18,2004,ERROR,,,,,,1.332,120.0,"ParseException: Expected ')', found '(' (at char 155), (line:8, col:1)"
PLASPPlanner-seq,classical-domains,philosophers,p18-phil19,2004,ERROR,,,,,,1.267,120.0,"ParseException: Expected ')', found '(' (at char 155), (line:8, col:1)"
PLASPPlanner-seq,classical-domains,philosophers,p19-phil20,2004,ERROR,,,,,,1.276,120.0,"ParseException: Expected ')', found '(' (at char 155), (line:8, col:1)"
PLASPPlanner-seq,classical-domains,philosophers,p20-phil21,2004,ERROR,,,,,,1.289,120.0,"ParseException: Expected ')', found '(' (at char 155), (line:8, col:1)"
PLASPPlanner-seq,classical-domains,philosophers,p21-phil22,2004,ERROR,,,,,,1.308,120.0,"ParseException: Expected ')', found '(' (at char 155), (line:8, col:1)"
PLASPPlanner-seq,classical-domains,philosophers,p22-phil23,2004,ERROR,,,,,,1.257,116.0,"ParseException: Expected ')', found '(' (at char 155), (line:8, col:1)"
PLASPPlanner-seq,classical-domains,philosophers,p23-phil24,2004,ERROR,,,,,,1.274,118.0,"ParseException: Expected ')', found '(' (at char 155), (line:8, col:1)"
PLASPPlanner-seq,classical-domains,philosophers,p24-phil25,2004,ERROR,,,,,,1.294,120.0,"ParseException: Expected ')', found '(' (at char 155), (line:8, col:1)"
PLASPPlanner-seq,classical-domains,philosophers,p25-phil26,2004,ERROR,,,,,,1.314,118.0,"ParseException: Expected ')', found '(' (at char 155), (line:8, col:1)"
PLASPPlanner-seq,classical-domains,philosophers,p26-phil27,2004,ERROR,,,,,,1.244,118.0,"ParseException: Expected ')', found '(' (at char 155), (line:8, col:1)"
PLASPPlanner-seq,classical-domains,philosophers,p27-phil28,2004,ERROR,,,,,,1.297,120.0,"ParseException: Expected ')', found '(' (at char 155), (line:8, col:1)"
PLASPPlanner-seq,classical-domains,philosophers,p28-phil29,2004,ERROR,,,,,,1.28,120.0,"ParseException: Expected ')', found '(' (at char 155), (line:8, col:1)"
PLASPPlanner-seq,classical-domains,philosophers,p29-phil30,2004,ERROR,,,,,,1.27,120.0,"ParseException: Expected ')', found '(' (at char 155), (line:8, col:1)"
PLASPPlanner-seq,classical-domains,philosophers,p30-phil31,2004,ERROR,,,,,,1.268,116.0,"ParseException: Expected ')', found '(' (at char 155), (line:8, col:1)"
PLASPPlanner-seq,classical-domains,philosophers,p31-phil32,2004,ERROR,,,,,,1.255,120.0,"ParseException: Expected ')', found '(' (at char 155), (line:8, col:1)"
PLASPPlanner-seq,classical-domains,philosophers,p32-phil33,2004,ERROR,,,,,,1.231,120.0,"ParseException: Expected ')', found '(' (at char 155), (line:8, col:1)"
PLASPPlanner-seq,classical-domains,philosophers,p33-phil34,2004,ERROR,,,,,,1.293,120.0,"ParseException: Expected ')', found '(' (at char 155), (line:8, col:1)"
PLASPPlanner-seq,classical-domains,philosophers,p34-phil35,2004,ERROR,,,,,,1.204,116.0,"ParseException: Expected ')', found '(' (at char 155), (line:8, col:1)"
PLASPPlanner-seq,classical-domains,philosophers,p35-phil36,2004,ERROR,,,,,,1.224,120.0,"ParseException: Expected ')', found '(' (at char 155), (line:8, col:1)"
PLASPPlanner-seq,classical-domains,philosophers,p36-phil37,2004,ERROR,,,,,,1.246,118.0,"ParseException: Expected ')', found '(' (at char 155), (line:8, col:1)"
PLASPPlanner-seq,classical-domains,philosophers,p37-phil38,2004,ERROR,,,,,,1.29,118.0,"ParseException: Expected ')', found '(' (at char 155), (line:8, col:1)"
PLASPPlanner-seq,classical-domains,philosophers,p38-phil39,2004,ERROR,,,,,,1.259,120.0,"ParseException: Expected ')', found '(' (at char 155), (line:8, col:1)"
PLASPPlanner-seq,classical-domains,philosophers,p39-phil40,2004,ERROR,,,,,,1.197,120.0,"ParseException: Expected ')', found '(' (at char 155), (line:8, col:1)"
PLASPPlanner-seq,classical-domains,philosophers,p40-phil41,2004,ERROR,,,,,,1.216,120.0,"ParseException: Expected ')', found '(' (at char 155), (line:8, col:1)"
PLASPPlanner-seq,classical-domains,philosophers,p41-phil42,2004,ERROR,,,,,,1.233,118.0,"ParseException: Expected ')', found '(' (at char 155), (line:8, col:1)"
PLASPPlanner-seq,classical-domains,philosophers,p42-phil43,2004,ERROR,,,,,,1.258,118.0,"ParseException: Expected ')', found '(' (at char 155), (line:8, col:1)"
PLASPPlanner-seq,classical-domains,philosophers,p43-phil44,2004,ERROR,,,,,,1.283,120.0,"ParseException: Expected ')', found '(' (at char 155), (line:8, col:1)"
PLASPPlanner-seq,classical-domains,philosophers,p44-phil45,2004,ERROR,,,,,,1.246,120.0,"ParseException: Expected ')', found '(' (at char 155), (line:8, col:1)"
PLASPPlanner-seq,classical-domains,philosophers,p45-phil46,2004,ERROR,,,,,,1.229,120.0,"ParseException: Expected ')', found '(' (at char 155), (line:8, col:1)"
PLASPPlanner-seq,classical-domains,philosophers,p46-phil47,2004,ERROR,,,,,,1.291,120.0,"ParseException: Expected ')', found '(' (at char 155), (line:8, col:1)"
PLASPPlanner-seq,classical-domains,philosophers,p47-phil48,2004,ERROR,,,,,,1.266,120.0,"ParseException: Expected ')', found '(' (at char 155), (line:8, col:1)"
PLASPPlanner-seq,classical-domains,philosophers,p48-phil49,2004,ERROR,,,,,,1.276,120.0,"ParseException: Expected ')', found '(' (at char 155), (line:8, col:1)"
PLASPPlanner-seq,classical-domains,pipesworld-06,p01,2006,SOLVED,True,5,,0.27,0.129,1.713,126.0,
PLASPPlanner-seq,classical-domains,pipesworld-06,p02,2006,SOLVED,True,12,,0.26,12.759,14.347,136.0,
PLASPPlanner-seq,classical-domains,pipesworld-06,p03,2006,SOLVED,True,8,,0.282,0.71,2.34,138.0,
PLASPPlanner-seq,classical-domains,pipesworld-06,p04,2006,SOLVED,True,11,,0.288,20.853,22.441,153.69,
PLASPPlanner-seq,classical-domains,pipesworld-06,p05,2006,SOLVED,True,8,,0.268,1.058,2.625,142.0,
PLASPPlanner-seq,classical-domains,pipesworld-06,p06,2006,SOLVED,True,10,,0.266,5.589,7.16,146.09,
PLASPPlanner-seq,classical-domains,pipesworld-06,p07,2006,SOLVED,True,8,,0.272,3.431,4.958,175.52,
PLASPPlanner-seq,classical-domains,pipesworld-06,p08,2006,SOLVED,True,11,,0.277,448.882,450.463,227.88,
PLASPPlanner-seq,classical-domains,pipesworld-06,p09,2006,TIMEOUT,,,,0.272,,1800.211,334.46,Hit the task time limit.
PLASPPlanner-seq,classical-domains,pipesworld-06,p10,2006,TIMEOUT,,,,0.271,,1800.172,289.51,Hit the task time limit.
PLASPPlanner-seq,classical-domains,pipesworld-06,p11,2006,TIMEOUT,,,,0.267,,1800.166,269.89,Hit the task time limit.
PLASPPlanner-seq,classical-domains,pipesworld-06,p12,2006,TIMEOUT,,,,0.269,,1800.22,343.38,Hit the task time limit.
PLASPPlanner-seq,classical-domains,pipesworld-06,p13,2006,SOLVED,True,16,,0.271,289.282,290.839,309.32,
PLASPPlanner-seq,classical-domains,pipesworld-06,p14,2006,TIMEOUT,,,,0.262,,1800.196,281.84,Hit the task time limit.
PLASPPlanner-seq,classical-domains,pipesworld-06,p15,2006,TIMEOUT,,,,0.266,,1800.223,324.9,Hit the task time limit.
PLASPPlanner-seq,classical-domains,pipesworld-06,p16,2006,TIMEOUT,,,,0.287,,1800.457,536.96,Hit the task time limit.
PLASPPlanner-seq,classical-domains,pipesworld-06,p17,2006,TIMEOUT,,,,0.269,,1800.244,351.69,Hit the task time limit.
PLASPPlanner-seq,classical-domains,pipesworld-06,p18,2006,TIMEOUT,,,,0.303,,1800.417,458.81,Hit the task time limit.
PLASPPlanner-seq,classical-domains,pipesworld-06,p19,2006,TIMEOUT,,,,0.283,,1800.49,669.55,Hit the task time limit.
PLASPPlanner-seq,classical-domains,pipesworld-06,p20,2006,TIMEOUT,,,,0.319,,1800.707,985.66,Hit the task time limit.
PLASPPlanner-seq,classical-domains,pipesworld-06,p21,2006,SOLVED,True,14,,0.271,27.729,29.27,230.06,
PLASPPlanner-seq,classical-domains,pipesworld-06,p22,2006,TIMEOUT,,,,0.283,,1800.27,353.5,Hit the task time limit.
PLASPPlanner-seq,classical-domains,pipesworld-06,p23,2006,TIMEOUT,,,,0.304,,1800.424,550.66,Hit the task time limit.
PLASPPlanner-seq,classical-domains,pipesworld-06,p24,2006,TIMEOUT,,,,0.302,,1800.391,586.7,Hit the task time limit.
PLASPPlanner-seq,classical-domains,pipesworld-06,p25,2006,TIMEOUT,,,,0.303,,1800.756,1002.54,Hit the task time limit.
PLASPPlanner-seq,classical-domains,pipesworld-06,p26,2006,TIMEOUT,,,,0.313,,1800.827,948.15,Hit the task time limit.
PLASPPlanner-seq,classical-domains,pipesworld-06,p27,2006,TIMEOUT,,,,0.306,,1800.721,884.5,Hit the task time limit.
PLASPPlanner-seq,classical-domains,pipesworld-06,p28,2006,TIMEOUT,,,,0.317,,1800.903,1003.53,Hit the task time limit.
PLASPPlanner-seq,classical-domains,pipesworld-06,p29,2006,TIMEOUT,,,,0.315,,1801.064,1248.43,Hit the task time limit.
PLASPPlanner-seq,classical-domains,pipesworld-06,p30,2006,TIMEOUT,,,,0.321,,1801.144,1288.77,Hit the task time limit.
PLASPPlanner-seq,classical-domains,pipesworld-06,p31,2006,TIMEOUT,,,,0.272,,1800.227,268.93,Hit the task time limit.
PLASPPlanner-seq,classical-domains,pipesworld-06,p32,2006,TIMEOUT,,,,0.28,,1800.359,400.04,Hit the task time limit.
PLASPPlanner-seq,classical-domains,pipesworld-06,p33,2006,TIMEOUT,,,,0.308,,1800.612,686.01,Hit the task time limit.
PLASPPlanner-seq,classical-domains,pipesworld-06,p34,2006,TIMEOUT,,,,0.308,,1800.66,828.73,Hit the task time limit.
PLASPPlanner-seq,classical-domains,pipesworld-06,p35,2006,TIMEOUT,,,,0.33,,1801.082,993.12,Hit the task time limit.
PLASPPlanner-seq,classical-domains,pipesworld-06,p36,2006,TIMEOUT,,,,0.333,,1801.105,1060.21,Hit the task time limit.
PLASPPlanner-seq,classical-domains,pipesworld-06,p37,2006,TIMEOUT,,,,0.312,,1800.893,1112.54,Hit the task time limit.
PLASPPlanner-seq,classical-domains,pipesworld-06,p38,2006,TIMEOUT,,,,0.314,,1800.86,842.39,Hit the task time limit.
PLASPPlanner-seq,classical-domains,pipesworld-06,p39,2006,TIMEOUT,,,,0.337,,1801.149,1678.71,Hit the task time limit.
PLASPPlanner-seq,classical-domains,pipesworld-06,p40,2006,TIMEOUT,,,,0.328,,1801.112,1013.31,Hit the task time limit.
PLASPPlanner-seq,classical-domains,pipesworld-06,p41,2006,TIMEOUT,,,,0.303,,1800.62,846.29,Hit the task time limit.
PLASPPlanner-seq,classical-domains,pipesworld-06,p42,2006,TIMEOUT,,,,0.328,,1801.896,1714.93,Hit the task time limit.
PLASPPlanner-seq,classical-domains,pipesworld-06,p43,2006,TIMEOUT,,,,0.368,,1802.683,1601.23,Hit the task time limit.
PLASPPlanner-seq,classical-domains,pipesworld-06,p44,2006,TIMEOUT,,,,0.385,,1802.817,1733.74,Hit the task time limit.
PLASPPlanner-seq,classical-domains,pipesworld-06,p45,2006,TIMEOUT,,,,0.343,,1802.091,1420.22,Hit the task time limit.
PLASPPlanner-seq,classical-domains,pipesworld-06,p46,2006,TIMEOUT,,,,0.354,,1801.99,1480.0,Hit the task time limit.
PLASPPlanner-seq,classical-domains,pipesworld-06,p47,2006,TIMEOUT,,,,0.347,,1802.426,1714.38,Hit the task time limit.
PLASPPlanner-seq,classical-domains,pipesworld-06,p48,2006,TIMEOUT,,,,0.345,,1802.76,1771.47,Hit the task time limit.
PLASPPlanner-seq,classical-domains,pipesworld-06,p49,2006,TIMEOUT,,,,0.351,,1802.385,1535.83,Hit the task time limit.
PLASPPlanner-seq,classical-domains,pipesworld-06,p50,2006,TIMEOUT,,,,0.372,,1803.092,1882.24,Hit the task time limit.
PLASPPlanner-seq,classical-domains,pipesworld-notankage,p01-net1-b6-g2,2004,SOLVED,True,5,,0.13,0.088,1.524,126.0,
PLASPPlanner-seq,classical-domains,pipesworld-notankage,p02-net1-b6-g4,2004,SOLVED,True,12,,0.14,10.137,11.579,134.0,
PLASPPlanner-seq,classical-domains,pipesworld-notankage,p03-net1-b8-g3,2004,SOLVED,True,8,,0.133,0.358,1.686,130.0,
PLASPPlanner-seq,classical-domains,pipesworld-notankage,p04-net1-b8-g5,2004,SOLVED,True,11,,0.131,4.946,6.343,136.0,
PLASPPlanner-seq,classical-domains,pipesworld-notankage,p05-net1-b10-g4,2004,SOLVED,True,8,,0.14,0.566,2.054,134.0,
PLASPPlanner-seq,classical-domains,pipesworld-notankage,p06-net1-b10-g6,2004,SOLVED,True,10,,0.134,4.953,6.306,136.0,
PLASPPlanner-seq,classical-domains,pipesworld-notankage,p07-net1-b12-g5,2004,SOLVED,True,8,,0.137,0.944,2.371,136.0,
PLASPPlanner-seq,classical-domains,pipesworld-notankage,p08-net1-b12-g7,2004,SOLVED,True,10,,0.212,8.277,9.709,140.0,
PLASPPlanner-seq,classical-domains,pipesworld-notankage,p09-net1-b14-g6,2004,SOLVED,True,13,,0.213,16.348,17.794,148.86,
PLASPPlanner-seq,classical-domains,pipesworld-notankage,p10-net1-b14-g8,2004,TIMEOUT,,,,0.218,,1800.105,203.7,Hit the task time limit.
PLASPPlanner-seq,classical-domains,pipesworld-notankage,p11-net2-b10-g2,2004,TIMEOUT,,,,0.131,,1800.181,233.24,Hit the task time limit.
PLASPPlanner-seq,classical-domains,pipesworld-notankage,p12-net2-b10-g4,2004,TIMEOUT,,,,0.146,,1800.2,237.78,Hit the task time limit.
PLASPPlanner-seq,classical-domains,pipesworld-notankage,p13-net2-b12-g3,2004,SOLVED,True,16,,0.138,138.363,139.723,174.77,
PLASPPlanner-seq,classical-domains,pipesworld-notankage,p14-net2-b12-g5,2004,TIMEOUT,,,,0.146,,1800.131,226.16,Hit the task time limit.
PLASPPlanner-seq,classical-domains,pipesworld-notankage,p15-net2-b14-g4,2004,TIMEOUT,,,,0.215,,1800.14,260.14,Hit the task time limit.
PLASPPlanner-seq,classical-domains,pipesworld-notankage,p16-net2-b14-g6,2004,TIMEOUT,,,,0.22,,1800.151,240.61,Hit the task time limit.
PLASPPlanner-seq,classical-domains,pipesworld-notankage,p17-net2-b16-g5,2004,TIMEOUT,,,,0.232,,1800.157,270.36,Hit the task time limit.
PLASPPlanner-seq,classical-domains,pipesworld-notankage,p18-net2-b16-g7,2004,TIMEOUT,,,,0.22,,1800.148,231.7,Hit the task time limit.
PLASPPlanner-seq,classical-domains,pipesworld-notankage,p19-net2-b18-g6,2004,TIMEOUT,,,,0.216,,1800.186,263.51,Hit the task time limit.
PLASPPlanner-seq,classical-domains,pipesworld-notankage,p20-net2-b18-g8,2004,TIMEOUT,,,,0.226,,1800.18,271.2,Hit the task time limit.
PLASPPlanner-seq,classical-domains,pipesworld-notankage,p21-net3-b12-g2,2004,SOLVED,True,14,,0.147,10.417,11.897,162.46,
PLASPPlanner-seq,classical-domains,pipesworld-notankage,p22-net3-b12-g4,2004,TIMEOUT,,,,0.211,,1800.163,253.11,Hit the task time limit.
PLASPPlanner-seq,classical-domains,pipesworld-notankage,p23-net3-b14-g3,2004,TIMEOUT,,,,0.214,,1800.138,249.82,Hit the task time limit.
PLASPPlanner-seq,classical-domains,pipesworld-notankage,p24-net3-b14-g5,2004,TIMEOUT,,,,0.218,,1800.144,248.29,Hit the task time limit.
PLASPPlanner-seq,classical-domains,pipesworld-notankage,p25-net3-b16-g5,2004,TIMEOUT,,,,0.239,,1800.195,298.05,Hit the task time limit.
PLASPPlanner-seq,classical-domains,pipesworld-notankage,p26-net3-b16-g7,2004,TIMEOUT,,,,0.225,,1800.204,294.07,Hit the task time limit.
PLASPPlanner-seq,classical-domains,pipesworld-notankage,p27-net3-b18-g6,2004,TIMEOUT,,,,0.239,,1800.211,269.38,Hit the task time limit.
PLASPPlanner-seq,classical-domains,pipesworld-notankage,p28-net3-b18-g7,2004,TIMEOUT,,,,0.224,,1800.223,309.25,Hit the task time limit.
PLASPPlanner-seq,classical-domains,pipesworld-notankage,p29-net3-b20-g6,2004,TIMEOUT,,,,0.233,,1800.242,333.89,Hit the task time limit.
PLASPPlanner-seq,classical-domains,pipesworld-notankage,p30-net3-b20-g8,2004,TIMEOUT,,,,0.238,,1800.243,323.95,Hit the task time limit.
PLASPPlanner-seq,classical-domains,pipesworld-notankage,p31-net4-b14-g3,2004,TIMEOUT,,,,0.219,,1800.168,264.87,Hit the task time limit.
PLASPPlanner-seq,classical-domains,pipesworld-notankage,p32-net4-b14-g5,2004,TIMEOUT,,,,0.232,,1800.17,270.27,Hit the task time limit.
PLASPPlanner-seq,classical-domains,pipesworld-notankage,p33-net4-b16-g5,2004,TIMEOUT,,,,0.226,,1800.202,258.54,Hit the task time limit.
PLASPPlanner-seq,classical-domains,pipesworld-notankage,p34-net4-b16-g6,2004,TIMEOUT,,,,0.227,,1800.217,299.03,Hit the task time limit.
PLASPPlanner-seq,classical-domains,pipesworld-notankage,p35-net4-b18-g4,2004,TIMEOUT,,,,0.239,,1800.234,295.87,Hit the task time limit.
PLASPPlanner-seq,classical-domains,pipesworld-notankage,p36-net4-b18-g6,2004,TIMEOUT,,,,0.23,,1800.27,322.98,Hit the task time limit.
PLASPPlanner-seq,classical-domains,pipesworld-notankage,p37-net4-b20-g5,2004,TIMEOUT,,,,0.234,,1800.271,321.46,Hit the task time limit.
PLASPPlanner-seq,classical-domains,pipesworld-notankage,p38-net4-b20-g7,2004,TIMEOUT,,,,0.223,,1800.221,299.37,Hit the task time limit.
PLASPPlanner-seq,classical-domains,pipesworld-notankage,p39-net4-b22-g7,2004,TIMEOUT,,,,0.253,,1800.316,376.32,Hit the task time limit.
PLASPPlanner-seq,classical-domains,pipesworld-notankage,p40-net4-b22-g8,2004,TIMEOUT,,,,0.236,,1800.299,377.91,Hit the task time limit.
PLASPPlanner-seq,classical-domains,pipesworld-notankage,p41-net5-b22-g2,2004,SOLVED,True,12,,0.232,55.545,57.083,263.05,
PLASPPlanner-seq,classical-domains,pipesworld-notankage,p42-net5-b22-g4,2004,TIMEOUT,,,,0.222,,1800.401,506.91,Hit the task time limit.
PLASPPlanner-seq,classical-domains,pipesworld-notankage,p43-net5-b24-g3,2004,TIMEOUT,,,,0.226,,1800.42,516.86,Hit the task time limit.
PLASPPlanner-seq,classical-domains,pipesworld-notankage,p44-net5-b24-g5,2004,TIMEOUT,,,,0.227,,1800.42,546.3,Hit the task time limit.
PLASPPlanner-seq,classical-domains,pipesworld-notankage,p45-net5-b26-g4,2004,TIMEOUT,,,,0.242,,1800.481,684.95,Hit the task time limit.
PLASPPlanner-seq,classical-domains,pipesworld-notankage,p46-net5-b26-g6,2004,TIMEOUT,,,,0.242,,1800.515,680.37,Hit the task time limit.
PLASPPlanner-seq,classical-domains,pipesworld-notankage,p47-net5-b28-g5,2004,TIMEOUT,,,,0.257,,1800.628,756.25,Hit the task time limit.
PLASPPlanner-seq,classical-domains,pipesworld-notankage,p48-net5-b28-g7,2004,TIMEOUT,,,,0.236,,1800.635,822.64,Hit the task time limit.
PLASPPlanner-seq,classical-domains,pipesworld-notankage,p49-net5-b30-g6,2004,TIMEOUT,,,,0.244,,1800.577,729.5,Hit the task time limit.
PLASPPlanner-seq,classical-domains,pipesworld-notankage,p50-net5-b30-g8,2004,TIMEOUT,,,,0.245,,1800.568,649.54,Hit the task time limit.
PLASPPlanner-seq,classical-domains,pipesworld-tankage,p01-net1-b6-g2-t50,2004,SOLVED,True,5,,0.259,0.134,1.717,128.0,
PLASPPlanner-seq,classical-domains,pipesworld-tankage,p02-net1-b6-g4-t50,2004,SOLVED,True,12,,0.262,12.965,14.592,138.0,
PLASPPlanner-seq,classical-domains,pipesworld-tankage,p03-net1-b8-g3-t80,2004,SOLVED,True,8,,0.28,0.719,2.331,140.0,
PLASPPlanner-seq,classical-domains,pipesworld-tankage,p04-net1-b8-g5-t80,2004,SOLVED,True,11,,0.267,24.627,26.194,153.69,
PLASPPlanner-seq,classical-domains,pipesworld-tankage,p05-net1-b10-g4-t50,2004,SOLVED,True,8,,0.267,1.196,2.732,144.0,
PLASPPlanner-seq,classical-domains,pipesworld-tankage,p06-net1-b10-g6-t50,2004,SOLVED,True,10,,0.278,5.706,7.269,148.0,
PLASPPlanner-seq,classical-domains,pipesworld-tankage,p07-net1-b12-g5-t80,2004,SOLVED,True,8,,0.28,3.405,5.018,174.24,
PLASPPlanner-seq,classical-domains,pipesworld-tankage,p08-net1-b12-g7-t80,2004,SOLVED,True,11,,0.28,464.615,466.192,227.41,
PLASPPlanner-seq,classical-domains,pipesworld-tankage,p09-net1-b14-g6-t50,2004,TIMEOUT,,,,0.273,,1800.181,335.07,Hit the task time limit.
PLASPPlanner-seq,classical-domains,pipesworld-tankage,p10-net1-b14-g8-t50,2004,TIMEOUT,,,,0.298,,1800.198,290.27,Hit the task time limit.
PLASPPlanner-seq,classical-domains,pipesworld-tankage,p11-net2-b10-g2-t30,2004,TIMEOUT,,,,0.258,,1800.156,269.72,Hit the task time limit.
PLASPPlanner-seq,classical-domains,pipesworld-tankage,p12-net2-b10-g4-t60,2004,TIMEOUT,,,,0.309,,1800.23,342.77,Hit the task time limit.
PLASPPlanner-seq,classical-domains,pipesworld-tankage,p13-net2-b12-g3-t70,2004,SOLVED,True,16,,0.269,311.688,313.258,308.94,
PLASPPlanner-seq,classical-domains,pipesworld-tankage,p14-net2-b12-g5-t30,2004,TIMEOUT,,,,0.264,,1800.197,282.21,Hit the task time limit.
PLASPPlanner-seq,classical-domains,pipesworld-tankage,p15-net2-b14-g4-t30,2004,TIMEOUT,,,,0.269,,1800.24,326.23,Hit the task time limit.
PLASPPlanner-seq,classical-domains,pipesworld-tankage,p16-net2-b14-g6-t80,2004,TIMEOUT,,,,0.286,,1800.461,536.11,Hit the task time limit.
PLASPPlanner-seq,classical-domains,pipesworld-tankage,p17-net2-b16-g5-t20,2004,TIMEOUT,,,,0.308,,1800.283,351.29,Hit the task time limit.
PLASPPlanner-seq,classical-domains,pipesworld-tankage,p18-net2-b16-g7-t60,2004,TIMEOUT,,,,0.279,,1800.424,458.72,Hit the task time limit.
PLASPPlanner-seq,classical-domains,pipesworld-tankage,p19-net2-b18-g6-t60,2004,TIMEOUT,,,,0.284,,1800.449,670.36,Hit the task time limit.
PLASPPlanner-seq,classical-domains,pipesworld-tankage,p20-net2-b18-g8-t90,2004,TIMEOUT,,,,0.313,,1800.732,985.04,Hit the task time limit.
PLASPPlanner-seq,classical-domains,pipesworld-tankage,p21-net3-b12-g2-t60,2004,SOLVED,True,14,,0.276,28.104,29.64,229.41,
PLASPPlanner-seq,classical-domains,pipesworld-tankage,p22-net3-b12-g4-t60,2004,TIMEOUT,,,,0.289,,1800.302,351.85,Hit the task time limit.
PLASPPlanner-seq,classical-domains,pipesworld-tankage,p23-net3-b14-g3-t60,2004,TIMEOUT,,,,0.311,,1800.385,549.86,Hit the task time limit.
PLASPPlanner-seq,classical-domains,pipesworld-tankage,p24-net3-b14-g5-t60,2004,TIMEOUT,,,,0.283,,1800.42,584.7,Hit the task time limit.
PLASPPlanner-seq,classical-domains,pipesworld-tankage,p25-net3-b16-g5-t60,2004,TIMEOUT,,,,0.311,,1800.763,1004.88,Hit the task time limit.
PLASPPlanner-seq,classical-domains,pipesworld-tankage,p26-net3-b16-g7-t70,2004,TIMEOUT,,,,0.32,,1800.825,950.75,Hit the task time limit.
PLASPPlanner-seq,classical-domains,pipesworld-tankage,p27-net3-b18-g6-t70,2004,TIMEOUT,,,,0.305,,1800.741,884.7,Hit the task time limit.
PLASPPlanner-seq,classical-domains,pipesworld-tankage,p28-net3-b18-g7-t70,2004,TIMEOUT,,,,0.303,,1800.863,1005.07,Hit the task time limit.
PLASPPlanner-seq,classical-domains,pipesworld-tankage,p29-net3-b20-g6-t70,2004,TIMEOUT,,,,0.317,,1801.083,1250.86,Hit the task time limit.
PLASPPlanner-seq,classical-domains,pipesworld-tankage,p30-net3-b20-g8-t70,2004,TIMEOUT,,,,0.327,,1801.173,1290.15,Hit the task time limit.
PLASPPlanner-seq,classical-domains,pipesworld-tankage,p31-net4-b14-g3-t20,2004,TIMEOUT,,,,0.268,,1800.229,269.42,Hit the task time limit.
PLASPPlanner-seq,classical-domains,pipesworld-tankage,p32-net4-b14-g5-t30,2004,TIMEOUT,,,,0.275,,1800.364,399.87,Hit the task time limit.
PLASPPlanner-seq,classical-domains,pipesworld-tankage,p33-net4-b16-g5-t60,2004,TIMEOUT,,,,0.292,,1800.586,686.3,Hit the task time limit.
PLASPPlanner-seq,classical-domains,pipesworld-tankage,p34-net4-b16-g6-t60,2004,TIMEOUT,,,,0.298,,1800.642,828.92,Hit the task time limit.
PLASPPlanner-seq,classical-domains,pipesworld-tankage,p35-net4-b18-g4-t90,2004,TIMEOUT,,,,0.358,,1801.061,991.99,Hit the task time limit.
PLASPPlanner-seq,classical-domains,pipesworld-tankage,p36-net4-b18-g6-t90,2004,TIMEOUT,,,,0.342,,1801.08,1061.42,Hit the task time limit.
PLASPPlanner-seq,classical-domains,pipesworld-tankage,p37-net4-b20-g5-t60,2004,TIMEOUT,,,,0.308,,1800.848,1112.65,Hit the task time limit.
PLASPPlanner-seq,classical-domains,pipesworld-tankage,p38-net4-b20-g7-t60,2004,TIMEOUT,,,,0.304,,1800.864,842.22,Hit the task time limit.
PLASPPlanner-seq,classical-domains,pipesworld-tankage,p39-net4-b22-g7-t50,2004,TIMEOUT,,,,0.308,,1801.095,1679.47,Hit the task time limit.
PLASPPlanner-seq,classical-domains,pipesworld-tankage,p40-net4-b22-g8-t50,2004,TIMEOUT,,,,0.33,,1801.047,1009.38,Hit the task time limit.
PLASPPlanner-seq,classical-domains,pipesworld-tankage,p41-net5-b22-g2-t20,2004,TIMEOUT,,,,0.302,,1800.639,848.0,Hit the task time limit.
PLASPPlanner-seq,classical-domains,pipesworld-tankage,p42-net5-b22-g4-t50,2004,TIMEOUT,,,,0.339,,1801.959,1715.6,Hit the task time limit.
PLASPPlanner-seq,classical-domains,pipesworld-tankage,p43-net5-b24-g3-t80,2004,TIMEOUT,,,,0.363,,1802.69,1604.75,Hit the task time limit.
PLASPPlanner-seq,classical-domains,pipesworld-tankage,p44-net5-b24-g5-t80,2004,TIMEOUT,,,,0.361,,1802.793,1733.36,Hit the task time limit.
PLASPPlanner-seq,classical-domains,pipesworld-tankage,p45-net5-b26-g4-t50,2004,TIMEOUT,,,,0.334,,1802.098,1414.52,Hit the task time limit.
PLASPPlanner-seq,classical-domains,pipesworld-tankage,p46-net5-b26-g6-t50,2004,TIMEOUT,,,,0.341,,1801.915,1412.29,Hit the task time limit.
PLASPPlanner-seq,classical-domains,pipesworld-tankage,p47-net5-b28-g5-t50,2004,TIMEOUT,,,,0.369,,1802.467,1667.62,Hit the task time limit.
PLASPPlanner-seq,classical-domains,pipesworld-tankage,p48-net5-b28-g7-t50,2004,TIMEOUT,,,,0.377,,1802.733,1772.19,Hit the task time limit.
PLASPPlanner-seq,classical-domains,pipesworld-tankage,p49-net5-b30-g6-t50,2004,TIMEOUT,,,,0.365,,1802.485,1533.88,Hit the task time limit.
PLASPPlanner-seq,classical-domains,pipesworld-tankage,p50-net5-b30-g8-t50,2004,TIMEOUT,,,,0.369,,1803.112,1881.27,Hit the task time limit.
PLASPPlanner-seq,classical-domains,psr-large,p01-s29-n2-l5-f30,2004,ERROR,,,,,,1.338,118.0,"ParseException: Expected ')', found '(' (at char 23), (line:2, col:3)"
PLASPPlanner-seq,classical-domains,psr-large,p02-s46-n3-l5-f50,2004,ERROR,,,,,,1.321,118.0,"ParseException: Expected ')', found '(' (at char 23), (line:2, col:3)"
PLASPPlanner-seq,classical-domains,psr-large,p03-s53-n4-l3-f30,2004,ERROR,,,,,,1.289,120.0,"ParseException: Expected ')', found '(' (at char 23), (line:2, col:3)"
PLASPPlanner-seq,classical-domains,psr-large,p04-s66-n5-l2-f50,2004,ERROR,,,,,,1.316,118.0,"ParseException: Expected ')', found '(' (at char 23), (line:2, col:3)"
PLASPPlanner-seq,classical-domains,psr-large,p05-s71-n5-l3-f70,2004,ERROR,,,,,,1.255,120.0,"ParseException: Expected ')', found '(' (at char 23), (line:2, col:3)"
PLASPPlanner-seq,classical-domains,psr-large,p06-s74-n5-l4-f50,2004,ERROR,,,,,,1.34,120.0,"ParseException: Expected ')', found '(' (at char 23), (line:2, col:3)"
PLASPPlanner-seq,classical-domains,psr-large,p07-s81-n6-l2-f30,2004,ERROR,,,,,,1.302,118.0,"ParseException: Expected ')', found '(' (at char 23), (line:2, col:3)"
PLASPPlanner-seq,classical-domains,psr-large,p08-s87-n6-l3-f70,2004,ERROR,,,,,,1.319,118.0,"ParseException: Expected ')', found '(' (at char 23), (line:2, col:3)"
PLASPPlanner-seq,classical-domains,psr-large,p09-s90-n6-l4-f50,2004,ERROR,,,,,,1.292,120.0,"ParseException: Expected ')', found '(' (at char 23), (line:2, col:3)"
PLASPPlanner-seq,classical-domains,psr-large,p10-s93-n6-l5-f30,2004,ERROR,,,,,,1.327,120.0,"ParseException: Expected ')', found '(' (at char 23), (line:2, col:3)"
PLASPPlanner-seq,classical-domains,psr-large,p11-s100-n7-l3-f10,2004,ERROR,,,,,,1.238,118.0,"ParseException: Expected ')', found '(' (at char 23), (line:2, col:3)"
PLASPPlanner-seq,classical-domains,psr-large,p12-s103-n7-l3-f70,2004,ERROR,,,,,,1.337,118.0,"ParseException: Expected ')', found '(' (at char 23), (line:2, col:3)"
PLASPPlanner-seq,classical-domains,psr-large,p13-s106-n7-l4-f50,2004,ERROR,,,,,,1.336,116.0,"ParseException: Expected ')', found '(' (at char 23), (line:2, col:3)"
PLASPPlanner-seq,classical-domains,psr-large,p14-s112-n8-l2-f10,2004,ERROR,,,,,,1.309,120.0,"ParseException: Expected ')', found '(' (at char 23), (line:2, col:3)"
PLASPPlanner-seq,classical-domains,psr-large,p15-s114-n8-l2-f50,2004,ERROR,,,,,,1.32,118.0,"ParseException: Expected ')', found '(' (at char 23), (line:2, col:3)"
PLASPPlanner-seq,classical-domains,psr-large,p16-s119-n8-l3-f70,2004,ERROR,,,,,,1.312,116.0,"ParseException: Expected ')', found '(' (at char 23), (line:2, col:3)"
PLASPPlanner-seq,classical-domains,psr-large,p17-s129-n9-l2-f30,2004,ERROR,,,,,,1.27,118.0,"ParseException: Expected ')', found '(' (at char 23), (line:2, col:3)"
PLASPPlanner-seq,classical-domains,psr-large,p18-s133-n9-l3-f30,2004,ERROR,,,,,,1.299,120.0,"ParseException: Expected ')', found '(' (at char 23), (line:2, col:3)"
PLASPPlanner-seq,classical-domains,psr-large,p19-s144-n10-l2-f10,2004,ERROR,,,,,,1.288,120.0,"ParseException: Expected ')', found '(' (at char 23), (line:2, col:3)"
PLASPPlanner-seq,classical-domains,psr-large,p20-s149-n10-l3-f30,2004,ERROR,,,,,,1.262,120.0,"ParseException: Expected ')', found '(' (at char 23), (line:2, col:3)"
PLASPPlanner-seq,classical-domains,psr-large,p21-s160-n12-l2-f10,2004,ERROR,,,,,,1.349,118.0,"ParseException: Expected ')', found '(' (at char 23), (line:2, col:3)"
PLASPPlanner-seq,classical-domains,psr-large,p22-s162-n12-l3-f10,2004,ERROR,,,,,,1.266,118.0,"ParseException: Expected ')', found '(' (at char 23), (line:2, col:3)"
PLASPPlanner-seq,classical-domains,psr-large,p23-s164-n15-l2-f10,2004,ERROR,,,,,,1.32,120.0,"ParseException: Expected ')', found '(' (at char 23), (line:2, col:3)"
PLASPPlanner-seq,classical-domains,psr-large,p24-s166-n15-l3-f10,2004,ERROR,,,,,,1.282,120.0,"ParseException: Expected ')', found '(' (at char 23), (line:2, col:3)"
PLASPPlanner-seq,classical-domains,psr-large,p25-s168-n20-l2-f10,2004,ERROR,,,,,,1.298,118.0,"ParseException: Expected ')', found '(' (at char 23), (line:2, col:3)"
PLASPPlanner-seq,classical-domains,psr-large,p26-s170-n20-l3-f10,2004,ERROR,,,,,,1.307,118.0,"ParseException: Expected ')', found '(' (at char 23), (line:2, col:3)"
PLASPPlanner-seq,classical-domains,psr-large,p27-s172-n25-l2-f10,2004,ERROR,,,,,,1.317,120.0,"ParseException: Expected ')', found '(' (at char 23), (line:2, col:3)"
PLASPPlanner-seq,classical-domains,psr-large,p28-s174-n25-l3-f10,2004,ERROR,,,,,,1.323,120.0,"ParseException: Expected ')', found '(' (at char 23), (line:2, col:3)"
PLASPPlanner-seq,classical-domains,psr-large,p29-s177-n30-l2-f30,2004,ERROR,,,,,,1.274,118.0,"ParseException: Expected ')', found '(' (at char 23), (line:2, col:3)"
PLASPPlanner-seq,classical-domains,psr-large,p30-s179-n30-l3-f30,2004,ERROR,,,,,,1.326,120.0,"ParseException: Expected ')', found '(' (at char 23), (line:2, col:3)"
PLASPPlanner-seq,classical-domains,psr-large,p31-s181-n35-l2-f30,2004,ERROR,,,,,,1.325,120.0,"ParseException: Expected ')', found '(' (at char 23), (line:2, col:3)"
PLASPPlanner-seq,classical-domains,psr-large,p32-s183-n35-l3-f30,2004,ERROR,,,,,,1.318,116.0,"ParseException: Expected ')', found '(' (at char 23), (line:2, col:3)"
PLASPPlanner-seq,classical-domains,psr-large,p33-s185-n40-l2-f30,2004,ERROR,,,,,,1.34,118.0,"ParseException: Expected ')', found '(' (at char 23), (line:2, col:3)"
PLASPPlanner-seq,classical-domains,psr-large,p34-s187-n40-l3-f30,2004,ERROR,,,,,,1.324,118.0,"ParseException: Expected ')', found '(' (at char 23), (line:2, col:3)"
PLASPPlanner-seq,classical-domains,psr-large,p35-s189-n45-l2-f30,2004,ERROR,,,,,,1.323,120.0,"ParseException: Expected ')', found '(' (at char 23), (line:2, col:3)"
PLASPPlanner-seq,classical-domains,psr-large,p36-s191-n45-l3-f30,2004,ERROR,,,,,,1.327,120.0,"ParseException: Expected ')', found '(' (at char 23), (line:2, col:3)"
PLASPPlanner-seq,classical-domains,psr-large,p37-s193-n50-l2-f30,2004,ERROR,,,,,,1.267,116.0,"ParseException: Expected ')', found '(' (at char 23), (line:2, col:3)"
PLASPPlanner-seq,classical-domains,psr-large,p38-s195-n50-l3-f30,2004,ERROR,,,,,,1.32,118.0,"ParseException: Expected ')', found '(' (at char 23), (line:2, col:3)"
PLASPPlanner-seq,classical-domains,psr-large,p39-s197-n55-l2-f30,2004,ERROR,,,,,,1.256,120.0,"ParseException: Expected ')', found '(' (at char 23), (line:2, col:3)"
PLASPPlanner-seq,classical-domains,psr-large,p40-s199-n55-l3-f30,2004,ERROR,,,,,,1.333,116.0,"ParseException: Expected ')', found '(' (at char 23), (line:2, col:3)"
PLASPPlanner-seq,classical-domains,psr-large,p41-s201-n60-l2-f30,2004,ERROR,,,,,,1.288,120.0,"ParseException: Expected ')', found '(' (at char 23), (line:2, col:3)"
PLASPPlanner-seq,classical-domains,psr-large,p42-s203-n60-l3-f30,2004,ERROR,,,,,,1.26,118.0,"ParseException: Expected ')', found '(' (at char 23), (line:2, col:3)"
PLASPPlanner-seq,classical-domains,psr-large,p43-s205-n70-l2-f30,2004,ERROR,,,,,,1.325,120.0,"ParseException: Expected ')', found '(' (at char 23), (line:2, col:3)"
PLASPPlanner-seq,classical-domains,psr-large,p44-s207-n70-l3-f30,2004,ERROR,,,,,,1.334,118.0,"ParseException: Expected ')', found '(' (at char 23), (line:2, col:3)"
PLASPPlanner-seq,classical-domains,psr-large,p45-s209-n80-l2-f30,2004,ERROR,,,,,,1.336,120.0,"ParseException: Expected ')', found '(' (at char 23), (line:2, col:3)"
PLASPPlanner-seq,classical-domains,psr-large,p46-s211-n80-l3-f30,2004,ERROR,,,,,,1.318,120.0,"ParseException: Expected ')', found '(' (at char 23), (line:2, col:3)"
PLASPPlanner-seq,classical-domains,psr-large,p47-s213-n90-l2-f30,2004,ERROR,,,,,,1.315,120.0,"ParseException: Expected ')', found '(' (at char 23), (line:2, col:3)"
PLASPPlanner-seq,classical-domains,psr-large,p48-s215-n90-l3-f30,2004,ERROR,,,,,,1.325,118.0,"ParseException: Expected ')', found '(' (at char 23), (line:2, col:3)"
PLASPPlanner-seq,classical-domains,psr-large,p49-s217-n100-l2-f30,2004,ERROR,,,,,,1.281,118.0,"ParseException: Expected ')', found '(' (at char 23), (line:2, col:3)"
PLASPPlanner-seq,classical-domains,psr-large,p50-s219-n100-l3-f30,2004,ERROR,,,,,,1.229,118.0,"ParseException: Expected ')', found '(' (at char 23), (line:2, col:3)"
PLASPPlanner-seq,classical-domains,psr-middle,p01-s17-n2-l2-f30,2004,ERROR,,,,,,1.312,120.0,"ParseException: Expected ')', found '(' (at char 23), (line:2, col:3)"
PLASPPlanner-seq,classical-domains,psr-middle,p02-s23-n2-l3-f70,2004,ERROR,,,,,,1.36,118.0,"ParseException: Expected ')', found '(' (at char 23), (line:2, col:3)"
PLASPPlanner-seq,classical-domains,psr-middle,p03-s28-n2-l5-f10,2004,ERROR,,,,,,1.308,120.0,"ParseException: Expected ')', found '(' (at char 23), (line:2, col:3)"
PLASPPlanner-seq,classical-domains,psr-middle,p04-s31-n2-l5-f70,2004,ERROR,,,,,,1.319,120.0,"ParseException: Expected ')', found '(' (at char 23), (line:2, col:3)"
PLASPPlanner-seq,classical-domains,psr-middle,p05-s34-n3-l2-f50,2004,ERROR,,,,,,1.293,120.0,"ParseException: Expected ')', found '(' (at char 23), (line:2, col:3)"
PLASPPlanner-seq,classical-domains,psr-middle,p06-s37-n3-l3-f30,2004,ERROR,,,,,,1.27,120.0,"ParseException: Expected ')', found '(' (at char 23), (line:2, col:3)"
PLASPPlanner-seq,classical-domains,psr-middle,p07-s38-n3-l3-f50,2004,ERROR,,,,,,1.326,120.0,"ParseException: Expected ')', found '(' (at char 23), (line:2, col:3)"
PLASPPlanner-seq,classical-domains,psr-middle,p08-s40-n3-l4-f10,2004,ERROR,,,,,,1.316,120.0,"ParseException: Expected ')', found '(' (at char 23), (line:2, col:3)"
PLASPPlanner-seq,classical-domains,psr-middle,p09-s42-n3-l4-f50,2004,ERROR,,,,,,1.299,118.0,"ParseException: Expected ')', found '(' (at char 23), (line:2, col:3)"
PLASPPlanner-seq,classical-domains,psr-middle,p10-s45-n3-l5-f30,2004,ERROR,,,,,,1.324,118.0,"ParseException: Expected ')', found '(' (at char 23), (line:2, col:3)"
PLASPPlanner-seq,classical-domains,psr-middle,p11-s46-n3-l5-f50,2004,ERROR,,,,,,1.319,118.0,"ParseException: Expected ')', found '(' (at char 23), (line:2, col:3)"
PLASPPlanner-seq,classical-domains,psr-middle,p12-s50-n4-l2-f50,2004,ERROR,,,,,,1.303,120.0,"ParseException: Expected ')', found '(' (at char 23), (line:2, col:3)"
PLASPPlanner-seq,classical-domains,psr-middle,p13-s53-n4-l3-f30,2004,ERROR,,,,,,1.303,120.0,"ParseException: Expected ')', found '(' (at char 23), (line:2, col:3)"
PLASPPlanner-seq,classical-domains,psr-middle,p14-s55-n4-l3-f70,2004,ERROR,,,,,,1.306,118.0,"ParseException: Expected ')', found '(' (at char 23), (line:2, col:3)"
PLASPPlanner-seq,classical-domains,psr-middle,p15-s56-n4-l4-f10,2004,ERROR,,,,,,1.242,120.0,"ParseException: Expected ')', found '(' (at char 23), (line:2, col:3)"
PLASPPlanner-seq,classical-domains,psr-middle,p16-s60-n4-l5-f10,2004,ERROR,,,,,,1.308,120.0,"ParseException: Expected ')', found '(' (at char 23), (line:2, col:3)"
PLASPPlanner-seq,classical-domains,psr-middle,p17-s61-n4-l5-f30,2004,ERROR,,,,,,1.316,118.0,"ParseException: Expected ')', found '(' (at char 23), (line:2, col:3)"
PLASPPlanner-seq,classical-domains,psr-middle,p18-s62-n4-l5-f50,2004,ERROR,,,,,,1.246,120.0,"ParseException: Expected ')', found '(' (at char 23), (line:2, col:3)"
PLASPPlanner-seq,classical-domains,psr-middle,p19-s66-n5-l2-f50,2004,ERROR,,,,,,1.334,118.0,"ParseException: Expected ')', found '(' (at char 23), (line:2, col:3)"
PLASPPlanner-seq,classical-domains,psr-middle,p20-s69-n5-l3-f30,2004,ERROR,,,,,,1.331,120.0,"ParseException: Expected ')', found '(' (at char 23), (line:2, col:3)"
PLASPPlanner-seq,classical-domains,psr-middle,p21-s72-n5-l4-f10,2004,ERROR,,,,,,1.269,120.0,"ParseException: Expected ')', found '(' (at char 23), (line:2, col:3)"
PLASPPlanner-seq,classical-domains,psr-middle,p22-s74-n5-l4-f50,2004,ERROR,,,,,,1.302,120.0,"ParseException: Expected ')', found '(' (at char 23), (line:2, col:3)"
PLASPPlanner-seq,classical-domains,psr-middle,p23-s76-n5-l5-f10,2004,ERROR,,,,,,1.249,116.0,"ParseException: Expected ')', found '(' (at char 23), (line:2, col:3)"
PLASPPlanner-seq,classical-domains,psr-middle,p24-s77-n5-l5-f30,2004,ERROR,,,,,,1.296,120.0,"ParseException: Expected ')', found '(' (at char 23), (line:2, col:3)"
PLASPPlanner-seq,classical-domains,psr-middle,p25-s81-n6-l2-f30,2004,ERROR,,,,,,1.293,120.0,"ParseException: Expected ')', found '(' (at char 23), (line:2, col:3)"
PLASPPlanner-seq,classical-domains,psr-middle,p26-s85-n6-l3-f30,2004,ERROR,,,,,,1.265,120.0,"ParseException: Expected ')', found '(' (at char 23), (line:2, col:3)"
PLASPPlanner-seq,classical-domains,psr-middle,p27-s86-n6-l3-f50,2004,ERROR,,,,,,1.282,120.0,"ParseException: Expected ')', found '(' (at char 23), (line:2, col:3)"
PLASPPlanner-seq,classical-domains,psr-middle,p28-s88-n6-l4-f10,2004,ERROR,,,,,,1.309,118.0,"ParseException: Expected ')', found '(' (at char 23), (line:2, col:3)"
PLASPPlanner-seq,classical-domains,psr-middle,p29-s89-n6-l4-f30,2004,ERROR,,,,,,1.283,120.0,"ParseException: Expected ')', found '(' (at char 23), (line:2, col:3)"
PLASPPlanner-seq,classical-domains,psr-middle,p30-s90-n6-l4-f50,2004,ERROR,,,,,,1.317,116.0,"ParseException: Expected ')', found '(' (at char 23), (line:2, col:3)"
PLASPPlanner-seq,classical-domains,psr-middle,p31-s92-n6-l5-f10,2004,ERROR,,,,,,1.261,120.0,"ParseException: Expected ')', found '(' (at char 23), (line:2, col:3)"
PLASPPlanner-seq,classical-domains,psr-middle,p32-s93-n6-l5-f30,2004,ERROR,,,,,,1.307,120.0,"ParseException: Expected ')', found '(' (at char 23), (line:2, col:3)"
PLASPPlanner-seq,classical-domains,psr-middle,p33-s100-n7-l3-f10,2004,ERROR,,,,,,1.308,120.0,"ParseException: Expected ')', found '(' (at char 23), (line:2, col:3)"
PLASPPlanner-seq,classical-domains,psr-middle,p34-s102-n7-l3-f50,2004,ERROR,,,,,,1.287,120.0,"ParseException: Expected ')', found '(' (at char 23), (line:2, col:3)"
PLASPPlanner-seq,classical-domains,psr-middle,p35-s103-n7-l3-f70,2004,ERROR,,,,,,1.318,120.0,"ParseException: Expected ')', found '(' (at char 23), (line:2, col:3)"
PLASPPlanner-seq,classical-domains,psr-middle,p36-s106-n7-l4-f50,2004,ERROR,,,,,,1.308,120.0,"ParseException: Expected ')', found '(' (at char 23), (line:2, col:3)"
PLASPPlanner-seq,classical-domains,psr-middle,p37-s108-n7-l5-f10,2004,ERROR,,,,,,1.247,116.0,"ParseException: Expected ')', found '(' (at char 23), (line:2, col:3)"
PLASPPlanner-seq,classical-domains,psr-middle,p38-s109-n7-l5-f30,2004,ERROR,,,,,,1.308,120.0,"ParseException: Expected ')', found '(' (at char 23), (line:2, col:3)"
PLASPPlanner-seq,classical-domains,psr-middle,p39-s112-n8-l2-f10,2004,ERROR,,,,,,1.321,118.0,"ParseException: Expected ')', found '(' (at char 23), (line:2, col:3)"
PLASPPlanner-seq,classical-domains,psr-middle,p40-s114-n8-l2-f50,2004,ERROR,,,,,,1.288,116.0,"ParseException: Expected ')', found '(' (at char 23), (line:2, col:3)"
PLASPPlanner-seq,classical-domains,psr-middle,p41-s116-n8-l3-f10,2004,ERROR,,,,,,1.33,120.0,"ParseException: Expected ')', found '(' (at char 23), (line:2, col:3)"
PLASPPlanner-seq,classical-domains,psr-middle,p42-s120-n8-l4-f10,2004,ERROR,,,,,,1.309,120.0,"ParseException: Expected ')', found '(' (at char 23), (line:2, col:3)"
PLASPPlanner-seq,classical-domains,psr-middle,p43-s123-n8-l4-f70,2004,ERROR,,,,,,1.264,120.0,"ParseException: Expected ')', found '(' (at char 23), (line:2, col:3)"
PLASPPlanner-seq,classical-domains,psr-middle,p44-s131-n9-l2-f70,2004,ERROR,,,,,,1.261,120.0,"ParseException: Expected ')', found '(' (at char 23), (line:2, col:3)"
PLASPPlanner-seq,classical-domains,psr-middle,p45-s132-n9-l3-f10,2004,ERROR,,,,,,1.304,120.0,"ParseException: Expected ')', found '(' (at char 23), (line:2, col:3)"
PLASPPlanner-seq,classical-domains,psr-middle,p46-s135-n9-l3-f70,2004,ERROR,,,,,,1.238,120.0,"ParseException: Expected ')', found '(' (at char 23), (line:2, col:3)"
PLASPPlanner-seq,classical-domains,psr-middle,p47-s139-n9-l4-f70,2004,ERROR,,,,,,1.293,116.0,"ParseException: Expected ')', found '(' (at char 23), (line:2, col:3)"
PLASPPlanner-seq,classical-domains,psr-middle,p48-s144-n10-l2-f10,2004,ERROR,,,,,,1.339,116.0,"ParseException: Expected ')', found '(' (at char 23), (line:2, col:3)"
PLASPPlanner-seq,classical-domains,psr-middle,p49-s149-n10-l3-f30,2004,ERROR,,,,,,1.31,118.0,"ParseException: Expected ')', found '(' (at char 23), (line:2, col:3)"
PLASPPlanner-seq,classical-domains,psr-middle,p50-s153-n10-l4-f30,2004,ERROR,,,,,,1.287,116.0,"ParseException: Expected ')', found '(' (at char 23), (line:2, col:3)"
PLASPPlanner-seq,classical-domains,psr-small,p01-s2-n1-l2-f50,2004,SOLVED,True,8,,0.08,0.039,1.463,124.0,
PLASPPlanner-seq,classical-domains,psr-small,p02-s5-n1-l3-f30,2004,SOLVED,True,11,,0.249,0.091,1.674,126.0,
PLASPPlanner-seq,classical-domains,psr-small,p03-s7-n1-l3-f70,2004,SOLVED,True,11,,0.119,0.063,1.478,126.0,
PLASPPlanner-seq,classical-domains,psr-small,p04-s8-n1-l4-f10,2004,SOLVED,True,10,,0.348,0.116,1.804,128.0,
PLASPPlanner-seq,classical-domains,psr-small,p05-s9-n1-l4-f30,2004,SOLVED,True,11,,0.258,0.094,1.646,126.0,
PLASPPlanner-seq,classical-domains,psr-small,p06-s10-n1-l4-f50,2004,SOLVED,True,8,,0.118,0.053,1.492,122.0,
PLASPPlanner-seq,classical-domains,psr-small,p07-s11-n1-l4-f70,2004,SOLVED,True,11,,0.226,0.077,1.607,124.0,
PLASPPlanner-seq,classical-domains,psr-small,p08-s12-n1-l5-f10,2004,SOLVED,True,8,,0.242,0.073,1.632,126.0,
PLASPPlanner-seq,classical-domains,psr-small,p09-s13-n1-l5-f30,2004,SOLVED,True,8,,0.229,0.07,1.587,124.0,
PLASPPlanner-seq,classical-domains,psr-small,p10-s17-n2-l2-f30,2004,SOLVED,True,7,,0.506,0.181,2.11,130.0,
PLASPPlanner-seq,classical-domains,psr-small,p11-s18-n2-l2-f50,2004,SOLVED,True,19,,0.283,0.249,1.848,128.0,
PLASPPlanner-seq,classical-domains,psr-small,p12-s21-n2-l3-f30,2004,SOLVED,True,16,,0.258,0.145,1.728,128.0,
PLASPPlanner-seq,classical-domains,psr-small,p13-s22-n2-l3-f50,2004,SOLVED,True,15,,0.251,0.138,1.69,126.0,
PLASPPlanner-seq,classical-domains,psr-small,p14-s23-n2-l3-f70,2004,SOLVED,True,9,,0.281,0.1,1.736,126.0,
PLASPPlanner-seq,classical-domains,psr-small,p15-s24-n2-l4-f10,2004,SOLVED,True,10,,5.933,1.151,8.788,193.71,
PLASPPlanner-seq,classical-domains,psr-small,p16-s29-n2-l5-f30,2004,SOLVED,True,25,,0.613,2.081,4.102,138.0,
PLASPPlanner-seq,classical-domains,psr-small,p17-s30-n2-l5-f50,2004,SOLVED,True,9,,0.279,0.098,1.713,126.0,
PLASPPlanner-seq,classical-domains,psr-small,p18-s31-n2-l5-f70,2004,SOLVED,True,12,,0.365,0.16,1.87,130.0,
PLASPPlanner-seq,classical-domains,psr-small,p19-s33-n3-l2-f30,2004,SOLVED,True,25,,0.914,6.718,9.077,142.0,
PLASPPlanner-seq,classical-domains,psr-small,p20-s34-n3-l2-f50,2004,SOLVED,True,17,,0.354,0.268,1.986,132.0,
PLASPPlanner-seq,classical-domains,psr-small,p21-s35-n3-l2-f70,2004,SOLVED,True,10,,0.352,0.135,1.888,128.0,
PLASPPlanner-seq,classical-domains,psr-small,p22-s37-n3-l3-f30,2004,SOLVED,True,33,,0.577,80.738,82.738,156.0,
PLASPPlanner-seq,classical-domains,psr-small,p23-s38-n3-l3-f50,2004,SOLVED,True,12,,0.449,0.2,2.015,130.0,
PLASPPlanner-seq,classical-domains,psr-small,p24-s39-n3-l3-f70,2004,SOLVED,True,10,,0.34,0.132,1.832,126.0,
PLASPPlanner-seq,classical-domains,psr-small,p25-s40-n3-l4-f10,2004,SOLVED,True,9,,127.407,25.44,159.637,1551.27,
PLASPPlanner-seq,classical-domains,psr-small,p26-s41-n3-l4-f30,2004,SOLVED,True,17,,0.347,0.255,1.961,130.0,
PLASPPlanner-seq,classical-domains,psr-small,p27-s42-n3-l4-f50,2004,SOLVED,True,21,,0.385,0.817,2.576,134.0,
PLASPPlanner-seq,classical-domains,psr-small,p28-s43-n3-l4-f70,2004,SOLVED,True,14,,0.345,0.168,1.861,126.0,
PLASPPlanner-seq,classical-domains,psr-small,p29-s45-n3-l5-f30,2004,SOLVED,True,21,,1.029,4.36,6.787,142.0,
PLASPPlanner-seq,classical-domains,psr-small,p30-s46-n3-l5-f50,2004,SOLVED,True,22,,0.521,1.645,3.482,138.0,
PLASPPlanner-seq,classical-domains,psr-small,p31-s49-n4-l2-f30,2004,SOLVED,True,19,,6.503,2.222,10.4,208.86,
PLASPPlanner-seq,classical-domains,psr-small,p32-s50-n4-l2-f50,2004,SOLVED,True,24,,0.578,1.649,3.691,138.0,
PLASPPlanner-seq,classical-domains,psr-small,p33-s51-n4-l2-f70,2004,SOLVED,True,21,,0.618,1.222,3.184,140.0,
PLASPPlanner-seq,classical-domains,psr-small,p34-s55-n4-l3-f70,2004,SOLVED,True,21,,0.48,0.687,2.457,138.0,
PLASPPlanner-seq,classical-domains,psr-small,p35-s57-n5-l2-f30,2004,SOLVED,True,22,,0.7,2.982,4.999,144.0,
PLASPPlanner-seq,classical-domains,psr-small,p36-s65-n6-l2-f30,2004,SOLVED,True,22,,2.697,5.923,10.115,169.96,
PLASPPlanner-seq,classical-domains,psr-small,p37-s67-n6-l2-f70,2004,SOLVED,True,23,,0.493,2.118,3.886,138.0,
PLASPPlanner-seq,classical-domains,psr-small,p38-s78-n3-l3-f50,2004,SOLVED,True,13,,0.382,0.189,1.818,128.0,
PLASPPlanner-seq,classical-domains,psr-small,p39-s79-n3-l3-f70,2004,SOLVED,True,23,,0.456,1.739,3.543,136.0,
PLASPPlanner-seq,classical-domains,psr-small,p40-s80-n3-l4-f10,2004,SOLVED,True,20,,7.364,3.242,12.362,235.79,
PLASPPlanner-seq,classical-domains,psr-small,p41-s81-n3-l4-f30,2004,SOLVED,True,10,,0.365,0.142,1.779,126.0,
PLASPPlanner-seq,classical-domains,psr-small,p42-s82-n3-l4-f50,2004,SOLVED,True,30,,0.485,6.666,8.428,142.0,
PLASPPlanner-seq,classical-domains,psr-small,p43-s83-n3-l4-f70,2004,SOLVED,True,20,,0.383,0.463,2.126,134.0,
PLASPPlanner-seq,classical-domains,psr-small,p44-s89-n4-l2-f30,2004,SOLVED,True,19,,0.428,0.974,2.671,134.0,
PLASPPlanner-seq,classical-domains,psr-small,p45-s94-n4-l3-f50,2004,SOLVED,True,20,,0.404,0.656,2.431,132.0,
PLASPPlanner-seq,classical-domains,psr-small,p46-s97-n5-l2-f30,2004,SOLVED,True,34,,0.559,79.548,81.489,154.0,
PLASPPlanner-seq,classical-domains,psr-small,p47-s98-n5-l2-f50,2004,SOLVED,True,27,,0.502,7.207,8.971,140.0,
PLASPPlanner-seq,classical-domains,psr-small,p48-s101-n5-l3-f30,2004,SOLVED,True,37,,1.065,459.77,462.221,189.03,
PLASPPlanner-seq,classical-domains,psr-small,p49-s105-n6-l2-f30,2004,TIMEOUT,,,,1.209,,1800.237,214.58,Hit the task time limit.
PLASPPlanner-seq,classical-domains,psr-small,p50-s107-n6-l2-f70,2004,SOLVED,True,23,,0.898,2.313,4.568,145.93,
PLASPPlanner-seq,classical-domains,rovers,p01,2006,SOLVED,True,10,,0.133,0.193,1.55,128.0,
PLASPPlanner-seq,classical-domains,rovers,p02,2006,SOLVED,True,8,,0.141,0.193,1.682,126.0,
PLASPPlanner-seq,classical-domains,rovers,p03,2006,SOLVED,True,11,,0.148,0.169,1.672,128.0,
PLASPPlanner-seq,classical-domains,rovers,p04,2006,SOLVED,True,8,,0.14,0.109,1.579,126.0,
PLASPPlanner-seq,classical-domains,rovers,p05,2006,TIMEOUT,,,,0.23,,1800.068,160.0,Hit the task time limit.
PLASPPlanner-seq,classical-domains,rovers,p06,2006,TIMEOUT,,,,0.228,,1800.082,168.0,Hit the task time limit.
PLASPPlanner-seq,classical-domains,rovers,p07,2006,TIMEOUT,,,,0.242,,1800.074,160.0,Hit the task time limit.
PLASPPlanner-seq,classical-domains,rovers,p08,2006,TIMEOUT,,,,0.268,,1800.091,167.82,Hit the task time limit.
PLASPPlanner-seq,classical-domains,rovers,p09,2006,TIMEOUT,,,,0.278,,1800.096,168.36,Hit the task time limit.
PLASPPlanner-seq,classical-domains,rovers,p10,2006,TIMEOUT,,,,0.272,,1800.086,168.0,Hit the task time limit.
PLASPPlanner-seq,classical-domains,rovers,p11,2006,TIMEOUT,,,,0.283,,1800.107,182.99,Hit the task time limit.
PLASPPlanner-seq,classical-domains,rovers,p12,2006,TIMEOUT,,,,0.273,,1800.1,166.0,Hit the task time limit.
PLASPPlanner-seq,classical-domains,rovers,p13,2006,TIMEOUT,,,,0.298,,1800.123,183.8,Hit the task time limit.
PLASPPlanner-seq,classical-domains,rovers,p14,2006,TIMEOUT,,,,0.294,,1800.107,177.28,Hit the task time limit.
PLASPPlanner-seq,classical-domains,rovers,p15,2006,TIMEOUT,,,,0.316,,1800.153,181.06,Hit the task time limit.
PLASPPlanner-seq,classical-domains,rovers,p16,2006,TIMEOUT,,,,0.341,,1800.133,181.83,Hit the task time limit.
PLASPPlanner-seq,classical-domains,rovers,p17,2006,TIMEOUT,,,,0.406,,1800.238,213.23,Hit the task time limit.
PLASPPlanner-seq,classical-domains,rovers,p18,2006,TIMEOUT,,,,0.523,,1800.293,211.54,Hit the task time limit.
PLASPPlanner-seq,classical-domains,rovers,p19,2006,TIMEOUT,,,,0.494,,1800.317,248.43,Hit the task time limit.
PLASPPlanner-seq,classical-domains,rovers,p20,2006,TIMEOUT,,,,0.666,,1800.65,291.47,Hit the task time limit.
PLASPPlanner-seq,classical-domains,rovers,p21,2006,TIMEOUT,,,,0.827,,1800.652,316.61,Hit the task time limit.
PLASPPlanner-seq,classical-domains,rovers,p22,2006,TIMEOUT,,,,0.934,,1800.747,322.66,Hit the task time limit.
PLASPPlanner-seq,classical-domains,rovers,p23,2006,TIMEOUT,,,,0.987,,1800.955,365.79,Hit the task time limit.
PLASPPlanner-seq,classical-domains,rovers,p24,2006,TIMEOUT,,,,1.066,,1800.915,362.39,Hit the task time limit.
PLASPPlanner-seq,classical-domains,rovers,p25,2006,TIMEOUT,,,,0.854,,1800.599,315.87,Hit the task time limit.
PLASPPlanner-seq,classical-domains,rovers,p26,2006,TIMEOUT,,,,0.842,,1800.699,305.37,Hit the task time limit.
PLASPPlanner-seq,classical-domains,rovers,p27,2006,TIMEOUT,,,,1.054,,1800.862,344.16,Hit the task time limit.
PLASPPlanner-seq,classical-domains,rovers,p28,2006,TIMEOUT,,,,1.112,,1801.276,371.86,Hit the task time limit.
PLASPPlanner-seq,classical-domains,rovers,p29,2006,TIMEOUT,,,,1.433,,1801.276,356.14,Hit the task time limit.
PLASPPlanner-seq,classical-domains,rovers,p30,2006,TIMEOUT,,,,1.586,,1801.504,401.13,Hit the task time limit.
PLASPPlanner-seq,classical-domains,rovers,p31,2006,TIMEOUT,,,,1.708,,1802.193,428.29,Hit the task time limit.
PLASPPlanner-seq,classical-domains,rovers,p32,2006,TIMEOUT,,,,2.052,,1802.371,519.77,Hit the task time limit.
PLASPPlanner-seq,classical-domains,rovers,p33,2006,TIMEOUT,,,,2.23,,1802.896,540.22,Hit the task time limit.
PLASPPlanner-seq,classical-domains,rovers,p34,2006,TIMEOUT,,,,2.26,,1803.284,544.66,Hit the task time limit.
PLASPPlanner-seq,classical-domains,rovers,p35,2006,TIMEOUT,,,,2.354,,1803.775,658.34,Hit the task time limit.
PLASPPlanner-seq,classical-domains,rovers,p36,2006,TIMEOUT,,,,2.729,,1804.636,681.39,Hit the task time limit.
PLASPPlanner-seq,classical-domains,rovers,p37,2006,TIMEOUT,,,,3.066,,1805.628,762.59,Hit the task time limit.
PLASPPlanner-seq,classical-domains,rovers,p38,2006,TIMEOUT,,,,3.206,,1806.075,826.02,Hit the task time limit.
PLASPPlanner-seq,classical-domains,rovers,p39,2006,TIMEOUT,,,,3.545,,1806.478,1015.04,Hit the task time limit.
PLASPPlanner-seq,classical-domains,rovers,p40,2006,TIMEOUT,,,,3.593,,1807.159,875.14,Hit the task time limit.
PLASPPlanner-seq,classical-domains,rovers-02,pfile1,2002,SOLVED,True,10,,0.225,0.477,1.935,130.0,
PLASPPlanner-seq,classical-domains,rovers-02,pfile10,2002,TIMEOUT,,,,0.306,,1803.406,210.06,Hit the task time limit.
PLASPPlanner-seq,classical-domains,rovers-02,pfile11,2002,TIMEOUT,,,,0.331,,1803.036,202.97,Hit the task time limit.
PLASPPlanner-seq,classical-domains,rovers-02,pfile12,2002,TIMEOUT,,,,0.32,,1803.198,199.05,Hit the task time limit.
PLASPPlanner-seq,classical-domains,rovers-02,pfile13,2002,TIMEOUT,,,,0.327,,1804.155,223.91,Hit the task time limit.
PLASPPlanner-seq,classical-domains,rovers-02,pfile14,2002,TIMEOUT,,,,0.364,,1804.212,230.38,Hit the task time limit.
PLASPPlanner-seq,classical-domains,rovers-02,pfile15,2002,TIMEOUT,,,,0.389,,1804.83,232.86,Hit the task time limit.
PLASPPlanner-seq,classical-domains,rovers-02,pfile16,2002,TIMEOUT,,,,0.377,,1805.104,236.91,Hit the task time limit.
PLASPPlanner-seq,classical-domains,rovers-02,pfile17,2002,TIMEOUT,,,,0.434,,1811.384,335.21,Hit the task time limit.
PLASPPlanner-seq,classical-domains,rovers-02,pfile18,2002,TIMEOUT,,,,0.539,,1816.224,403.62,Hit the task time limit.
PLASPPlanner-seq,classical-domains,rovers-02,pfile19,2002,TIMEOUT,,,,0.54,,1818.761,428.23,Hit the task time limit.
PLASPPlanner-seq,classical-domains,rovers-02,pfile2,2002,SOLVED,True,8,,0.225,0.467,1.925,130.0,
PLASPPlanner-seq,classical-domains,rovers-02,pfile20,2002,TIMEOUT,,,,0.871,,1829.083,638.46,Hit the task time limit.
PLASPPlanner-seq,classical-domains,rovers-02,pfile3,2002,SOLVED,True,11,,0.229,0.848,2.367,136.0,
PLASPPlanner-seq,classical-domains,rovers-02,pfile4,2002,SOLVED,True,8,,0.23,1.059,2.616,138.0,
PLASPPlanner-seq,classical-domains,rovers-02,pfile5,2002,TIMEOUT,,,,0.237,,1801.029,170.0,Hit the task time limit.
PLASPPlanner-seq,classical-domains,rovers-02,pfile6,2002,TIMEOUT,,,,0.248,,1801.152,174.0,Hit the task time limit.
PLASPPlanner-seq,classical-domains,rovers-02,pfile7,2002,TIMEOUT,,,,0.264,,1801.23,172.0,Hit the task time limit.
PLASPPlanner-seq,classical-domains,rovers-02,pfile8,2002,TIMEOUT,,,,0.291,,1802.318,191.09,Hit the task time limit.
PLASPPlanner-seq,classical-domains,rovers-02,pfile9,2002,TIMEOUT,,,,0.298,,1802.84,201.91,Hit the task time limit.
PLASPPlanner-seq,classical-domains,satellite,p01-pfile1,2004,SOLVED,True,9,,0.073,0.187,1.592,126.0,
PLASPPlanner-seq,classical-domains,satellite,p02-pfile2,2004,SOLVED,True,13,,0.076,1.901,3.279,130.0,
PLASPPlanner-seq,classical-domains,satellite,p03-pfile3,2004,SOLVED,True,11,,0.084,3.028,4.444,132.0,
PLASPPlanner-seq,classical-domains,satellite,p04-pfile4,2004,SOLVED,True,17,,0.084,116.94,118.332,152.0,
PLASPPlanner-seq,classical-domains,satellite,p05-pfile5,2004,SOLVED,True,15,,0.1,950.667,952.06,177.54,
PLASPPlanner-seq,classical-domains,satellite,p06-pfile6,2004,TIMEOUT,,,,0.096,,1800.551,184.11,Hit the task time limit.
PLASPPlanner-seq,classical-domains,satellite,p07-pfile7,2004,TIMEOUT,,,,0.104,,1800.799,201.79,Hit the task time limit.
PLASPPlanner-seq,classical-domains,satellite,p08-pfile8,2004,TIMEOUT,,,,0.107,,1801.091,213.21,Hit the task time limit.
PLASPPlanner-seq,classical-domains,satellite,p09-pfile9,2004,TIMEOUT,,,,0.108,,1801.316,211.55,Hit the task time limit.
PLASPPlanner-seq,classical-domains,satellite,p10-pfile10,2004,TIMEOUT,,,,0.111,,1801.526,209.16,Hit the task time limit.
PLASPPlanner-seq,classical-domains,satellite,p11-pfile11,2004,TIMEOUT,,,,0.118,,1801.931,243.9,Hit the task time limit.
PLASPPlanner-seq,classical-domains,satellite,p12-pfile12,2004,TIMEOUT,,,,0.135,,1803.249,310.04,Hit the task time limit.
PLASPPlanner-seq,classical-domains,satellite,p13-pfile13,2004,TIMEOUT,,,,0.119,,1804.21,366.73,Hit the task time limit.
PLASPPlanner-seq,classical-domains,satellite,p14-pfile14,2004,TIMEOUT,,,,0.127,,1803.643,295.32,Hit the task time limit.
PLASPPlanner-seq,classical-domains,satellite,p15-pfile15,2004,TIMEOUT,,,,0.224,,1805.136,359.0,Hit the task time limit.
PLASPPlanner-seq,classical-domains,satellite,p16-pfile16,2004,TIMEOUT,,,,0.236,,1806.977,339.17,Hit the task time limit.
PLASPPlanner-seq,classical-domains,satellite,p17-pfile17,2004,TIMEOUT,,,,0.248,,1808.442,419.85,Hit the task time limit.
PLASPPlanner-seq,classical-domains,satellite,p18-pfile18,2004,TIMEOUT,,,,0.124,,1803.009,273.71,Hit the task time limit.
PLASPPlanner-seq,classical-domains,satellite,p19-pfile19,2004,TIMEOUT,,,,0.242,,1803.854,289.4,Hit the task time limit.
PLASPPlanner-seq,classical-domains,satellite,p20-pfile20,2004,TIMEOUT,,,,0.264,,1804.274,337.86,Hit the task time limit.
PLASPPlanner-seq,classical-domains,satellite,p21-HC-pfile1,2004,TIMEOUT,,,,0.225,,1810.544,513.8,Hit the task time limit.
PLASPPlanner-seq,classical-domains,satellite,p22-HC-pfile2,2004,TIMEOUT,,,,0.233,,1819.396,1152.24,Hit the task time limit.
PLASPPlanner-seq,classical-domains,satellite,p23-HC-pfile3,2004,TIMEOUT,,,,0.268,,1850.758,669.84,Hit the task time limit.
PLASPPlanner-seq,classical-domains,satellite,p24-HC-pfile4,2004,TIMEOUT,,,,0.29,,1963.005,1059.43,Hit the task time limit.
PLASPPlanner-seq,classical-domains,satellite,p25-HC-pfile5,2004,TIMEOUT,,,,0.291,,2059.878,1223.77,Hit the task time limit.
PLASPPlanner-seq,classical-domains,satellite,p26-HC-pfile6,2004,TIMEOUT,,,,0.308,,2034.44,1448.08,Hit the task time limit.
PLASPPlanner-seq,classical-domains,satellite,p27-HC-pfile7,2004,KILLED,,,,,,,,
PLASPPlanner-seq,classical-domains,satellite,p28-HC-pfile8,2004,TIMEOUT,,,,0.357,,1970.958,1523.14,Hit the task time limit.
PLASPPlanner-seq,classical-domains,satellite,p29-HC-pfile9,2004,KILLED,,,,,,,,
PLASPPlanner-seq,classical-domains,satellite,p30-HC-pfile10,2004,KILLED,,,,,,,,
PLASPPlanner-seq,classical-domains,satellite,p31-HC-pfile11,2004,KILLED,,,,,,,,
PLASPPlanner-seq,classical-domains,satellite,p32-HC-pfile12,2004,KILLED,,,,,,,,
PLASPPlanner-seq,classical-domains,satellite,p33-HC-pfile13,2004,KILLED,,,,,,,,
PLASPPlanner-seq,classical-domains,satellite,p34-HC-pfile14,2004,KILLED,,,,,,,,
PLASPPlanner-seq,classical-domains,satellite,p35-HC-pfile15,2004,KILLED,,,,,,,,
PLASPPlanner-seq,classical-domains,satellite,p36-HC-pfile16,2004,KILLED,,,,,,,,
PLASPPlanner-seq,classical-domains,scanalyzer-08-strips,p01,2008,SOLVED,True,6,,0.097,2.51,3.92,136.0,
PLASPPlanner-seq,classical-domains,scanalyzer-08-strips,p02,2008,SOLVED,True,10,,0.094,22.836,24.26,144.0,
PLASPPlanner-seq,classical-domains,scanalyzer-08-strips,p03,2008,TIMEOUT,,,,0.101,,1800.165,178.0,Hit the task time limit.
PLASPPlanner-seq,classical-domains,scanalyzer-08-strips,p04,2008,SOLVED,True,8,,0.107,188.419,189.771,220.3,
PLASPPlanner-seq,classical-domains,scanalyzer-08-strips,p05,2008,TIMEOUT,,,,0.103,,1800.487,206.31,Hit the task time limit.
PLASPPlanner-seq,classical-domains,scanalyzer-08-strips,p06,2008,TIMEOUT,,,,0.099,,1800.479,208.02,Hit the task time limit.
PLASPPlanner-seq,classical-domains,scanalyzer-08-strips,p07,2008,SOLVED,True,10,,0.116,787.719,789.054,383.39,
PLASPPlanner-seq,classical-domains,scanalyzer-08-strips,p08,2008,TIMEOUT,,,,0.121,,1801.054,307.49,Hit the task time limit.
PLASPPlanner-seq,classical-domains,scanalyzer-08-strips,p09,2008,TIMEOUT,,,,0.105,,1801.005,274.62,Hit the task time limit.
PLASPPlanner-seq,classical-domains,scanalyzer-08-strips,p10,2008,TIMEOUT,,,,0.139,,1801.767,528.89,Hit the task time limit.
PLASPPlanner-seq,classical-domains,scanalyzer-08-strips,p11,2008,TIMEOUT,,,,0.117,,1801.957,333.71,Hit the task time limit.
PLASPPlanner-seq,classical-domains,scanalyzer-08-strips,p12,2008,TIMEOUT,,,,0.125,,1801.987,362.36,Hit the task time limit.
PLASPPlanner-seq,classical-domains,scanalyzer-08-strips,p13,2008,TIMEOUT,,,,0.251,,1803.441,1085.07,Hit the task time limit.
PLASPPlanner-seq,classical-domains,scanalyzer-08-strips,p14,2008,TIMEOUT,,,,0.131,,1803.444,693.61,Hit the task time limit.
PLASPPlanner-seq,classical-domains,scanalyzer-08-strips,p15,2008,TIMEOUT,,,,0.124,,1803.445,586.33,Hit the task time limit.
PLASPPlanner-seq,classical-domains,scanalyzer-08-strips,p16,2008,TIMEOUT,,,,0.249,,1805.789,1477.45,Hit the task time limit.
PLASPPlanner-seq,classical-domains,scanalyzer-08-strips,p17,2008,TIMEOUT,,,,0.23,,1805.694,823.12,Hit the task time limit.
PLASPPlanner-seq,classical-domains,scanalyzer-08-strips,p18,2008,TIMEOUT,,,,0.228,,1805.848,802.34,Hit the task time limit.
PLASPPlanner-seq,classical-domains,scanalyzer-08-strips,p19,2008,TIMEOUT,,,,0.28,,1809.201,1285.73,Hit the task time limit.
PLASPPlanner-seq,classical-domains,scanalyzer-08-strips,p20,2008,TIMEOUT,,,,0.241,,1808.968,831.68,Hit the task time limit.
PLASPPlanner-seq,classical-domains,scanalyzer-08-strips,p21,2008,TIMEOUT,,,,0.236,,1808.805,1218.36,Hit the task time limit.
PLASPPlanner-seq,classical-domains,scanalyzer-08-strips,p22,2008,SOLVED,True,5,,0.091,0.144,1.58,128.0,
PLASPPlanner-seq,classical-domains,scanalyzer-08-strips,p23,2008,SOLVED,True,5,,0.086,0.141,1.498,128.0,
PLASPPlanner-seq,classical-domains,scanalyzer-08-strips,p24,2008,SOLVED,True,5,,0.088,0.143,1.512,128.0,
PLASPPlanner-seq,classical-domains,scanalyzer-08-strips,p25,2008,TIMEOUT,,,,0.1,,1801.344,1964.94,Hit the task time limit.
PLASPPlanner-seq,classical-domains,scanalyzer-08-strips,p26,2008,TIMEOUT,,,,0.102,,1801.072,1573.77,Hit the task time limit.
PLASPPlanner-seq,classical-domains,scanalyzer-08-strips,p27,2008,TIMEOUT,,,,0.096,,1801.139,1534.28,Hit the task time limit.
PLASPPlanner-seq,classical-domains,scanalyzer-08-strips,p28,2008,TIMEOUT,,,,0.112,,1805.206,3411.55,Hit the task time limit.
PLASPPlanner-seq,classical-domains,scanalyzer-08-strips,p29,2008,TIMEOUT,,,,0.107,,1804.712,2543.64,Hit the task time limit.
PLASPPlanner-seq,classical-domains,scanalyzer-08-strips,p30,2008,TIMEOUT,,,,0.116,,1804.56,1812.39,Hit the task time limit.
PLASPPlanner-seq,classical-domains,scanalyzer-opt11-strips,p01,2011,SOLVED,True,5,,0.094,0.151,1.638,128.0,
PLASPPlanner-seq,classical-domains,scanalyzer-opt11-strips,p02,2011,SOLVED,True,10,,0.101,28.181,29.626,142.0,
PLASPPlanner-seq,classical-domains,scanalyzer-opt11-strips,p03,2011,TIMEOUT,,,,0.096,,1800.161,178.0,Hit the task time limit.
PLASPPlanner-seq,classical-domains,scanalyzer-opt11-strips,p04,2011,SOLVED,True,8,,0.114,223.045,224.577,221.36,
PLASPPlanner-seq,classical-domains,scanalyzer-opt11-strips,p05,2011,SOLVED,True,10,,0.121,772.095,773.538,382.62,
PLASPPlanner-seq,classical-domains,scanalyzer-opt11-strips,p06,2011,TIMEOUT,,,,0.105,,1800.502,206.09,Hit the task time limit.
PLASPPlanner-seq,classical-domains,scanalyzer-opt11-strips,p07,2011,TIMEOUT,,,,0.296,,1809.444,1285.67,Hit the task time limit.
PLASPPlanner-seq,classical-domains,scanalyzer-opt11-strips,p08,2011,TIMEOUT,,,,0.136,,1801.849,526.55,Hit the task time limit.
PLASPPlanner-seq,classical-domains,scanalyzer-opt11-strips,p09,2011,TIMEOUT,,,,0.246,,1803.449,1083.91,Hit the task time limit.
PLASPPlanner-seq,classical-domains,scanalyzer-opt11-strips,p10,2011,TIMEOUT,,,,0.251,,1805.693,1477.5,Hit the task time limit.
PLASPPlanner-seq,classical-domains,scanalyzer-opt11-strips,p11,2011,TIMEOUT,,,,0.109,,1801.273,1968.67,Hit the task time limit.
PLASPPlanner-seq,classical-domains,scanalyzer-opt11-strips,p12,2011,TIMEOUT,,,,0.12,,1800.539,208.34,Hit the task time limit.
PLASPPlanner-seq,classical-domains,scanalyzer-opt11-strips,p13,2011,TIMEOUT,,,,0.1,,1801.136,1533.52,Hit the task time limit.
PLASPPlanner-seq,classical-domains,scanalyzer-opt11-strips,p14,2011,TIMEOUT,,,,0.102,,1801.063,1563.79,Hit the task time limit.
PLASPPlanner-seq,classical-domains,scanalyzer-opt11-strips,p15,2011,TIMEOUT,,,,0.11,,1801.068,310.7,Hit the task time limit.
PLASPPlanner-seq,classical-domains,scanalyzer-opt11-strips,p16,2011,TIMEOUT,,,,0.121,,1801.922,334.49,Hit the task time limit.
PLASPPlanner-seq,classical-domains,scanalyzer-opt11-strips,p17,2011,TIMEOUT,,,,0.136,,1803.59,691.68,Hit the task time limit.
PLASPPlanner-seq,classical-domains,scanalyzer-opt11-strips,p18,2011,TIMEOUT,,,,0.233,,1805.819,824.16,Hit the task time limit.
PLASPPlanner-seq,classical-domains,scanalyzer-opt11-strips,p19,2011,TIMEOUT,,,,0.251,,1809.227,859.95,Hit the task time limit.
PLASPPlanner-seq,classical-domains,scanalyzer-opt11-strips,p20,2011,TIMEOUT,,,,0.111,,1805.489,3407.61,Hit the task time limit.
PLASPPlanner-seq,classical-domains,scanalyzer-sat11-strips,p01,2011,TIMEOUT,,,,0.122,,1801.286,1963.99,Hit the task time limit.
PLASPPlanner-seq,classical-domains,scanalyzer-sat11-strips,p02,2011,TIMEOUT,,,,0.151,,1801.913,527.69,Hit the task time limit.
PLASPPlanner-seq,classical-domains,scanalyzer-sat11-strips,p03,2011,TIMEOUT,,,,0.115,,1800.5,207.29,Hit the task time limit.
PLASPPlanner-seq,classical-domains,scanalyzer-sat11-strips,p04,2011,TIMEOUT,,,,0.112,,1801.059,273.7,Hit the task time limit.
PLASPPlanner-seq,classical-domains,scanalyzer-sat11-strips,p05,2011,TIMEOUT,,,,0.242,,1803.568,1085.1,Hit the task time limit.
PLASPPlanner-seq,classical-domains,scanalyzer-sat11-strips,p06,2011,TIMEOUT,,,,0.101,,1801.028,1576.54,Hit the task time limit.
PLASPPlanner-seq,classical-domains,scanalyzer-sat11-strips,p07,2011,TIMEOUT,,,,0.27,,1805.791,1479.39,Hit the task time limit.
PLASPPlanner-seq,classical-domains,scanalyzer-sat11-strips,p08,2011,TIMEOUT,,,,0.096,,1801.102,1533.73,Hit the task time limit.
PLASPPlanner-seq,classical-domains,scanalyzer-sat11-strips,p09,2011,TIMEOUT,,,,0.132,,1801.961,362.68,Hit the task time limit.
PLASPPlanner-seq,classical-domains,scanalyzer-sat11-strips,p10,2011,TIMEOUT,,,,0.132,,1803.478,693.65,Hit the task time limit.
PLASPPlanner-seq,classical-domains,scanalyzer-sat11-strips,p11,2011,TIMEOUT,,,,0.127,,1803.495,584.66,Hit the task time limit.
PLASPPlanner-seq,classical-domains,scanalyzer-sat11-strips,p12,2011,TIMEOUT,,,,0.125,,1801.947,332.63,Hit the task time limit.
PLASPPlanner-seq,classical-domains,scanalyzer-sat11-strips,p13,2011,TIMEOUT,,,,0.121,,1801.05,307.66,Hit the task time limit.
PLASPPlanner-seq,classical-domains,scanalyzer-sat11-strips,p14,2011,TIMEOUT,,,,0.255,,1805.781,824.5,Hit the task time limit.
PLASPPlanner-seq,classical-domains,scanalyzer-sat11-strips,p15,2011,TIMEOUT,,,,0.245,,1805.74,803.88,Hit the task time limit.
PLASPPlanner-seq,classical-domains,scanalyzer-sat11-strips,p16,2011,TIMEOUT,,,,0.264,,1809.171,860.09,Hit the task time limit.
PLASPPlanner-seq,classical-domains,scanalyzer-sat11-strips,p17,2011,TIMEOUT,,,,0.241,,1809.442,1218.06,Hit the task time limit.
PLASPPlanner-seq,classical-domains,scanalyzer-sat11-strips,p18,2011,TIMEOUT,,,,0.112,,1805.299,3407.41,Hit the task time limit.
PLASPPlanner-seq,classical-domains,scanalyzer-sat11-strips,p19,2011,TIMEOUT,,,,0.116,,1804.538,2541.5,Hit the task time limit.
PLASPPlanner-seq,classical-domains,scanalyzer-sat11-strips,p20,2011,TIMEOUT,,,,0.125,,1805.082,1810.12,Hit the task time limit.
PLASPPlanner-seq,classical-domains,schedule,probschedule-10-0,2000,SOLVED,True,12,,0.354,10.442,12.195,154.42,
PLASPPlanner-seq,classical-domains,schedule,probschedule-10-1,2000,SOLVED,True,10,,0.342,2.133,3.928,148.26,
PLASPPlanner-seq,classical-domains,schedule,probschedule-10-2,2000,SOLVED,True,12,,0.343,11.654,13.515,152.05,
PLASPPlanner-seq,classical-domains,schedule,probschedule-11-0,2000,SOLVED,True,14,,0.357,61.031,62.889,163.54,
PLASPPlanner-seq,classical-domains,schedule,probschedule-11-1,2000,SOLVED,True,12,,0.369,41.163,43.069,156.34,
PLASPPlanner-seq,classical-domains,schedule,probschedule-11-2,2000,SOLVED,True,13,,0.353,221.281,223.1,161.34,
PLASPPlanner-seq,classical-domains,schedule,probschedule-12-0,2000,SOLVED,True,14,,0.363,109.086,110.916,168.59,
PLASPPlanner-seq,classical-domains,schedule,probschedule-12-1,2000,SOLVED,True,14,,0.366,433.476,435.419,173.37,
PLASPPlanner-seq,classical-domains,schedule,probschedule-12-2,2000,SOLVED,True,14,,0.339,254.804,256.61,171.5,
PLASPPlanner-seq,classical-domains,schedule,probschedule-13-0,2000,SOLVED,True,15,,0.368,611.75,613.609,180.66,
PLASPPlanner-seq,classical-domains,schedule,probschedule-13-1,2000,SOLVED,True,16,,0.382,1613.54,1615.553,182.16,
PLASPPlanner-seq,classical-domains,schedule,probschedule-13-2,2000,SOLVED,True,15,,0.35,651.66,653.554,179.5,
PLASPPlanner-seq,classical-domains,schedule,probschedule-14-0,2000,SOLVED,True,16,,0.401,1482.419,1484.46,190.86,
PLASPPlanner-seq,classical-domains,schedule,probschedule-14-1,2000,TIMEOUT,,,,0.352,,1800.11,188.39,Hit the task time limit.
PLASPPlanner-seq,classical-domains,schedule,probschedule-14-2,2000,TIMEOUT,,,,0.333,,1800.11,189.41,Hit the task time limit.
PLASPPlanner-seq,classical-domains,schedule,probschedule-15-0,2000,TIMEOUT,,,,0.353,,1800.128,195.78,Hit the task time limit.
PLASPPlanner-seq,classical-domains,schedule,probschedule-15-1,2000,TIMEOUT,,,,0.366,,1800.113,182.89,Hit the task time limit.
PLASPPlanner-seq,classical-domains,schedule,probschedule-15-2,2000,TIMEOUT,,,,0.362,,1800.115,186.41,Hit the task time limit.
PLASPPlanner-seq,classical-domains,schedule,probschedule-16-0,2000,TIMEOUT,,,,0.352,,1800.124,194.79,Hit the task time limit.
PLASPPlanner-seq,classical-domains,schedule,probschedule-16-1,2000,TIMEOUT,,,,0.376,,1800.121,186.3,Hit the task time limit.
PLASPPlanner-seq,classical-domains,schedule,probschedule-16-2,2000,TIMEOUT,,,,0.33,,1800.121,189.05,Hit the task time limit.
PLASPPlanner-seq,classical-domains,schedule,probschedule-17-0,2000,TIMEOUT,,,,0.36,,1800.121,192.59,Hit the task time limit.
PLASPPlanner-seq,classical-domains,schedule,probschedule-17-1,2000,TIMEOUT,,,,0.341,,1800.138,198.05,Hit the task time limit.
PLASPPlanner-seq,classical-domains,schedule,probschedule-17-2,2000,TIMEOUT,,,,0.346,,1800.129,194.53,Hit the task time limit.
PLASPPlanner-seq,classical-domains,schedule,probschedule-18-0,2000,TIMEOUT,,,,0.341,,1800.115,189.15,Hit the task time limit.
PLASPPlanner-seq,classical-domains,schedule,probschedule-18-1,2000,TIMEOUT,,,,0.343,,1800.133,199.44,Hit the task time limit.
PLASPPlanner-seq,classical-domains,schedule,probschedule-18-2,2000,TIMEOUT,,,,0.352,,1800.135,212.04,Hit the task time limit.
PLASPPlanner-seq,classical-domains,schedule,probschedule-19-0,2000,TIMEOUT,,,,0.341,,1800.127,204.57,Hit the task time limit.
PLASPPlanner-seq,classical-domains,schedule,probschedule-19-1,2000,TIMEOUT,,,,0.343,,1800.136,203.78,Hit the task time limit.
PLASPPlanner-seq,classical-domains,schedule,probschedule-19-2,2000,TIMEOUT,,,,0.354,,1800.11,191.56,Hit the task time limit.
PLASPPlanner-seq,classical-domains,schedule,probschedule-2-0,2000,SOLVED,True,2,,0.328,0.094,1.787,126.0,
PLASPPlanner-seq,classical-domains,schedule,probschedule-2-1,2000,SOLVED,True,2,,0.313,0.093,1.809,126.0,
PLASPPlanner-seq,classical-domains,schedule,probschedule-2-2,2000,SOLVED,True,2,,0.298,0.086,1.73,126.0,
PLASPPlanner-seq,classical-domains,schedule,probschedule-20-0,2000,TIMEOUT,,,,0.358,,1800.132,217.3,Hit the task time limit.
PLASPPlanner-seq,classical-domains,schedule,probschedule-20-1,2000,TIMEOUT,,,,0.355,,1800.135,219.93,Hit the task time limit.
PLASPPlanner-seq,classical-domains,schedule,probschedule-20-2,2000,TIMEOUT,,,,0.378,,1800.147,218.02,Hit the task time limit.
PLASPPlanner-seq,classical-domains,schedule,probschedule-21-0,2000,TIMEOUT,,,,0.339,,1800.131,206.88,Hit the task time limit.
PLASPPlanner-seq,classical-domains,schedule,probschedule-21-1,2000,TIMEOUT,,,,0.338,,1800.151,229.75,Hit the task time limit.
PLASPPlanner-seq,classical-domains,schedule,probschedule-21-2,2000,TIMEOUT,,,,0.332,,1800.141,207.95,Hit the task time limit.
PLASPPlanner-seq,classical-domains,schedule,probschedule-22-0,2000,TIMEOUT,,,,0.355,,1800.138,214.81,Hit the task time limit.
PLASPPlanner-seq,classical-domains,schedule,probschedule-22-1,2000,TIMEOUT,,,,0.371,,1800.149,214.79,Hit the task time limit.
PLASPPlanner-seq,classical-domains,schedule,probschedule-22-2,2000,TIMEOUT,,,,0.346,,1800.145,211.98,Hit the task time limit.
PLASPPlanner-seq,classical-domains,schedule,probschedule-23-0,2000,TIMEOUT,,,,0.371,,1800.16,215.18,Hit the task time limit.
PLASPPlanner-seq,classical-domains,schedule,probschedule-23-1,2000,TIMEOUT,,,,0.354,,1800.165,233.28,Hit the task time limit.
PLASPPlanner-seq,classical-domains,schedule,probschedule-23-2,2000,TIMEOUT,,,,0.382,,1800.165,232.87,Hit the task time limit.
PLASPPlanner-seq,classical-domains,schedule,probschedule-24-0,2000,TIMEOUT,,,,0.371,,1800.161,221.71,Hit the task time limit.
PLASPPlanner-seq,classical-domains,schedule,probschedule-24-1,2000,TIMEOUT,,,,0.379,,1800.162,235.55,Hit the task time limit.
PLASPPlanner-seq,classical-domains,schedule,probschedule-24-2,2000,TIMEOUT,,,,0.381,,1800.162,230.18,Hit the task time limit.
PLASPPlanner-seq,classical-domains,schedule,probschedule-25-0,2000,TIMEOUT,,,,0.395,,1800.161,220.99,Hit the task time limit.
PLASPPlanner-seq,classical-domains,schedule,probschedule-25-1,2000,TIMEOUT,,,,0.371,,1800.157,221.0,Hit the task time limit.
PLASPPlanner-seq,classical-domains,schedule,probschedule-25-2,2000,TIMEOUT,,,,0.367,,1800.155,220.54,Hit the task time limit.
PLASPPlanner-seq,classical-domains,schedule,probschedule-26-0,2000,TIMEOUT,,,,0.385,,1800.149,231.47,Hit the task time limit.
PLASPPlanner-seq,classical-domains,schedule,probschedule-26-1,2000,TIMEOUT,,,,0.37,,1800.151,226.95,Hit the task time limit.
PLASPPlanner-seq,classical-domains,schedule,probschedule-26-2,2000,TIMEOUT,,,,0.365,,1800.155,230.88,Hit the task time limit.
PLASPPlanner-seq,classical-domains,schedule,probschedule-27-0,2000,TIMEOUT,,,,0.369,,1800.172,237.7,Hit the task time limit.
PLASPPlanner-seq,classical-domains,schedule,probschedule-27-1,2000,TIMEOUT,,,,0.366,,1800.173,245.43,Hit the task time limit.
PLASPPlanner-seq,classical-domains,schedule,probschedule-27-2,2000,TIMEOUT,,,,0.369,,1800.163,238.97,Hit the task time limit.
PLASPPlanner-seq,classical-domains,schedule,probschedule-28-0,2000,TIMEOUT,,,,0.367,,1800.182,240.8,Hit the task time limit.
PLASPPlanner-seq,classical-domains,schedule,probschedule-28-1,2000,TIMEOUT,,,,0.375,,1800.178,239.91,Hit the task time limit.
PLASPPlanner-seq,classical-domains,schedule,probschedule-28-2,2000,TIMEOUT,,,,0.373,,1800.186,245.89,Hit the task time limit.
PLASPPlanner-seq,classical-domains,schedule,probschedule-29-0,2000,TIMEOUT,,,,0.403,,1800.18,240.65,Hit the task time limit.
PLASPPlanner-seq,classical-domains,schedule,probschedule-29-1,2000,TIMEOUT,,,,0.39,,1800.199,259.01,Hit the task time limit.
PLASPPlanner-seq,classical-domains,schedule,probschedule-29-2,2000,TIMEOUT,,,,0.371,,1800.172,233.14,Hit the task time limit.
PLASPPlanner-seq,classical-domains,schedule,probschedule-3-0,2000,SOLVED,True,4,,0.312,0.109,1.877,126.0,
PLASPPlanner-seq,classical-domains,schedule,probschedule-3-1,2000,SOLVED,True,2,,0.311,0.09,1.85,128.0,
PLASPPlanner-seq,classical-domains,schedule,probschedule-3-2,2000,SOLVED,True,4,,0.331,0.118,1.908,128.0,
PLASPPlanner-seq,classical-domains,schedule,probschedule-30-0,2000,TIMEOUT,,,,0.374,,1800.189,254.5,Hit the task time limit.
PLASPPlanner-seq,classical-domains,schedule,probschedule-30-1,2000,TIMEOUT,,,,0.399,,1800.182,237.22,Hit the task time limit.
PLASPPlanner-seq,classical-domains,schedule,probschedule-30-2,2000,TIMEOUT,,,,0.393,,1800.185,246.75,Hit the task time limit.
PLASPPlanner-seq,classical-domains,schedule,probschedule-31-0,2000,TIMEOUT,,,,0.38,,1800.19,244.61,Hit the task time limit.
PLASPPlanner-seq,classical-domains,schedule,probschedule-31-1,2000,TIMEOUT,,,,0.364,,1800.194,253.67,Hit the task time limit.
PLASPPlanner-seq,classical-domains,schedule,probschedule-31-2,2000,TIMEOUT,,,,0.356,,1800.184,251.71,Hit the task time limit.
PLASPPlanner-seq,classical-domains,schedule,probschedule-32-0,2000,TIMEOUT,,,,0.364,,1800.188,243.14,Hit the task time limit.
PLASPPlanner-seq,classical-domains,schedule,probschedule-32-1,2000,TIMEOUT,,,,0.363,,1800.201,277.07,Hit the task time limit.
PLASPPlanner-seq,classical-domains,schedule,probschedule-32-2,2000,TIMEOUT,,,,0.38,,1800.186,255.97,Hit the task time limit.
PLASPPlanner-seq,classical-domains,schedule,probschedule-33-0,2000,TIMEOUT,,,,0.371,,1800.18,257.65,Hit the task time limit.
PLASPPlanner-seq,classical-domains,schedule,probschedule-33-1,2000,TIMEOUT,,,,0.366,,1800.199,246.51,Hit the task time limit.
PLASPPlanner-seq,classical-domains,schedule,probschedule-33-2,2000,TIMEOUT,,,,0.373,,1800.219,265.57,Hit the task time limit.
PLASPPlanner-seq,classical-domains,schedule,probschedule-34-0,2000,TIMEOUT,,,,0.397,,1800.209,273.58,Hit the task time limit.
PLASPPlanner-seq,classical-domains,schedule,probschedule-34-1,2000,TIMEOUT,,,,0.383,,1800.202,259.28,Hit the task time limit.
PLASPPlanner-seq,classical-domains,schedule,probschedule-34-2,2000,TIMEOUT,,,,0.391,,1800.211,248.69,Hit the task time limit.
PLASPPlanner-seq,classical-domains,schedule,probschedule-35-0,2000,TIMEOUT,,,,0.396,,1800.203,262.14,Hit the task time limit.
PLASPPlanner-seq,classical-domains,schedule,probschedule-35-1,2000,TIMEOUT,,,,0.385,,1800.204,277.12,Hit the task time limit.
PLASPPlanner-seq,classical-domains,schedule,probschedule-35-2,2000,TIMEOUT,,,,0.428,,1800.216,278.82,Hit the task time limit.
PLASPPlanner-seq,classical-domains,schedule,probschedule-36-0,2000,TIMEOUT,,,,0.394,,1800.219,287.07,Hit the task time limit.
PLASPPlanner-seq,classical-domains,schedule,probschedule-36-1,2000,TIMEOUT,,,,0.399,,1800.201,277.03,Hit the task time limit.
PLASPPlanner-seq,classical-domains,schedule,probschedule-36-2,2000,TIMEOUT,,,,0.397,,1800.229,308.41,Hit the task time limit.
PLASPPlanner-seq,classical-domains,schedule,probschedule-37-0,2000,TIMEOUT,,,,0.406,,1800.222,282.42,Hit the task time limit.
PLASPPlanner-seq,classical-domains,schedule,probschedule-37-1,2000,TIMEOUT,,,,0.402,,1800.203,275.14,Hit the task time limit.
PLASPPlanner-seq,classical-domains,schedule,probschedule-37-2,2000,TIMEOUT,,,,0.439,,1800.221,293.56,Hit the task time limit.
PLASPPlanner-seq,classical-domains,schedule,probschedule-38-0,2000,TIMEOUT,,,,0.424,,1800.205,282.05,Hit the task time limit.
PLASPPlanner-seq,classical-domains,schedule,probschedule-38-1,2000,TIMEOUT,,,,0.395,,1800.213,287.36,Hit the task time limit.
PLASPPlanner-seq,classical-domains,schedule,probschedule-38-2,2000,TIMEOUT,,,,0.41,,1800.205,286.3,Hit the task time limit.
PLASPPlanner-seq,classical-domains,schedule,probschedule-39-0,2000,TIMEOUT,,,,0.424,,1800.202,282.06,Hit the task time limit.
PLASPPlanner-seq,classical-domains,schedule,probschedule-39-1,2000,TIMEOUT,,,,0.397,,1800.264,308.24,Hit the task time limit.
PLASPPlanner-seq,classical-domains,schedule,probschedule-39-2,2000,TIMEOUT,,,,0.396,,1800.211,285.59,Hit the task time limit.
PLASPPlanner-seq,classical-domains,schedule,probschedule-4-0,2000,SOLVED,True,5,,0.299,0.153,1.859,130.0,
PLASPPlanner-seq,classical-domains,schedule,probschedule-4-1,2000,SOLVED,True,5,,0.294,0.134,1.764,128.0,
PLASPPlanner-seq,classical-domains,schedule,probschedule-4-2,2000,SOLVED,True,5,,0.316,0.147,1.96,130.0,
PLASPPlanner-seq,classical-domains,schedule,probschedule-40-0,2000,TIMEOUT,,,,0.406,,1800.278,323.06,Hit the task time limit.
PLASPPlanner-seq,classical-domains,schedule,probschedule-40-1,2000,TIMEOUT,,,,0.406,,1800.255,294.35,Hit the task time limit.
PLASPPlanner-seq,classical-domains,schedule,probschedule-40-2,2000,TIMEOUT,,,,0.473,,1800.232,299.53,Hit the task time limit.
PLASPPlanner-seq,classical-domains,schedule,probschedule-41-0,2000,TIMEOUT,,,,0.404,,1800.238,298.99,Hit the task time limit.
PLASPPlanner-seq,classical-domains,schedule,probschedule-41-1,2000,TIMEOUT,,,,0.431,,1800.279,331.84,Hit the task time limit.
PLASPPlanner-seq,classical-domains,schedule,probschedule-41-2,2000,TIMEOUT,,,,0.409,,1800.248,302.55,Hit the task time limit.
PLASPPlanner-seq,classical-domains,schedule,probschedule-42-0,2000,TIMEOUT,,,,0.414,,1800.262,318.32,Hit the task time limit.
PLASPPlanner-seq,classical-domains,schedule,probschedule-42-1,2000,TIMEOUT,,,,0.417,,1800.248,303.01,Hit the task time limit.
PLASPPlanner-seq,classical-domains,schedule,probschedule-42-2,2000,TIMEOUT,,,,0.405,,1800.223,281.18,Hit the task time limit.
PLASPPlanner-seq,classical-domains,schedule,probschedule-43-0,2000,TIMEOUT,,,,0.424,,1800.249,296.82,Hit the task time limit.
PLASPPlanner-seq,classical-domains,schedule,probschedule-43-1,2000,TIMEOUT,,,,0.412,,1800.236,297.98,Hit the task time limit.
PLASPPlanner-seq,classical-domains,schedule,probschedule-43-2,2000,TIMEOUT,,,,0.425,,1800.255,313.17,Hit the task time limit.
PLASPPlanner-seq,classical-domains,schedule,probschedule-44-0,2000,TIMEOUT,,,,0.436,,1800.268,315.13,Hit the task time limit.
PLASPPlanner-seq,classical-domains,schedule,probschedule-44-1,2000,TIMEOUT,,,,0.44,,1800.26,316.37,Hit the task time limit.
PLASPPlanner-seq,classical-domains,schedule,probschedule-44-2,2000,TIMEOUT,,,,0.427,,1800.224,304.63,Hit the task time limit.
PLASPPlanner-seq,classical-domains,schedule,probschedule-45-0,2000,TIMEOUT,,,,0.434,,1800.268,310.96,Hit the task time limit.
PLASPPlanner-seq,classical-domains,schedule,probschedule-45-1,2000,TIMEOUT,,,,0.436,,1800.259,310.82,Hit the task time limit.
PLASPPlanner-seq,classical-domains,schedule,probschedule-45-2,2000,TIMEOUT,,,,0.481,,1800.276,319.84,Hit the task time limit.
PLASPPlanner-seq,classical-domains,schedule,probschedule-46-0,2000,TIMEOUT,,,,0.421,,1800.269,323.91,Hit the task time limit.
PLASPPlanner-seq,classical-domains,schedule,probschedule-46-1,2000,TIMEOUT,,,,0.42,,1800.294,344.65,Hit the task time limit.
PLASPPlanner-seq,classical-domains,schedule,probschedule-46-2,2000,TIMEOUT,,,,0.452,,1800.26,312.98,Hit the task time limit.
PLASPPlanner-seq,classical-domains,schedule,probschedule-47-0,2000,TIMEOUT,,,,0.421,,1800.264,328.3,Hit the task time limit.
PLASPPlanner-seq,classical-domains,schedule,probschedule-47-1,2000,TIMEOUT,,,,0.442,,1800.262,299.08,Hit the task time limit.
PLASPPlanner-seq,classical-domains,schedule,probschedule-47-2,2000,TIMEOUT,,,,0.42,,1800.261,312.28,Hit the task time limit.
PLASPPlanner-seq,classical-domains,schedule,probschedule-48-0,2000,TIMEOUT,,,,0.423,,1800.276,335.51,Hit the task time limit.
PLASPPlanner-seq,classical-domains,schedule,probschedule-48-1,2000,TIMEOUT,,,,0.422,,1800.274,332.43,Hit the task time limit.
PLASPPlanner-seq,classical-domains,schedule,probschedule-48-2,2000,TIMEOUT,,,,0.424,,1800.268,322.52,Hit the task time limit.
PLASPPlanner-seq,classical-domains,schedule,probschedule-49-0,2000,TIMEOUT,,,,0.464,,1800.262,318.96,Hit the task time limit.
PLASPPlanner-seq,classical-domains,schedule,probschedule-49-1,2000,TIMEOUT,,,,0.461,,1800.283,342.72,Hit the task time limit.
PLASPPlanner-seq,classical-domains,schedule,probschedule-49-2,2000,TIMEOUT,,,,0.463,,1800.282,339.3,Hit the task time limit.
PLASPPlanner-seq,classical-domains,schedule,probschedule-5-0,2000,SOLVED,True,5,,0.308,0.151,1.883,132.0,
PLASPPlanner-seq,classical-domains,schedule,probschedule-5-1,2000,SOLVED,True,6,,0.309,0.207,1.988,132.0,
PLASPPlanner-seq,classical-domains,schedule,probschedule-5-2,2000,SOLVED,True,7,,0.344,0.216,2.074,134.0,
PLASPPlanner-seq,classical-domains,schedule,probschedule-50-0,2000,TIMEOUT,,,,0.446,,1800.304,355.46,Hit the task time limit.
PLASPPlanner-seq,classical-domains,schedule,probschedule-50-1,2000,TIMEOUT,,,,0.435,,1800.283,336.26,Hit the task time limit.
PLASPPlanner-seq,classical-domains,schedule,probschedule-50-2,2000,TIMEOUT,,,,0.435,,1800.321,371.86,Hit the task time limit.
PLASPPlanner-seq,classical-domains,schedule,probschedule-51-0,2000,TIMEOUT,,,,0.45,,1800.276,353.16,Hit the task time limit.
PLASPPlanner-seq,classical-domains,schedule,probschedule-51-1,2000,TIMEOUT,,,,0.461,,1800.296,344.95,Hit the task time limit.
PLASPPlanner-seq,classical-domains,schedule,probschedule-51-2,2000,TIMEOUT,,,,0.441,,1800.28,341.28,Hit the task time limit.
PLASPPlanner-seq,classical-domains,schedule,probschedule-6-0,2000,SOLVED,True,7,,0.32,0.236,1.974,132.0,
PLASPPlanner-seq,classical-domains,schedule,probschedule-6-1,2000,SOLVED,True,7,,0.364,0.321,2.073,136.0,
PLASPPlanner-seq,classical-domains,schedule,probschedule-6-2,2000,SOLVED,True,5,,0.325,0.171,1.933,132.0,
PLASPPlanner-seq,classical-domains,schedule,probschedule-7-0,2000,SOLVED,True,7,,0.322,0.461,2.255,136.0,
PLASPPlanner-seq,classical-domains,schedule,probschedule-7-1,2000,SOLVED,True,8,,0.356,0.559,2.375,138.0,
PLASPPlanner-seq,classical-domains,schedule,probschedule-7-2,2000,SOLVED,True,8,,0.331,0.442,2.199,134.0,
PLASPPlanner-seq,classical-domains,schedule,probschedule-8-0,2000,SOLVED,True,9,,0.326,1.369,3.085,144.0,
PLASPPlanner-seq,classical-domains,schedule,probschedule-8-1,2000,SOLVED,True,10,,0.335,0.87,2.654,144.59,
PLASPPlanner-seq,classical-domains,schedule,probschedule-8-2,2000,SOLVED,True,9,,0.345,0.861,2.658,142.0,
PLASPPlanner-seq,classical-domains,schedule,probschedule-9-0,2000,SOLVED,True,12,,0.371,10.429,12.342,150.26,
PLASPPlanner-seq,classical-domains,schedule,probschedule-9-1,2000,SOLVED,True,9,,0.336,1.787,3.542,144.0,
PLASPPlanner-seq,classical-domains,schedule,probschedule-9-2,2000,SOLVED,True,11,,0.348,7.141,8.946,148.88,
PLASPPlanner-seq,classical-domains,settlers-opt18,p01,2018,SOLVED,True,9,,1.395,13.707,17.571,668.62,
PLASPPlanner-seq,classical-domains,settlers-opt18,p02,2018,TIMEOUT,,,,1.419,,1801.125,1082.72,Hit the task time limit.
PLASPPlanner-seq,classical-domains,settlers-opt18,p03,2018,SOLVED,True,14,,1.623,125.345,129.895,1020.17,
PLASPPlanner-seq,classical-domains,settlers-opt18,p04,2018,TIMEOUT,,,,1.624,,1801.067,1135.15,Hit the task time limit.
PLASPPlanner-seq,classical-domains,settlers-opt18,p05,2018,TIMEOUT,,,,1.741,,1801.334,1390.48,Hit the task time limit.
PLASPPlanner-seq,classical-domains,settlers-opt18,p06,2018,TIMEOUT,,,,1.576,,1801.082,1190.31,Hit the task time limit.
PLASPPlanner-seq,classical-domains,settlers-opt18,p07,2018,TIMEOUT,,,,1.6,,1801.732,2032.86,Hit the task time limit.
PLASPPlanner-seq,classical-domains,settlers-opt18,p08,2018,TIMEOUT,,,,1.625,,1801.653,1899.03,Hit the task time limit.
PLASPPlanner-seq,classical-domains,settlers-opt18,p09,2018,TIMEOUT,,,,1.818,,1801.989,2245.59,Hit the task time limit.
PLASPPlanner-seq,classical-domains,settlers-opt18,p10,2018,TIMEOUT,,,,1.739,,1801.769,1966.32,Hit the task time limit.
PLASPPlanner-seq,classical-domains,settlers-opt18,p11,2018,SOLVED,True,11,,1.597,43.377,47.884,1283.15,
PLASPPlanner-seq,classical-domains,settlers-opt18,p12,2018,SOLVED,True,10,,1.586,31.386,35.672,1195.34,
PLASPPlanner-seq,classical-domains,settlers-opt18,p13,2018,TIMEOUT,,,,1.644,,1801.216,1854.03,Hit the task time limit.
PLASPPlanner-seq,classical-domains,settlers-opt18,p14,2018,TIMEOUT,,,,1.65,,1801.373,1962.45,Hit the task time limit.
PLASPPlanner-seq,classical-domains,settlers-opt18,p15,2018,TIMEOUT,,,,1.627,,1801.746,3480.34,Hit the task time limit.
PLASPPlanner-seq,classical-domains,settlers-opt18,p16,2018,TIMEOUT,,,,1.599,,1801.422,2044.23,Hit the task time limit.
PLASPPlanner-seq,classical-domains,settlers-opt18,p17,2018,TIMEOUT,,,,1.677,,1802.15,3520.69,Hit the task time limit.
PLASPPlanner-seq,classical-domains,settlers-opt18,p18,2018,TIMEOUT,,,,1.682,,1801.929,3548.02,Hit the task time limit.
PLASPPlanner-seq,classical-domains,settlers-opt18,p19,2018,TIMEOUT,,,,1.684,,1802.284,3735.45,Hit the task time limit.
PLASPPlanner-seq,classical-domains,settlers-opt18,p20,2018,TIMEOUT,,,,1.69,,1802.154,3636.43,Hit the task time limit.
PLASPPlanner-seq,classical-domains,settlers-sat18,p01,2018,TIMEOUT,,,,1.754,,1803.746,7004.58,Hit the task time limit.
PLASPPlanner-seq,classical-domains,settlers-sat18,p02,2018,TIMEOUT,,,,1.779,,1804.657,7582.34,Hit the task time limit.
PLASPPlanner-seq,classical-domains,settlers-sat18,p03,2018,KILLED,,,,,,,,
PLASPPlanner-seq,classical-domains,settlers-sat18,p04,2018,MEMOUT,,,,1.712,,289.261,7650.45,MemoryError under a 8192MB limit.
PLASPPlanner-seq,classical-domains,settlers-sat18,p05,2018,MEMOUT,,,,1.801,,219.613,7750.7,MemoryError under a 8192MB limit.
PLASPPlanner-seq,classical-domains,settlers-sat18,p06,2018,MEMOUT,,,,1.808,,218.394,7829.42,MemoryError under a 8192MB limit.
PLASPPlanner-seq,classical-domains,settlers-sat18,p07,2018,MEMOUT,,,,1.834,,197.842,7849.89,MemoryError under a 8192MB limit.
PLASPPlanner-seq,classical-domains,settlers-sat18,p08,2018,MEMOUT,,,,1.789,,238.181,7722.0,MemoryError under a 8192MB limit.
PLASPPlanner-seq,classical-domains,settlers-sat18,p09,2018,MEMOUT,,,,1.839,,246.598,7814.6,MemoryError under a 8192MB limit.
PLASPPlanner-seq,classical-domains,settlers-sat18,p10,2018,MEMOUT,,,,1.754,,207.261,7826.46,MemoryError under a 8192MB limit.
PLASPPlanner-seq,classical-domains,settlers-sat18,p11,2018,MEMOUT,,,,1.818,,170.39,7464.76,MemoryError under a 8192MB limit.
PLASPPlanner-seq,classical-domains,settlers-sat18,p12,2018,MEMOUT,,,,1.805,,150.538,7483.8,MemoryError under a 8192MB limit.
PLASPPlanner-seq,classical-domains,settlers-sat18,p13,2018,MEMOUT,,,,1.963,,119.727,5977.16,MemoryError under a 8192MB limit.
PLASPPlanner-seq,classical-domains,settlers-sat18,p14,2018,MEMOUT,,,,1.893,,114.175,6395.66,MemoryError under a 8192MB limit.
PLASPPlanner-seq,classical-domains,settlers-sat18,p15,2018,MEMOUT,,,,1.8,,123.548,6113.31,MemoryError under a 8192MB limit.
PLASPPlanner-seq,classical-domains,settlers-sat18,p16,2018,MEMOUT,,,,1.924,,113.752,6476.7,MemoryError under a 8192MB limit.
PLASPPlanner-seq,classical-domains,settlers-sat18,p17,2018,MEMOUT,,,,1.824,,103.689,6860.02,MemoryError under a 8192MB limit.
PLASPPlanner-seq,classical-domains,settlers-sat18,p18,2018,MEMOUT,,,,1.791,,79.577,6970.65,MemoryError under a 8192MB limit.
PLASPPlanner-seq,classical-domains,settlers-sat18,p19,2018,KILLED,,,,,,,,
PLASPPlanner-seq,classical-domains,settlers-sat18,p20,2018,MEMOUT,,,,1.851,,92.881,7613.64,MemoryError under a 8192MB limit.
PLASPPlanner-seq,classical-domains,snake-opt18,p01,2018,TIMEOUT,,,,0.123,,1811.809,1260.97,Hit the task time limit.
PLASPPlanner-seq,classical-domains,snake-opt18,p02,2018,TIMEOUT,,,,0.224,,1812.767,1364.38,Hit the task time limit.
PLASPPlanner-seq,classical-domains,snake-opt18,p03,2018,TIMEOUT,,,,0.239,,1813.851,1386.93,Hit the task time limit.
PLASPPlanner-seq,classical-domains,snake-opt18,p04,2018,SOLVED,True,12,,0.112,36.42,37.817,549.27,
PLASPPlanner-seq,classical-domains,snake-opt18,p05,2018,SOLVED,True,17,,0.126,136.184,137.712,715.39,
PLASPPlanner-seq,classical-domains,snake-opt18,p06,2018,TIMEOUT,,,,0.225,,1820.033,1881.41,Hit the task time limit.
PLASPPlanner-seq,classical-domains,snake-opt18,p07,2018,TIMEOUT,,,,0.233,,1821.908,1959.27,Hit the task time limit.
PLASPPlanner-seq,classical-domains,snake-opt18,p08,2018,TIMEOUT,,,,0.25,,1823.879,2742.76,Hit the task time limit.
PLASPPlanner-seq,classical-domains,snake-opt18,p09,2018,TIMEOUT,,,,0.131,,1818.451,1901.97,Hit the task time limit.
PLASPPlanner-seq,classical-domains,snake-opt18,p10,2018,TIMEOUT,,,,0.214,,1819.007,1615.16,Hit the task time limit.
PLASPPlanner-seq,classical-domains,snake-opt18,p11,2018,TIMEOUT,,,,0.238,,1833.3,2714.75,Hit the task time limit.
PLASPPlanner-seq,classical-domains,snake-opt18,p12,2018,TIMEOUT,,,,0.249,,1836.283,3054.16,Hit the task time limit.
PLASPPlanner-seq,classical-domains,snake-opt18,p13,2018,TIMEOUT,,,,0.264,,1837.96,3134.39,Hit the task time limit.
PLASPPlanner-seq,classical-domains,snake-opt18,p14,2018,TIMEOUT,,,,0.258,,1845.845,3412.63,Hit the task time limit.
PLASPPlanner-seq,classical-domains,snake-opt18,p15,2018,TIMEOUT,,,,0.224,,1831.228,2184.36,Hit the task time limit.
PLASPPlanner-seq,classical-domains,snake-opt18,p16,2018,TIMEOUT,,,,0.254,,1856.807,3667.54,Hit the task time limit.
PLASPPlanner-seq,classical-domains,snake-opt18,p17,2018,TIMEOUT,,,,0.269,,1871.3,4412.5,Hit the task time limit.
PLASPPlanner-seq,classical-domains,snake-opt18,p18,2018,TIMEOUT,,,,0.267,,1864.723,4838.73,Hit the task time limit.
PLASPPlanner-seq,classical-domains,snake-opt18,p19,2018,TIMEOUT,,,,0.285,,1885.592,5480.11,Hit the task time limit.
PLASPPlanner-seq,classical-domains,snake-opt18,p20,2018,TIMEOUT,,,,0.243,,1856.89,3470.96,Hit the task time limit.
PLASPPlanner-seq,classical-domains,snake-sat18,p01,2018,TIMEOUT,,,,0.246,,1835.342,2627.52,Hit the task time limit.
PLASPPlanner-seq,classical-domains,snake-sat18,p02,2018,TIMEOUT,,,,0.238,,1835.933,3036.12,Hit the task time limit.
PLASPPlanner-seq,classical-domains,snake-sat18,p03,2018,TIMEOUT,,,,0.255,,1837.524,3386.35,Hit the task time limit.
PLASPPlanner-seq,classical-domains,snake-sat18,p04,2018,TIMEOUT,,,,0.259,,1843.531,3527.39,Hit the task time limit.
PLASPPlanner-seq,classical-domains,snake-sat18,p05,2018,TIMEOUT,,,,0.229,,1831.277,2257.3,Hit the task time limit.
PLASPPlanner-seq,classical-domains,snake-sat18,p06,2018,TIMEOUT,,,,0.254,,1892.814,5130.53,Hit the task time limit.
PLASPPlanner-seq,classical-domains,snake-sat18,p07,2018,TIMEOUT,,,,0.236,,1890.175,6127.35,Hit the task time limit.
PLASPPlanner-seq,classical-domains,snake-sat18,p08,2018,TIMEOUT,,,,0.218,,1897.125,6793.3,Hit the task time limit.
PLASPPlanner-seq,classical-domains,snake-sat18,p09,2018,TIMEOUT,,,,0.234,,1904.842,7486.79,Hit the task time limit.
PLASPPlanner-seq,classical-domains,snake-sat18,p10,2018,MEMOUT,,,,0.242,,1036.595,7582.45,MemoryError under a 8192MB limit.
PLASPPlanner-seq,classical-domains,snake-sat18,p11,2018,MEMOUT,,,,0.235,,1038.348,7563.8,MemoryError under a 8192MB limit.
PLASPPlanner-seq,classical-domains,snake-sat18,p12,2018,MEMOUT,,,,0.253,,1040.852,7468.58,MemoryError under a 8192MB limit.
PLASPPlanner-seq,classical-domains,snake-sat18,p13,2018,MEMOUT,,,,0.264,,1064.115,7463.81,MemoryError under a 8192MB limit.
PLASPPlanner-seq,classical-domains,snake-sat18,p14,2018,MEMOUT,,,,0.269,,1086.469,7527.07,MemoryError under a 8192MB limit.
PLASPPlanner-seq,classical-domains,snake-sat18,p15,2018,MEMOUT,,,,0.293,,1106.123,7572.04,MemoryError under a 8192MB limit.
PLASPPlanner-seq,classical-domains,snake-sat18,p16,2018,MEMOUT,,,,0.286,,1158.513,7561.41,MemoryError under a 8192MB limit.
PLASPPlanner-seq,classical-domains,snake-sat18,p17,2018,MEMOUT,,,,0.304,,1198.427,7614.59,MemoryError under a 8192MB limit.
PLASPPlanner-seq,classical-domains,snake-sat18,p18,2018,MEMOUT,,,,0.317,,1240.85,7614.75,MemoryError under a 8192MB limit.
PLASPPlanner-seq,classical-domains,snake-sat18,p19,2018,MEMOUT,,,,0.341,,1299.209,7625.55,MemoryError under a 8192MB limit.
PLASPPlanner-seq,classical-domains,snake-sat18,p20,2018,MEMOUT,,,,0.354,,1364.229,7650.29,MemoryError under a 8192MB limit.
PLASPPlanner-seq,classical-domains,sokoban-opt08-strips,p01,2008,SOLVED,True,49,,0.218,743.551,744.926,229.55,
PLASPPlanner-seq,classical-domains,sokoban-opt08-strips,p02,2008,SOLVED,True,35,,0.168,285.877,287.202,179.73,
PLASPPlanner-seq,classical-domains,sokoban-opt08-strips,p03,2008,SOLVED,True,51,,0.115,479.226,480.485,199.23,
PLASPPlanner-seq,classical-domains,sokoban-opt08-strips,p04,2008,TIMEOUT,,,,0.21,,1800.842,222.77,Hit the task time limit.
PLASPPlanner-seq,classical-domains,sokoban-opt08-strips,p05,2008,TIMEOUT,,,,0.243,,1800.725,319.21,Hit the task time limit.
PLASPPlanner-seq,classical-domains,sokoban-opt08-strips,p06,2008,TIMEOUT,,,,0.182,,1800.431,233.93,Hit the task time limit.
PLASPPlanner-seq,classical-domains,sokoban-opt08-strips,p07,2008,TIMEOUT,,,,0.325,,1802.473,283.65,Hit the task time limit.
PLASPPlanner-seq,classical-domains,sokoban-opt08-strips,p08,2008,TIMEOUT,,,,0.211,,1800.971,239.51,Hit the task time limit.
PLASPPlanner-seq,classical-domains,sokoban-opt08-strips,p09,2008,TIMEOUT,,,,0.256,,1801.217,270.3,Hit the task time limit.
PLASPPlanner-seq,classical-domains,sokoban-opt08-strips,p10,2008,TIMEOUT,,,,0.241,,1801.231,262.55,Hit the task time limit.
PLASPPlanner-seq,classical-domains,sokoban-opt08-strips,p11,2008,TIMEOUT,,,,0.277,,1802.894,309.76,Hit the task time limit.
PLASPPlanner-seq,classical-domains,sokoban-opt08-strips,p12,2008,TIMEOUT,,,,0.242,,1801.281,270.41,Hit the task time limit.
PLASPPlanner-seq,classical-domains,sokoban-opt08-strips,p13,2008,TIMEOUT,,,,0.243,,1801.064,252.02,Hit the task time limit.
PLASPPlanner-seq,classical-domains,sokoban-opt08-strips,p14,2008,TIMEOUT,,,,0.217,,1800.852,237.72,Hit the task time limit.
PLASPPlanner-seq,classical-domains,sokoban-opt08-strips,p15,2008,TIMEOUT,,,,0.293,,1802.2,304.15,Hit the task time limit.
PLASPPlanner-seq,classical-domains,sokoban-opt08-strips,p16,2008,TIMEOUT,,,,0.306,,1802.155,258.16,Hit the task time limit.
PLASPPlanner-seq,classical-domains,sokoban-opt08-strips,p17,2008,TIMEOUT,,,,0.309,,1802.205,260.91,Hit the task time limit.
PLASPPlanner-seq,classical-domains,sokoban-opt08-strips,p18,2008,TIMEOUT,,,,0.266,,1801.731,324.36,Hit the task time limit.
PLASPPlanner-seq,classical-domains,sokoban-opt08-strips,p19,2008,TIMEOUT,,,,0.246,,1801.07,247.87,Hit the task time limit.
PLASPPlanner-seq,classical-domains,sokoban-opt08-strips,p20,2008,TIMEOUT,,,,0.802,,1836.083,1002.7,Hit the task time limit.
PLASPPlanner-seq,classical-domains,sokoban-opt08-strips,p21,2008,TIMEOUT,,,,0.244,,1800.797,400.69,Hit the task time limit.
PLASPPlanner-seq,classical-domains,sokoban-opt08-strips,p22,2008,TIMEOUT,,,,0.275,,1801.589,268.4,Hit the task time limit.
PLASPPlanner-seq,classical-domains,sokoban-opt08-strips,p23,2008,TIMEOUT,,,,0.224,,1800.846,240.82,Hit the task time limit.
PLASPPlanner-seq,classical-domains,sokoban-opt08-strips,p24,2008,TIMEOUT,,,,0.26,,1801.311,256.28,Hit the task time limit.
PLASPPlanner-seq,classical-domains,sokoban-opt08-strips,p25,2008,TIMEOUT,,,,0.226,,1801.063,306.7,Hit the task time limit.
PLASPPlanner-seq,classical-domains,sokoban-opt08-strips,p26,2008,TIMEOUT,,,,0.241,,1801.228,256.36,Hit the task time limit.
PLASPPlanner-seq,classical-domains,sokoban-opt08-strips,p27,2008,TIMEOUT,,,,0.236,,1801.14,275.85,Hit the task time limit.
PLASPPlanner-seq,classical-domains,sokoban-opt08-strips,p28,2008,TIMEOUT,,,,0.302,,1802.209,280.3,Hit the task time limit.
PLASPPlanner-seq,classical-domains,sokoban-opt08-strips,p29,2008,TIMEOUT,,,,0.355,,1802.512,401.75,Hit the task time limit.
PLASPPlanner-seq,classical-domains,sokoban-opt08-strips,p30,2008,TIMEOUT,,,,0.261,,1801.114,436.49,Hit the task time limit.
PLASPPlanner-seq,classical-domains,sokoban-opt11-strips,p01,2011,TIMEOUT,,,,0.19,,1800.438,231.95,Hit the task time limit.
PLASPPlanner-seq,classical-domains,sokoban-opt11-strips,p02,2011,TIMEOUT,,,,0.3,,1802.165,255.33,Hit the task time limit.
PLASPPlanner-seq,classical-domains,sokoban-opt11-strips,p03,2011,TIMEOUT,,,,0.213,,1800.836,240.08,Hit the task time limit.
PLASPPlanner-seq,classical-domains,sokoban-opt11-strips,p04,2011,TIMEOUT,,,,0.215,,1800.863,224.65,Hit the task time limit.
PLASPPlanner-seq,classical-domains,sokoban-opt11-strips,p05,2011,TIMEOUT,,,,0.305,,1802.246,268.34,Hit the task time limit.
PLASPPlanner-seq,classical-domains,sokoban-opt11-strips,p06,2011,TIMEOUT,,,,0.292,,1802.962,307.44,Hit the task time limit.
PLASPPlanner-seq,classical-domains,sokoban-opt11-strips,p07,2011,TIMEOUT,,,,0.265,,1801.27,258.26,Hit the task time limit.
PLASPPlanner-seq,classical-domains,sokoban-opt11-strips,p08,2011,TIMEOUT,,,,0.249,,1801.235,272.33,Hit the task time limit.
PLASPPlanner-seq,classical-domains,sokoban-opt11-strips,p09,2011,TIMEOUT,,,,0.301,,1802.42,291.99,Hit the task time limit.
PLASPPlanner-seq,classical-domains,sokoban-opt11-strips,p10,2011,TIMEOUT,,,,0.236,,1800.736,318.07,Hit the task time limit.
PLASPPlanner-seq,classical-domains,sokoban-opt11-strips,p11,2011,TIMEOUT,,,,0.25,,1801.032,252.88,Hit the task time limit.
PLASPPlanner-seq,classical-domains,sokoban-opt11-strips,p12,2011,TIMEOUT,,,,0.85,,1835.17,1003.79,Hit the task time limit.
PLASPPlanner-seq,classical-domains,sokoban-opt11-strips,p13,2011,TIMEOUT,,,,0.258,,1800.945,242.27,Hit the task time limit.
PLASPPlanner-seq,classical-domains,sokoban-opt11-strips,p14,2011,TIMEOUT,,,,0.259,,1801.253,268.97,Hit the task time limit.
PLASPPlanner-seq,classical-domains,sokoban-opt11-strips,p15,2011,TIMEOUT,,,,0.31,,1801.768,324.35,Hit the task time limit.
PLASPPlanner-seq,classical-domains,sokoban-opt11-strips,p16,2011,TIMEOUT,,,,0.341,,1802.163,302.3,Hit the task time limit.
PLASPPlanner-seq,classical-domains,sokoban-opt11-strips,p17,2011,TIMEOUT,,,,0.265,,1801.056,250.4,Hit the task time limit.
PLASPPlanner-seq,classical-domains,sokoban-opt11-strips,p18,2011,TIMEOUT,,,,0.267,,1800.764,400.45,Hit the task time limit.
PLASPPlanner-seq,classical-domains,sokoban-opt11-strips,p19,2011,TIMEOUT,,,,0.302,,1801.581,269.05,Hit the task time limit.
PLASPPlanner-seq,classical-domains,sokoban-opt11-strips,p20,2011,TIMEOUT,,,,0.251,,1800.826,248.95,Hit the task time limit.
PLASPPlanner-seq,classical-domains,sokoban-sat08-strips,p01,2008,SOLVED,True,35,,0.203,299.795,301.235,179.3,
PLASPPlanner-seq,classical-domains,sokoban-sat08-strips,p02,2008,TIMEOUT,,,,0.24,,1800.848,222.84,Hit the task time limit.
PLASPPlanner-seq,classical-domains,sokoban-sat08-strips,p03,2008,TIMEOUT,,,,0.214,,1800.431,234.37,Hit the task time limit.
PLASPPlanner-seq,classical-domains,sokoban-sat08-strips,p04,2008,TIMEOUT,,,,0.267,,1800.994,241.69,Hit the task time limit.
PLASPPlanner-seq,classical-domains,sokoban-sat08-strips,p05,2008,TIMEOUT,,,,0.293,,1801.326,262.97,Hit the task time limit.
PLASPPlanner-seq,classical-domains,sokoban-sat08-strips,p06,2008,TIMEOUT,,,,0.278,,1801.3,270.62,Hit the task time limit.
PLASPPlanner-seq,classical-domains,sokoban-sat08-strips,p07,2008,TIMEOUT,,,,0.228,,1800.837,238.22,Hit the task time limit.
PLASPPlanner-seq,classical-domains,sokoban-sat08-strips,p08,2008,TIMEOUT,,,,0.327,,1802.153,259.48,Hit the task time limit.
PLASPPlanner-seq,classical-domains,sokoban-sat08-strips,p09,2008,TIMEOUT,,,,0.286,,1801.694,324.23,Hit the task time limit.
PLASPPlanner-seq,classical-domains,sokoban-sat08-strips,p10,2008,TIMEOUT,,,,0.861,,1835.103,1000.6,Hit the task time limit.
PLASPPlanner-seq,classical-domains,sokoban-sat08-strips,p11,2008,TIMEOUT,,,,0.249,,1800.784,399.55,Hit the task time limit.
PLASPPlanner-seq,classical-domains,sokoban-sat08-strips,p12,2008,TIMEOUT,,,,0.287,,1801.585,266.21,Hit the task time limit.
PLASPPlanner-seq,classical-domains,sokoban-sat08-strips,p13,2008,TIMEOUT,,,,0.241,,1800.861,254.12,Hit the task time limit.
PLASPPlanner-seq,classical-domains,sokoban-sat08-strips,p14,2008,TIMEOUT,,,,0.261,,1801.31,267.2,Hit the task time limit.
PLASPPlanner-seq,classical-domains,sokoban-sat08-strips,p15,2008,TIMEOUT,,,,0.24,,1801.061,305.13,Hit the task time limit.
PLASPPlanner-seq,classical-domains,sokoban-sat08-strips,p16,2008,TIMEOUT,,,,0.257,,1801.219,255.62,Hit the task time limit.
PLASPPlanner-seq,classical-domains,sokoban-sat08-strips,p17,2008,TIMEOUT,,,,0.249,,1801.166,272.46,Hit the task time limit.
PLASPPlanner-seq,classical-domains,sokoban-sat08-strips,p18,2008,TIMEOUT,,,,0.291,,1802.215,272.34,Hit the task time limit.
PLASPPlanner-seq,classical-domains,sokoban-sat08-strips,p19,2008,TIMEOUT,,,,0.338,,1802.479,398.58,Hit the task time limit.
PLASPPlanner-seq,classical-domains,sokoban-sat08-strips,p20,2008,TIMEOUT,,,,0.271,,1801.139,437.94,Hit the task time limit.
PLASPPlanner-seq,classical-domains,sokoban-sat08-strips,p21,2008,TIMEOUT,,,,0.471,,1804.953,350.66,Hit the task time limit.
PLASPPlanner-seq,classical-domains,sokoban-sat08-strips,p22,2008,TIMEOUT,,,,0.282,,1801.529,265.16,Hit the task time limit.
PLASPPlanner-seq,classical-domains,sokoban-sat08-strips,p23,2008,TIMEOUT,,,,0.319,,1802.63,264.15,Hit the task time limit.
PLASPPlanner-seq,classical-domains,sokoban-sat08-strips,p24,2008,TIMEOUT,,,,0.315,,1802.208,272.84,Hit the task time limit.
PLASPPlanner-seq,classical-domains,sokoban-sat08-strips,p25,2008,TIMEOUT,,,,0.257,,1801.305,269.67,Hit the task time limit.
PLASPPlanner-seq,classical-domains,sokoban-sat08-strips,p26,2008,TIMEOUT,,,,0.287,,1801.897,276.31,Hit the task time limit.
PLASPPlanner-seq,classical-domains,sokoban-sat08-strips,p27,2008,TIMEOUT,,,,0.305,,1802.276,298.61,Hit the task time limit.
PLASPPlanner-seq,classical-domains,sokoban-sat08-strips,p28,2008,TIMEOUT,,,,0.407,,1804.068,344.73,Hit the task time limit.
PLASPPlanner-seq,classical-domains,sokoban-sat08-strips,p29,2008,TIMEOUT,,,,0.26,,1802.107,265.44,Hit the task time limit.
PLASPPlanner-seq,classical-domains,sokoban-sat08-strips,p30,2008,TIMEOUT,,,,0.308,,1802.49,286.07,Hit the task time limit.
PLASPPlanner-seq,classical-domains,sokoban-sat11-strips,p01,2011,TIMEOUT,,,,0.261,,1801.303,268.73,Hit the task time limit.
PLASPPlanner-seq,classical-domains,sokoban-sat11-strips,p02,2011,TIMEOUT,,,,0.318,,1802.188,261.38,Hit the task time limit.
PLASPPlanner-seq,classical-domains,sokoban-sat11-strips,p03,2011,TIMEOUT,,,,0.221,,1801.15,272.0,Hit the task time limit.
PLASPPlanner-seq,classical-domains,sokoban-sat11-strips,p04,2011,TIMEOUT,,,,0.252,,1801.257,256.8,Hit the task time limit.
PLASPPlanner-seq,classical-domains,sokoban-sat11-strips,p05,2011,TIMEOUT,,,,0.265,,1801.276,257.54,Hit the task time limit.
PLASPPlanner-seq,classical-domains,sokoban-sat11-strips,p06,2011,TIMEOUT,,,,0.255,,1801.556,267.98,Hit the task time limit.
PLASPPlanner-seq,classical-domains,sokoban-sat11-strips,p07,2011,TIMEOUT,,,,0.235,,1800.845,254.39,Hit the task time limit.
PLASPPlanner-seq,classical-domains,sokoban-sat11-strips,p08,2011,TIMEOUT,,,,0.278,,1801.523,269.6,Hit the task time limit.
PLASPPlanner-seq,classical-domains,sokoban-sat11-strips,p09,2011,TIMEOUT,,,,0.789,,1835.586,1003.61,Hit the task time limit.
PLASPPlanner-seq,classical-domains,sokoban-sat11-strips,p10,2011,TIMEOUT,,,,0.334,,1802.573,264.09,Hit the task time limit.
PLASPPlanner-seq,classical-domains,sokoban-sat11-strips,p11,2011,TIMEOUT,,,,0.408,,1804.107,346.02,Hit the task time limit.
PLASPPlanner-seq,classical-domains,sokoban-sat11-strips,p12,2011,TIMEOUT,,,,0.314,,1802.201,279.29,Hit the task time limit.
PLASPPlanner-seq,classical-domains,sokoban-sat11-strips,p13,2011,TIMEOUT,,,,0.288,,1802.262,312.49,Hit the task time limit.
PLASPPlanner-seq,classical-domains,sokoban-sat11-strips,p14,2011,TIMEOUT,,,,0.325,,1802.271,273.86,Hit the task time limit.
PLASPPlanner-seq,classical-domains,sokoban-sat11-strips,p15,2011,TIMEOUT,,,,0.381,,1802.683,287.74,Hit the task time limit.
PLASPPlanner-seq,classical-domains,sokoban-sat11-strips,p16,2011,TIMEOUT,,,,0.374,,1802.412,394.65,Hit the task time limit.
PLASPPlanner-seq,classical-domains,sokoban-sat11-strips,p17,2011,TIMEOUT,,,,0.302,,1801.893,274.14,Hit the task time limit.
PLASPPlanner-seq,classical-domains,sokoban-sat11-strips,p18,2011,TIMEOUT,,,,0.288,,1802.129,266.39,Hit the task time limit.
PLASPPlanner-seq,classical-domains,sokoban-sat11-strips,p19,2011,TIMEOUT,,,,0.259,,1801.076,305.19,Hit the task time limit.
PLASPPlanner-seq,classical-domains,sokoban-sat11-strips,p20,2011,TIMEOUT,,,,0.297,,1801.143,415.82,Hit the task time limit.
PLASPPlanner-seq,classical-domains,spider-opt18,p01,2018,TIMEOUT,,,,0.352,,1800.635,894.25,Hit the task time limit.
PLASPPlanner-seq,classical-domains,spider-opt18,p02,2018,TIMEOUT,,,,0.381,,1801.155,1542.95,Hit the task time limit.
PLASPPlanner-seq,classical-domains,spider-opt18,p03,2018,TIMEOUT,,,,0.384,,1801.769,1915.84,Hit the task time limit.
PLASPPlanner-seq,classical-domains,spider-opt18,p04,2018,TIMEOUT,,,,0.403,,1802.266,2530.33,Hit the task time limit.
PLASPPlanner-seq,classical-domains,spider-opt18,p05,2018,TIMEOUT,,,,0.448,,1803.539,3904.28,Hit the task time limit.
PLASPPlanner-seq,classical-domains,spider-opt18,p06,2018,TIMEOUT,,,,0.455,,1805.453,6036.41,Hit the task time limit.
PLASPPlanner-seq,classical-domains,spider-opt18,p07,2018,TIMEOUT,,,,0.368,,1800.618,744.28,Hit the task time limit.
PLASPPlanner-seq,classical-domains,spider-opt18,p08,2018,TIMEOUT,,,,0.369,,1800.82,949.59,Hit the task time limit.
PLASPPlanner-seq,classical-domains,spider-opt18,p09,2018,TIMEOUT,,,,0.432,,1801.519,1741.91,Hit the task time limit.
PLASPPlanner-seq,classical-domains,spider-opt18,p10,2018,TIMEOUT,,,,0.415,,1802.085,2150.02,Hit the task time limit.
PLASPPlanner-seq,classical-domains,spider-opt18,p11,2018,TIMEOUT,,,,0.449,,1803.228,3675.88,Hit the task time limit.
PLASPPlanner-seq,classical-domains,spider-opt18,p12,2018,TIMEOUT,,,,0.455,,1804.717,5339.79,Hit the task time limit.
PLASPPlanner-seq,classical-domains,spider-opt18,p13,2018,TIMEOUT,,,,0.48,,1802.943,5909.16,Hit the task time limit.
PLASPPlanner-seq,classical-domains,spider-opt18,p14,2018,TIMEOUT,,,,0.373,,1800.606,712.99,Hit the task time limit.
PLASPPlanner-seq,classical-domains,spider-opt18,p15,2018,TIMEOUT,,,,0.378,,1800.951,1189.91,Hit the task time limit.
PLASPPlanner-seq,classical-domains,spider-opt18,p16,2018,TIMEOUT,,,,0.398,,1800.914,1341.94,Hit the task time limit.
PLASPPlanner-seq,classical-domains,spider-opt18,p17,2018,TIMEOUT,,,,0.423,,1801.751,1631.74,Hit the task time limit.
PLASPPlanner-seq,classical-domains,spider-opt18,p18,2018,TIMEOUT,,,,0.432,,1803.334,3412.63,Hit the task time limit.
PLASPPlanner-seq,classical-domains,spider-opt18,p19,2018,TIMEOUT,,,,0.448,,1804.802,5488.75,Hit the task time limit.
PLASPPlanner-seq,classical-domains,spider-opt18,p20,2018,TIMEOUT,,,,0.465,,1805.601,6134.73,Hit the task time limit.
PLASPPlanner-seq,classical-domains,spider-sat18,p01,2018,TIMEOUT,,,,0.383,,1803.597,3958.0,Hit the task time limit.
PLASPPlanner-seq,classical-domains,spider-sat18,p02,2018,TIMEOUT,,,,0.414,,1804.969,6145.93,Hit the task time limit.
PLASPPlanner-seq,classical-domains,spider-sat18,p03,2018,TIMEOUT,,,,0.419,,1806.417,7357.5,Hit the task time limit.
PLASPPlanner-seq,classical-domains,spider-sat18,p04,2018,MEMOUT,,,,0.45,,491.225,7412.23,MemoryError under a 8192MB limit.
PLASPPlanner-seq,classical-domains,spider-sat18,p05,2018,MEMOUT,,,,0.453,,417.085,6728.27,MemoryError under a 8192MB limit.
PLASPPlanner-seq,classical-domains,spider-sat18,p06,2018,MEMOUT,,,,0.492,,418.479,6547.17,MemoryError under a 8192MB limit.
PLASPPlanner-seq,classical-domains,spider-sat18,p07,2018,TIMEOUT,,,,0.396,,1801.645,1785.96,Hit the task time limit.
PLASPPlanner-seq,classical-domains,spider-sat18,p08,2018,TIMEOUT,,,,0.407,,1803.298,3594.61,Hit the task time limit.
PLASPPlanner-seq,classical-domains,spider-sat18,p09,2018,TIMEOUT,,,,0.444,,1804.785,5411.11,Hit the task time limit.
PLASPPlanner-seq,classical-domains,spider-sat18,p10,2018,TIMEOUT,,,,0.448,,1805.527,6279.26,Hit the task time limit.
PLASPPlanner-seq,classical-domains,spider-sat18,p11,2018,MEMOUT,,,,0.473,,806.934,7412.33,MemoryError under a 8192MB limit.
PLASPPlanner-seq,classical-domains,spider-sat18,p12,2018,MEMOUT,,,,0.499,,545.588,7191.36,MemoryError under a 8192MB limit.
PLASPPlanner-seq,classical-domains,spider-sat18,p13,2018,MEMOUT,,,,0.512,,417.976,6671.21,MemoryError under a 8192MB limit.
PLASPPlanner-seq,classical-domains,spider-sat18,p14,2018,TIMEOUT,,,,0.402,,1801.845,1715.97,Hit the task time limit.
PLASPPlanner-seq,classical-domains,spider-sat18,p15,2018,TIMEOUT,,,,0.437,,1803.163,3363.7,Hit the task time limit.
PLASPPlanner-seq,classical-domains,spider-sat18,p16,2018,TIMEOUT,,,,0.452,,1804.655,5269.1,Hit the task time limit.
PLASPPlanner-seq,classical-domains,spider-sat18,p17,2018,TIMEOUT,,,,0.461,,1805.184,6395.53,Hit the task time limit.
PLASPPlanner-seq,classical-domains,spider-sat18,p18,2018,TIMEOUT,,,,0.499,,1807.124,7277.72,Hit the task time limit.
PLASPPlanner-seq,classical-domains,spider-sat18,p19,2018,MEMOUT,,,,0.525,,510.696,7527.17,MemoryError under a 8192MB limit.
PLASPPlanner-seq,classical-domains,spider-sat18,p20,2018,MEMOUT,,,,0.526,,873.233,7444.36,MemoryError under a 8192MB limit.
PLASPPlanner-seq,classical-domains,storage,p01,2006,ERROR,,,,,,1.166,120.0,"ParseSyntaxException: Expected ')', found '(' (at char 323), (line:12, col:7)"
PLASPPlanner-seq,classical-domains,storage,p02,2006,ERROR,,,,,,1.162,116.0,"ParseSyntaxException: Expected ')', found '(' (at char 323), (line:12, col:7)"
PLASPPlanner-seq,classical-domains,storage,p03,2006,ERROR,,,,,,1.162,118.0,"ParseSyntaxException: Expected ')', found '(' (at char 323), (line:12, col:7)"
PLASPPlanner-seq,classical-domains,storage,p04,2006,ERROR,,,,,,1.161,116.0,"ParseSyntaxException: Expected ')', found '(' (at char 323), (line:12, col:7)"
PLASPPlanner-seq,classical-domains,storage,p05,2006,ERROR,,,,,,1.163,118.0,"ParseSyntaxException: Expected ')', found '(' (at char 323), (line:12, col:7)"
PLASPPlanner-seq,classical-domains,storage,p06,2006,ERROR,,,,,,1.161,118.0,"ParseSyntaxException: Expected ')', found '(' (at char 323), (line:12, col:7)"
PLASPPlanner-seq,classical-domains,storage,p07,2006,ERROR,,,,,,1.156,120.0,"ParseSyntaxException: Expected ')', found '(' (at char 323), (line:12, col:7)"
PLASPPlanner-seq,classical-domains,storage,p08,2006,ERROR,,,,,,1.152,116.0,"ParseSyntaxException: Expected ')', found '(' (at char 323), (line:12, col:7)"
PLASPPlanner-seq,classical-domains,storage,p09,2006,ERROR,,,,,,1.15,120.0,"ParseSyntaxException: Expected ')', found '(' (at char 323), (line:12, col:7)"
PLASPPlanner-seq,classical-domains,storage,p10,2006,ERROR,,,,,,1.15,116.0,"ParseSyntaxException: Expected ')', found '(' (at char 323), (line:12, col:7)"
PLASPPlanner-seq,classical-domains,storage,p11,2006,ERROR,,,,,,1.165,118.0,"ParseSyntaxException: Expected ')', found '(' (at char 323), (line:12, col:7)"
PLASPPlanner-seq,classical-domains,storage,p12,2006,ERROR,,,,,,1.154,120.0,"ParseSyntaxException: Expected ')', found '(' (at char 323), (line:12, col:7)"
PLASPPlanner-seq,classical-domains,storage,p13,2006,ERROR,,,,,,1.178,120.0,"ParseSyntaxException: Expected ')', found '(' (at char 323), (line:12, col:7)"
PLASPPlanner-seq,classical-domains,storage,p14,2006,ERROR,,,,,,1.196,120.0,"ParseSyntaxException: Expected ')', found '(' (at char 323), (line:12, col:7)"
PLASPPlanner-seq,classical-domains,storage,p15,2006,ERROR,,,,,,1.197,118.0,"ParseSyntaxException: Expected ')', found '(' (at char 323), (line:12, col:7)"
PLASPPlanner-seq,classical-domains,storage,p16,2006,ERROR,,,,,,1.182,120.0,"ParseSyntaxException: Expected ')', found '(' (at char 323), (line:12, col:7)"
PLASPPlanner-seq,classical-domains,storage,p17,2006,ERROR,,,,,,1.205,120.0,"ParseSyntaxException: Expected ')', found '(' (at char 323), (line:12, col:7)"
PLASPPlanner-seq,classical-domains,storage,p18,2006,ERROR,,,,,,1.217,120.0,"ParseSyntaxException: Expected ')', found '(' (at char 323), (line:12, col:7)"
PLASPPlanner-seq,classical-domains,storage,p19,2006,ERROR,,,,,,1.2,120.0,"ParseSyntaxException: Expected ')', found '(' (at char 323), (line:12, col:7)"
PLASPPlanner-seq,classical-domains,storage,p20,2006,ERROR,,,,,,1.227,118.0,"ParseSyntaxException: Expected ')', found '(' (at char 323), (line:12, col:7)"
PLASPPlanner-seq,classical-domains,storage,p21,2006,ERROR,,,,,,1.224,118.0,"ParseSyntaxException: Expected ')', found '(' (at char 323), (line:12, col:7)"
PLASPPlanner-seq,classical-domains,storage,p22,2006,ERROR,,,,,,1.147,120.0,"ParseSyntaxException: Expected ')', found '(' (at char 323), (line:12, col:7)"
PLASPPlanner-seq,classical-domains,storage,p23,2006,ERROR,,,,,,1.142,120.0,"ParseSyntaxException: Expected ')', found '(' (at char 323), (line:12, col:7)"
PLASPPlanner-seq,classical-domains,storage,p24,2006,ERROR,,,,,,1.142,120.0,"ParseSyntaxException: Expected ')', found '(' (at char 323), (line:12, col:7)"
PLASPPlanner-seq,classical-domains,storage,p25,2006,ERROR,,,,,,1.164,118.0,"ParseSyntaxException: Expected ')', found '(' (at char 323), (line:12, col:7)"
PLASPPlanner-seq,classical-domains,storage,p26,2006,ERROR,,,,,,1.142,118.0,"ParseSyntaxException: Expected ')', found '(' (at char 323), (line:12, col:7)"
PLASPPlanner-seq,classical-domains,storage,p27,2006,ERROR,,,,,,1.146,118.0,"ParseSyntaxException: Expected ')', found '(' (at char 323), (line:12, col:7)"
PLASPPlanner-seq,classical-domains,storage,p28,2006,ERROR,,,,,,1.142,120.0,"ParseSyntaxException: Expected ')', found '(' (at char 323), (line:12, col:7)"
PLASPPlanner-seq,classical-domains,storage,p29,2006,ERROR,,,,,,1.319,120.0,"ParseSyntaxException: Expected ')', found '(' (at char 323), (line:12, col:7)"
PLASPPlanner-seq,classical-domains,storage,p30,2006,ERROR,,,,,,1.21,120.0,"ParseSyntaxException: Expected ')', found '(' (at char 323), (line:12, col:7)"
PLASPPlanner-seq,classical-domains,termes-opt18,p01,2018,TIMEOUT,,,,0.102,,1800.112,194.07,Hit the task time limit.
PLASPPlanner-seq,classical-domains,termes-opt18,p02,2018,TIMEOUT,,,,0.101,,1800.097,204.62,Hit the task time limit.
PLASPPlanner-seq,classical-domains,termes-opt18,p03,2018,TIMEOUT,,,,0.102,,1800.121,221.23,Hit the task time limit.
PLASPPlanner-seq,classical-domains,termes-opt18,p04,2018,TIMEOUT,,,,0.101,,1800.118,235.08,Hit the task time limit.
PLASPPlanner-seq,classical-domains,termes-opt18,p05,2018,TIMEOUT,,,,0.104,,1800.121,230.88,Hit the task time limit.
PLASPPlanner-seq,classical-domains,termes-opt18,p06,2018,TIMEOUT,,,,0.104,,1800.146,239.46,Hit the task time limit.
PLASPPlanner-seq,classical-domains,termes-opt18,p07,2018,TIMEOUT,,,,0.102,,1800.137,302.07,Hit the task time limit.
PLASPPlanner-seq,classical-domains,termes-opt18,p08,2018,TIMEOUT,,,,0.14,,1800.167,273.16,Hit the task time limit.
PLASPPlanner-seq,classical-domains,termes-opt18,p09,2018,TIMEOUT,,,,0.114,,1800.135,242.2,Hit the task time limit.
PLASPPlanner-seq,classical-domains,termes-opt18,p10,2018,TIMEOUT,,,,0.11,,1800.137,233.62,Hit the task time limit.
PLASPPlanner-seq,classical-domains,termes-opt18,p11,2018,TIMEOUT,,,,0.119,,1800.116,204.77,Hit the task time limit.
PLASPPlanner-seq,classical-domains,termes-opt18,p12,2018,TIMEOUT,,,,0.11,,1800.095,201.42,Hit the task time limit.
PLASPPlanner-seq,classical-domains,termes-opt18,p13,2018,TIMEOUT,,,,0.114,,1800.109,208.44,Hit the task time limit.
PLASPPlanner-seq,classical-domains,termes-opt18,p14,2018,TIMEOUT,,,,0.123,,1800.155,225.35,Hit the task time limit.
PLASPPlanner-seq,classical-domains,termes-opt18,p15,2018,TIMEOUT,,,,0.114,,1800.158,264.37,Hit the task time limit.
PLASPPlanner-seq,classical-domains,termes-opt18,p16,2018,TIMEOUT,,,,0.124,,1800.157,223.07,Hit the task time limit.
PLASPPlanner-seq,classical-domains,termes-opt18,p17,2018,TIMEOUT,,,,0.11,,1800.112,203.44,Hit the task time limit.
PLASPPlanner-seq,classical-domains,termes-opt18,p18,2018,TIMEOUT,,,,0.116,,1800.112,201.98,Hit the task time limit.
PLASPPlanner-seq,classical-domains,termes-opt18,p19,2018,TIMEOUT,,,,0.124,,1800.118,208.32,Hit the task time limit.
PLASPPlanner-seq,classical-domains,termes-opt18,p20,2018,TIMEOUT,,,,0.116,,1800.107,201.04,Hit the task time limit.
PLASPPlanner-seq,classical-domains,termes-sat18,p01,2018,TIMEOUT,,,,0.125,,1800.151,245.76,Hit the task time limit.
PLASPPlanner-seq,classical-domains,termes-sat18,p02,2018,TIMEOUT,,,,0.141,,1800.134,225.09,Hit the task time limit.
PLASPPlanner-seq,classical-domains,termes-sat18,p03,2018,TIMEOUT,,,,0.137,,1800.19,251.93,Hit the task time limit.
PLASPPlanner-seq,classical-domains,termes-sat18,p04,2018,TIMEOUT,,,,0.146,,1800.129,224.67,Hit the task time limit.
PLASPPlanner-seq,classical-domains,termes-sat18,p05,2018,TIMEOUT,,,,0.134,,1800.142,237.14,Hit the task time limit.
PLASPPlanner-seq,classical-domains,termes-sat18,p06,2018,TIMEOUT,,,,0.136,,1800.232,279.89,Hit the task time limit.
PLASPPlanner-seq,classical-domains,termes-sat18,p07,2018,TIMEOUT,,,,0.136,,1800.184,300.9,Hit the task time limit.
PLASPPlanner-seq,classical-domains,termes-sat18,p08,2018,TIMEOUT,,,,0.137,,1800.256,300.88,Hit the task time limit.
PLASPPlanner-seq,classical-domains,termes-sat18,p09,2018,TIMEOUT,,,,0.124,,1800.344,473.38,Hit the task time limit.
PLASPPlanner-seq,classical-domains,termes-sat18,p10,2018,TIMEOUT,,,,0.135,,1800.296,359.6,Hit the task time limit.
PLASPPlanner-seq,classical-domains,termes-sat18,p11,2018,TIMEOUT,,,,0.256,,1800.159,253.76,Hit the task time limit.
PLASPPlanner-seq,classical-domains,termes-sat18,p12,2018,TIMEOUT,,,,0.247,,1800.159,244.68,Hit the task time limit.
PLASPPlanner-seq,classical-domains,termes-sat18,p13,2018,TIMEOUT,,,,0.246,,1800.202,347.91,Hit the task time limit.
PLASPPlanner-seq,classical-domains,termes-sat18,p14,2018,TIMEOUT,,,,0.24,,1800.199,257.86,Hit the task time limit.
PLASPPlanner-seq,classical-domains,termes-sat18,p15,2018,TIMEOUT,,,,0.233,,1800.218,271.92,Hit the task time limit.
PLASPPlanner-seq,classical-domains,termes-sat18,p16,2018,TIMEOUT,,,,0.136,,1800.126,223.76,Hit the task time limit.
PLASPPlanner-seq,classical-domains,termes-sat18,p17,2018,TIMEOUT,,,,0.145,,1800.193,297.68,Hit the task time limit.
PLASPPlanner-seq,classical-domains,termes-sat18,p18,2018,TIMEOUT,,,,0.226,,1800.233,341.29,Hit the task time limit.
PLASPPlanner-seq,classical-domains,termes-sat18,p19,2018,TIMEOUT,,,,0.227,,1800.233,313.69,Hit the task time limit.
PLASPPlanner-seq,classical-domains,termes-sat18,p20,2018,TIMEOUT,,,,0.261,,1800.39,467.78,Hit the task time limit.
PLASPPlanner-seq,classical-domains,tetris-opt14-strips,p01-10,2014,TIMEOUT,,,,0.272,,1984.849,2430.45,Hit the task time limit.
PLASPPlanner-seq,classical-domains,tetris-opt14-strips,p01-6,2014,TIMEOUT,,,,0.234,,1832.99,1413.17,Hit the task time limit.
PLASPPlanner-seq,classical-domains,tetris-opt14-strips,p01-8,2014,TIMEOUT,,,,0.261,,1821.519,2903.71,Hit the task time limit.
PLASPPlanner-seq,classical-domains,tetris-opt14-strips,p02-10,2014,TIMEOUT,,,,0.269,,1845.402,2406.66,Hit the task time limit.
PLASPPlanner-seq,classical-domains,tetris-opt14-strips,p02-4,2014,SOLVED,True,6,,0.21,12.942,14.463,343.29,
PLASPPlanner-seq,classical-domains,tetris-opt14-strips,p02-6,2014,TIMEOUT,,,,0.24,,1910.02,2071.73,Hit the task time limit.
PLASPPlanner-seq,classical-domains,tetris-opt14-strips,p02-8,2014,TIMEOUT,,,,0.25,,1887.264,2455.4,Hit the task time limit.
PLASPPlanner-seq,classical-domains,tetris-opt14-strips,p03-10,2014,TIMEOUT,,,,0.259,,1833.104,3795.84,Hit the task time limit.
PLASPPlanner-seq,classical-domains,tetris-opt14-strips,p03-4,2014,SOLVED,True,9,,0.216,462.477,464.054,507.86,
PLASPPlanner-seq,classical-domains,tetris-opt14-strips,p03-6,2014,TIMEOUT,,,,0.231,,1828.928,1067.85,Hit the task time limit.
PLASPPlanner-seq,classical-domains,tetris-opt14-strips,p03-8,2014,TIMEOUT,,,,0.244,,1948.5,3017.0,Hit the task time limit.
PLASPPlanner-seq,classical-domains,tetris-opt14-strips,p04-10,2014,TIMEOUT,,,,0.279,,1841.314,3307.06,Hit the task time limit.
PLASPPlanner-seq,classical-domains,tetris-opt14-strips,p04-6,2014,TIMEOUT,,,,0.222,,1815.968,1220.25,Hit the task time limit.
PLASPPlanner-seq,classical-domains,tetris-opt14-strips,p04-8,2014,TIMEOUT,,,,0.253,,1811.501,3131.16,Hit the task time limit.
PLASPPlanner-seq,classical-domains,tetris-opt14-strips,p05-10,2014,KILLED,,,,,,,,
PLASPPlanner-seq,classical-domains,tetris-opt14-strips,p05-6,2014,TIMEOUT,,,,0.233,,1828.996,1166.21,Hit the task time limit.
PLASPPlanner-seq,classical-domains,tetris-opt14-strips,p05-8,2014,TIMEOUT,,,,0.251,,1929.899,2965.08,Hit the task time limit.
PLASPPlanner-seq,classical-domains,tetris-sat14-strips,p020,2014,TIMEOUT,,,,0.261,,1804.645,1717.84,Hit the task time limit.
PLASPPlanner-seq,classical-domains,tetris-sat14-strips,p021,2014,TIMEOUT,,,,0.276,,1822.131,5642.68,Hit the task time limit.
PLASPPlanner-seq,classical-domains,tetris-sat14-strips,p022,2014,TIMEOUT,,,,0.277,,1813.582,4058.61,Hit the task time limit.
PLASPPlanner-seq,classical-domains,tetris-sat14-strips,p023,2014,TIMEOUT,,,,0.277,,1814.171,4223.15,Hit the task time limit.
PLASPPlanner-seq,classical-domains,tetris-sat14-strips,p024,2014,TIMEOUT,,,,0.276,,1822.8,5505.93,Hit the task time limit.
PLASPPlanner-seq,classical-domains,tetris-sat14-strips,p025,2014,TIMEOUT,,,,0.277,,1807.234,2391.31,Hit the task time limit.
PLASPPlanner-seq,classical-domains,tetris-sat14-strips,p026,2014,MEMOUT,,,,0.307,,693.35,7345.34,MemoryError under a 8192MB limit.
PLASPPlanner-seq,classical-domains,tetris-sat14-strips,p027,2014,MEMOUT,,,,0.301,,1099.22,7644.83,MemoryError under a 8192MB limit.
PLASPPlanner-seq,classical-domains,tetris-sat14-strips,p028,2014,TIMEOUT,,,,0.294,,1828.554,7544.17,Hit the task time limit.
PLASPPlanner-seq,classical-domains,tetris-sat14-strips,p029,2014,TIMEOUT,,,,0.298,,1808.178,2436.16,Hit the task time limit.
PLASPPlanner-seq,classical-domains,tetris-sat14-strips,p031,2014,MEMOUT,,,,0.302,,658.243,7412.15,MemoryError under a 8192MB limit.
PLASPPlanner-seq,classical-domains,tetris-sat14-strips,p032,2014,TIMEOUT,,,,0.322,,1821.685,4764.87,Hit the task time limit.
PLASPPlanner-seq,classical-domains,tetris-sat14-strips,p033,2014,MEMOUT,,,,0.37,,904.257,7703.83,MemoryError under a 8192MB limit.
PLASPPlanner-seq,classical-domains,tetris-sat14-strips,p034,2014,MEMOUT,,,,0.335,,887.976,7730.11,MemoryError under a 8192MB limit.
PLASPPlanner-seq,classical-domains,tetris-sat14-strips,p035,2014,KILLED,,,,,,,,
PLASPPlanner-seq,classical-domains,tetris-sat14-strips,p036,2014,MEMOUT,,,,0.352,,486.589,7389.26,MemoryError under a 8192MB limit.
PLASPPlanner-seq,classical-domains,tetris-sat14-strips,p037,2014,TIMEOUT,,,,0.338,,1812.394,3598.36,Hit the task time limit.
PLASPPlanner-seq,classical-domains,tetris-sat14-strips,p038,2014,MEMOUT,,,,0.341,,973.177,7376.31,MemoryError under a 8192MB limit.
PLASPPlanner-seq,classical-domains,tetris-sat14-strips,p039,2014,MEMOUT,,,,0.317,,665.684,7451.41,MemoryError under a 8192MB limit.
PLASPPlanner-seq,classical-domains,tetris-sat14-strips,p040,2014,MEMOUT,,,,0.322,,970.992,7457.01,MemoryError under a 8192MB limit.
PLASPPlanner-seq,classical-domains,thoughtful-sat14-strips,bootstrap-typed-01,2014,TIMEOUT,,,,0.454,,1800.643,668.45,Hit the task time limit.
PLASPPlanner-seq,classical-domains,thoughtful-sat14-strips,bootstrap-typed-02,2014,TIMEOUT,,,,0.437,,1800.627,624.46,Hit the task time limit.
PLASPPlanner-seq,classical-domains,thoughtful-sat14-strips,bootstrap-typed-03,2014,TIMEOUT,,,,0.425,,1800.684,649.19,Hit the task time limit.
PLASPPlanner-seq,classical-domains,thoughtful-sat14-strips,bootstrap-typed-04,2014,TIMEOUT,,,,0.464,,1800.758,683.75,Hit the task time limit.
PLASPPlanner-seq,classical-domains,thoughtful-sat14-strips,bootstrap-typed-05,2014,TIMEOUT,,,,0.453,,1800.668,599.26,Hit the task time limit.
PLASPPlanner-seq,classical-domains,thoughtful-sat14-strips,p11_6_53-typed,2014,TIMEOUT,,,,0.583,,1807.233,5722.63,Hit the task time limit.
PLASPPlanner-seq,classical-domains,thoughtful-sat14-strips,p11_6_59-typed,2014,TIMEOUT,,,,0.555,,1806.26,5215.48,Hit the task time limit.
PLASPPlanner-seq,classical-domains,thoughtful-sat14-strips,p11_6_62-typed,2014,TIMEOUT,,,,0.548,,1816.342,5758.09,Hit the task time limit.
PLASPPlanner-seq,classical-domains,thoughtful-sat14-strips,p13_7_78-typed,2014,MEMOUT,,,,0.551,,1240.221,7557.52,MemoryError under a 8192MB limit.
PLASPPlanner-seq,classical-domains,thoughtful-sat14-strips,p13_7_79-typed,2014,MEMOUT,,,,0.523,,1145.026,7571.88,MemoryError under a 8192MB limit.
PLASPPlanner-seq,classical-domains,thoughtful-sat14-strips,p13_7_86-typed,2014,MEMOUT,,,,0.519,,1152.163,7532.46,MemoryError under a 8192MB limit.
PLASPPlanner-seq,classical-domains,thoughtful-sat14-strips,target-typed-20,2014,MEMOUT,,,,0.509,,1380.868,7550.34,MemoryError under a 8192MB limit.
PLASPPlanner-seq,classical-domains,thoughtful-sat14-strips,target-typed-21,2014,MEMOUT,,,,0.519,,1098.982,7552.5,MemoryError under a 8192MB limit.
PLASPPlanner-seq,classical-domains,thoughtful-sat14-strips,target-typed-22,2014,MEMOUT,,,,0.525,,1157.941,7555.01,MemoryError under a 8192MB limit.
PLASPPlanner-seq,classical-domains,thoughtful-sat14-strips,target-typed-23,2014,MEMOUT,,,,0.548,,1125.332,7562.28,MemoryError under a 8192MB limit.
PLASPPlanner-seq,classical-domains,thoughtful-sat14-strips,target-typed-24,2014,MEMOUT,,,,0.547,,1097.484,7549.35,MemoryError under a 8192MB limit.
PLASPPlanner-seq,classical-domains,thoughtful-sat14-strips,target-typed-25,2014,ERROR,,,,0.548,,1584.717,7547.5,RuntimeError: std::bad_alloc
PLASPPlanner-seq,classical-domains,thoughtful-sat14-strips,target-typed-26,2014,MEMOUT,,,,0.538,,1115.665,7548.84,MemoryError under a 8192MB limit.
PLASPPlanner-seq,classical-domains,thoughtful-sat14-strips,target-typed-27,2014,MEMOUT,,,,0.558,,1298.708,7562.18,MemoryError under a 8192MB limit.
PLASPPlanner-seq,classical-domains,thoughtful-sat14-strips,target-typed-28,2014,MEMOUT,,,,0.6,,1111.851,7546.44,MemoryError under a 8192MB limit.
PLASPPlanner-seq,classical-domains,tidybot-opt11-strips,p01,2011,SOLVED,True,4,,0.574,0.964,2.985,162.41,
PLASPPlanner-seq,classical-domains,tidybot-opt11-strips,p02,2011,TIMEOUT,,,,0.561,,1800.486,494.16,Hit the task time limit.
PLASPPlanner-seq,classical-domains,tidybot-opt11-strips,p03,2011,SOLVED,True,16,,0.525,10.167,12.061,254.91,
PLASPPlanner-seq,classical-domains,tidybot-opt11-strips,p04,2011,TIMEOUT,,,,0.524,,1800.484,477.41,Hit the task time limit.
PLASPPlanner-seq,classical-domains,tidybot-opt11-strips,p05,2011,TIMEOUT,,,,0.633,,1800.808,704.93,Hit the task time limit.
PLASPPlanner-seq,classical-domains,tidybot-opt11-strips,p06,2011,TIMEOUT,,,,0.588,,1800.764,643.29,Hit the task time limit.
PLASPPlanner-seq,classical-domains,tidybot-opt11-strips,p07,2011,SOLVED,True,17,,0.571,20.423,22.442,345.67,
PLASPPlanner-seq,classical-domains,tidybot-opt11-strips,p08,2011,TIMEOUT,,,,0.522,,1800.666,678.95,Hit the task time limit.
PLASPPlanner-seq,classical-domains,tidybot-opt11-strips,p09,2011,TIMEOUT,,,,0.528,,1800.815,642.26,Hit the task time limit.
PLASPPlanner-seq,classical-domains,tidybot-opt11-strips,p10,2011,TIMEOUT,,,,0.564,,1801.029,873.97,Hit the task time limit.
PLASPPlanner-seq,classical-domains,tidybot-opt11-strips,p11,2011,TIMEOUT,,,,0.538,,1800.928,822.36,Hit the task time limit.
PLASPPlanner-seq,classical-domains,tidybot-opt11-strips,p12,2011,TIMEOUT,,,,0.544,,1800.915,824.18,Hit the task time limit.
PLASPPlanner-seq,classical-domains,tidybot-opt11-strips,p13,2011,TIMEOUT,,,,0.571,,1800.888,858.53,Hit the task time limit.
PLASPPlanner-seq,classical-domains,tidybot-opt11-strips,p14,2011,TIMEOUT,,,,0.572,,1801.174,954.23,Hit the task time limit.
PLASPPlanner-seq,classical-domains,tidybot-opt11-strips,p15,2011,TIMEOUT,,,,0.612,,1801.242,1005.43,Hit the task time limit.
PLASPPlanner-seq,classical-domains,tidybot-opt11-strips,p16,2011,TIMEOUT,,,,0.55,,1801.304,1132.59,Hit the task time limit.
PLASPPlanner-seq,classical-domains,tidybot-opt11-strips,p17,2011,TIMEOUT,,,,0.593,,1801.229,931.79,Hit the task time limit.
PLASPPlanner-seq,classical-domains,tidybot-opt11-strips,p18,2011,TIMEOUT,,,,0.544,,1801.116,821.0,Hit the task time limit.
PLASPPlanner-seq,classical-domains,tidybot-opt11-strips,p19,2011,TIMEOUT,,,,0.649,,1801.301,1047.06,Hit the task time limit.
PLASPPlanner-seq,classical-domains,tidybot-opt11-strips,p20,2011,TIMEOUT,,,,0.599,,1801.415,937.18,Hit the task time limit.
PLASPPlanner-seq,classical-domains,tidybot-opt14-strips,p01,2014,TIMEOUT,,,,0.558,,1801.271,1042.24,Hit the task time limit.
PLASPPlanner-seq,classical-domains,tidybot-opt14-strips,p02,2014,TIMEOUT,,,,0.56,,1801.317,996.8,Hit the task time limit.
PLASPPlanner-seq,classical-domains,tidybot-opt14-strips,p03,2014,TIMEOUT,,,,0.623,,1801.152,898.39,Hit the task time limit.
PLASPPlanner-seq,classical-domains,tidybot-opt14-strips,p04,2014,TIMEOUT,,,,0.594,,1801.131,896.04,Hit the task time limit.
PLASPPlanner-seq,classical-domains,tidybot-opt14-strips,p05,2014,TIMEOUT,,,,0.555,,1801.161,953.87,Hit the task time limit.
PLASPPlanner-seq,classical-domains,tidybot-opt14-strips,p06,2014,TIMEOUT,,,,0.549,,1801.265,934.91,Hit the task time limit.
PLASPPlanner-seq,classical-domains,tidybot-opt14-strips,p07,2014,TIMEOUT,,,,0.57,,1801.081,979.72,Hit the task time limit.
PLASPPlanner-seq,classical-domains,tidybot-opt14-strips,p08,2014,TIMEOUT,,,,0.546,,1801.012,941.67,Hit the task time limit.
PLASPPlanner-seq,classical-domains,tidybot-opt14-strips,p09,2014,TIMEOUT,,,,0.57,,1801.536,1324.26,Hit the task time limit.
PLASPPlanner-seq,classical-domains,tidybot-opt14-strips,p10,2014,TIMEOUT,,,,0.568,,1801.701,1116.5,Hit the task time limit.
PLASPPlanner-seq,classical-domains,tidybot-opt14-strips,p11,2014,TIMEOUT,,,,0.546,,1800.882,826.3,Hit the task time limit.
PLASPPlanner-seq,classical-domains,tidybot-opt14-strips,p12,2014,TIMEOUT,,,,0.585,,1800.877,823.37,Hit the task time limit.
PLASPPlanner-seq,classical-domains,tidybot-opt14-strips,p13,2014,TIMEOUT,,,,0.564,,1800.887,855.42,Hit the task time limit.
PLASPPlanner-seq,classical-domains,tidybot-opt14-strips,p14,2014,TIMEOUT,,,,0.579,,1801.143,950.39,Hit the task time limit.
PLASPPlanner-seq,classical-domains,tidybot-opt14-strips,p15,2014,TIMEOUT,,,,0.574,,1801.219,1009.21,Hit the task time limit.
PLASPPlanner-seq,classical-domains,tidybot-opt14-strips,p16,2014,TIMEOUT,,,,0.539,,1801.248,1134.08,Hit the task time limit.
PLASPPlanner-seq,classical-domains,tidybot-opt14-strips,p17,2014,TIMEOUT,,,,0.604,,1801.211,932.23,Hit the task time limit.
PLASPPlanner-seq,classical-domains,tidybot-opt14-strips,p18,2014,TIMEOUT,,,,0.558,,1801.143,821.36,Hit the task time limit.
PLASPPlanner-seq,classical-domains,tidybot-opt14-strips,p19,2014,TIMEOUT,,,,0.581,,1801.333,1047.67,Hit the task time limit.
PLASPPlanner-seq,classical-domains,tidybot-opt14-strips,p20,2014,TIMEOUT,,,,0.568,,1801.408,938.3,Hit the task time limit.
PLASPPlanner-seq,classical-domains,tidybot-sat11-strips,p01,2011,TIMEOUT,,,,0.622,,1801.374,1024.25,Hit the task time limit.
PLASPPlanner-seq,classical-domains,tidybot-sat11-strips,p02,2011,TIMEOUT,,,,0.555,,1801.306,996.91,Hit the task time limit.
PLASPPlanner-seq,classical-domains,tidybot-sat11-strips,p03,2011,TIMEOUT,,,,0.588,,1801.138,867.69,Hit the task time limit.
PLASPPlanner-seq,classical-domains,tidybot-sat11-strips,p04,2011,TIMEOUT,,,,0.567,,1801.149,899.14,Hit the task time limit.
PLASPPlanner-seq,classical-domains,tidybot-sat11-strips,p05,2011,TIMEOUT,,,,0.58,,1801.165,920.09,Hit the task time limit.
PLASPPlanner-seq,classical-domains,tidybot-sat11-strips,p06,2011,TIMEOUT,,,,0.576,,1801.307,926.25,Hit the task time limit.
PLASPPlanner-seq,classical-domains,tidybot-sat11-strips,p07,2011,TIMEOUT,,,,0.569,,1801.076,984.44,Hit the task time limit.
PLASPPlanner-seq,classical-domains,tidybot-sat11-strips,p08,2011,TIMEOUT,,,,0.573,,1801.052,942.62,Hit the task time limit.
PLASPPlanner-seq,classical-domains,tidybot-sat11-strips,p09,2011,TIMEOUT,,,,0.6,,1801.578,1324.04,Hit the task time limit.
PLASPPlanner-seq,classical-domains,tidybot-sat11-strips,p10,2011,TIMEOUT,,,,0.619,,1801.699,1117.19,Hit the task time limit.
PLASPPlanner-seq,classical-domains,tidybot-sat11-strips,p11,2011,TIMEOUT,,,,0.584,,1801.671,1302.54,Hit the task time limit.
PLASPPlanner-seq,classical-domains,tidybot-sat11-strips,p12,2011,TIMEOUT,,,,0.613,,1801.675,1018.39,Hit the task time limit.
PLASPPlanner-seq,classical-domains,tidybot-sat11-strips,p13,2011,TIMEOUT,,,,0.564,,1801.551,1282.96,Hit the task time limit.
PLASPPlanner-seq,classical-domains,tidybot-sat11-strips,p14,2011,TIMEOUT,,,,0.645,,1801.74,1176.83,Hit the task time limit.
PLASPPlanner-seq,classical-domains,tidybot-sat11-strips,p15,2011,TIMEOUT,,,,0.573,,1801.675,1324.47,Hit the task time limit.
PLASPPlanner-seq,classical-domains,tidybot-sat11-strips,p16,2011,TIMEOUT,,,,0.587,,1801.699,1437.52,Hit the task time limit.
PLASPPlanner-seq,classical-domains,tidybot-sat11-strips,p17,2011,TIMEOUT,,,,0.643,,1801.934,1389.6,Hit the task time limit.
PLASPPlanner-seq,classical-domains,tidybot-sat11-strips,p18,2011,TIMEOUT,,,,0.576,,1801.954,1740.54,Hit the task time limit.
PLASPPlanner-seq,classical-domains,tidybot-sat11-strips,p19,2011,TIMEOUT,,,,0.726,,1803.356,2796.28,Hit the task time limit.
PLASPPlanner-seq,classical-domains,tidybot-sat11-strips,p20,2011,TIMEOUT,,,,0.613,,1803.53,2603.63,Hit the task time limit.
PLASPPlanner-seq,classical-domains,tpp,p01,2006,SOLVED,True,5,,0.074,0.039,1.466,122.0,
PLASPPlanner-seq,classical-domains,tpp,p02,2006,SOLVED,True,8,,0.082,0.052,1.454,124.0,
PLASPPlanner-seq,classical-domains,tpp,p03,2006,SOLVED,True,11,,0.083,0.067,1.498,126.0,
PLASPPlanner-seq,classical-domains,tpp,p04,2006,SOLVED,True,14,,0.078,0.133,1.463,126.0,
PLASPPlanner-seq,classical-domains,tpp,p05,2006,SOLVED,True,19,,0.095,32.79,34.175,136.0,
PLASPPlanner-seq,classical-domains,tpp,p06,2006,TIMEOUT,,,,0.1,,1800.051,158.0,Hit the task time limit.
PLASPPlanner-seq,classical-domains,tpp,p07,2006,TIMEOUT,,,,0.104,,1800.06,159.02,Hit the task time limit.
PLASPPlanner-seq,classical-domains,tpp,p08,2006,TIMEOUT,,,,0.109,,1800.065,162.48,Hit the task time limit.
PLASPPlanner-seq,classical-domains,tpp,p09,2006,TIMEOUT,,,,0.134,,1800.162,174.69,Hit the task time limit.
PLASPPlanner-seq,classical-domains,tpp,p10,2006,TIMEOUT,,,,0.216,,1800.082,175.11,Hit the task time limit.
PLASPPlanner-seq,classical-domains,tpp,p11,2006,TIMEOUT,,,,0.111,,1800.117,188.77,Hit the task time limit.
PLASPPlanner-seq,classical-domains,tpp,p12,2006,TIMEOUT,,,,0.118,,1800.105,190.46,Hit the task time limit.
PLASPPlanner-seq,classical-domains,tpp,p13,2006,TIMEOUT,,,,0.227,,1800.18,225.33,Hit the task time limit.
PLASPPlanner-seq,classical-domains,tpp,p14,2006,TIMEOUT,,,,0.239,,1800.169,218.53,Hit the task time limit.
PLASPPlanner-seq,classical-domains,tpp,p15,2006,TIMEOUT,,,,0.247,,1800.179,231.75,Hit the task time limit.
PLASPPlanner-seq,classical-domains,tpp,p16,2006,TIMEOUT,,,,0.272,,1800.283,313.71,Hit the task time limit.
PLASPPlanner-seq,classical-domains,tpp,p17,2006,TIMEOUT,,,,0.281,,1800.371,350.33,Hit the task time limit.
PLASPPlanner-seq,classical-domains,tpp,p18,2006,TIMEOUT,,,,0.306,,1800.377,349.53,Hit the task time limit.
PLASPPlanner-seq,classical-domains,tpp,p19,2006,TIMEOUT,,,,0.317,,1800.428,432.29,Hit the task time limit.
PLASPPlanner-seq,classical-domains,tpp,p20,2006,TIMEOUT,,,,0.318,,1800.471,440.12,Hit the task time limit.
PLASPPlanner-seq,classical-domains,tpp,p21,2006,TIMEOUT,,,,0.29,,1800.542,437.84,Hit the task time limit.
PLASPPlanner-seq,classical-domains,tpp,p22,2006,TIMEOUT,,,,0.304,,1800.64,514.0,Hit the task time limit.
PLASPPlanner-seq,classical-domains,tpp,p23,2006,TIMEOUT,,,,0.322,,1800.612,469.83,Hit the task time limit.
PLASPPlanner-seq,classical-domains,tpp,p24,2006,TIMEOUT,,,,0.325,,1800.66,522.33,Hit the task time limit.
PLASPPlanner-seq,classical-domains,tpp,p25,2006,TIMEOUT,,,,0.359,,1800.901,652.31,Hit the task time limit.
PLASPPlanner-seq,classical-domains,tpp,p26,2006,TIMEOUT,,,,0.378,,1801.233,927.33,Hit the task time limit.
PLASPPlanner-seq,classical-domains,tpp,p27,2006,TIMEOUT,,,,0.396,,1801.402,1010.94,Hit the task time limit.
PLASPPlanner-seq,classical-domains,tpp,p28,2006,TIMEOUT,,,,0.398,,1801.475,1052.56,Hit the task time limit.
PLASPPlanner-seq,classical-domains,tpp,p29,2006,TIMEOUT,,,,0.482,,1801.696,1164.79,Hit the task time limit.
PLASPPlanner-seq,classical-domains,tpp,p30,2006,TIMEOUT,,,,0.466,,1801.839,1202.03,Hit the task time limit.
PLASPPlanner-seq,classical-domains,transport-opt08-strips,p01,2008,SOLVED,True,5,,0.069,0.061,1.338,122.0,
PLASPPlanner-seq,classical-domains,transport-opt08-strips,p02,2008,SOLVED,True,12,,0.086,2.495,3.877,134.0,
PLASPPlanner-seq,classical-domains,transport-opt08-strips,p03,2008,SOLVED,True,17,,0.107,370.061,371.427,170.12,
PLASPPlanner-seq,classical-domains,transport-opt08-strips,p04,2008,TIMEOUT,,,,0.126,,1800.126,210.23,Hit the task time limit.
PLASPPlanner-seq,classical-domains,transport-opt08-strips,p05,2008,TIMEOUT,,,,0.269,,1800.149,227.77,Hit the task time limit.
PLASPPlanner-seq,classical-domains,transport-opt08-strips,p06,2008,TIMEOUT,,,,0.276,,1800.182,267.93,Hit the task time limit.
PLASPPlanner-seq,classical-domains,transport-opt08-strips,p07,2008,TIMEOUT,,,,0.272,,1800.236,334.0,Hit the task time limit.
PLASPPlanner-seq,classical-domains,transport-opt08-strips,p08,2008,TIMEOUT,,,,0.319,,1800.259,337.23,Hit the task time limit.
PLASPPlanner-seq,classical-domains,transport-opt08-strips,p09,2008,TIMEOUT,,,,0.342,,1800.313,373.1,Hit the task time limit.
PLASPPlanner-seq,classical-domains,transport-opt08-strips,p10,2008,TIMEOUT,,,,0.395,,1800.36,468.93,Hit the task time limit.
PLASPPlanner-seq,classical-domains,transport-opt08-strips,p11,2008,SOLVED,True,9,,0.077,0.21,1.645,126.0,
PLASPPlanner-seq,classical-domains,transport-opt08-strips,p12,2008,SOLVED,True,16,,0.1,48.861,50.325,150.0,
PLASPPlanner-seq,classical-domains,transport-opt08-strips,p13,2008,SOLVED,True,21,,0.125,1012.441,1014.064,204.72,
PLASPPlanner-seq,classical-domains,transport-opt08-strips,p14,2008,TIMEOUT,,,,0.237,,1800.145,233.66,Hit the task time limit.
PLASPPlanner-seq,classical-domains,transport-opt08-strips,p15,2008,TIMEOUT,,,,0.286,,1800.192,336.95,Hit the task time limit.
PLASPPlanner-seq,classical-domains,transport-opt08-strips,p16,2008,TIMEOUT,,,,0.326,,1800.257,324.62,Hit the task time limit.
PLASPPlanner-seq,classical-domains,transport-opt08-strips,p17,2008,TIMEOUT,,,,0.339,,1800.332,408.64,Hit the task time limit.
PLASPPlanner-seq,classical-domains,transport-opt08-strips,p18,2008,TIMEOUT,,,,0.412,,1800.399,545.6,Hit the task time limit.
PLASPPlanner-seq,classical-domains,transport-opt08-strips,p19,2008,TIMEOUT,,,,0.431,,1800.456,542.05,Hit the task time limit.
PLASPPlanner-seq,classical-domains,transport-opt08-strips,p20,2008,TIMEOUT,,,,0.388,,1800.558,608.16,Hit the task time limit.
PLASPPlanner-seq,classical-domains,transport-opt08-strips,p21,2008,SOLVED,True,7,,0.076,0.09,1.458,126.0,
PLASPPlanner-seq,classical-domains,transport-opt08-strips,p22,2008,SOLVED,True,12,,0.089,5.549,6.95,136.0,
PLASPPlanner-seq,classical-domains,transport-opt08-strips,p23,2008,SOLVED,True,17,,0.112,353.42,354.898,167.71,
PLASPPlanner-seq,classical-domains,transport-opt08-strips,p24,2008,TIMEOUT,,,,0.116,,1800.103,195.89,Hit the task time limit.
PLASPPlanner-seq,classical-domains,transport-opt08-strips,p25,2008,TIMEOUT,,,,0.241,,1800.149,223.16,Hit the task time limit.
PLASPPlanner-seq,classical-domains,transport-opt08-strips,p26,2008,TIMEOUT,,,,0.275,,1800.171,257.95,Hit the task time limit.
PLASPPlanner-seq,classical-domains,transport-opt08-strips,p27,2008,TIMEOUT,,,,0.297,,1800.225,302.2,Hit the task time limit.
PLASPPlanner-seq,classical-domains,transport-opt08-strips,p28,2008,TIMEOUT,,,,0.308,,1800.263,339.83,Hit the task time limit.
PLASPPlanner-seq,classical-domains,transport-opt08-strips,p29,2008,TIMEOUT,,,,0.402,,1800.352,362.68,Hit the task time limit.
PLASPPlanner-seq,classical-domains,transport-opt08-strips,p30,2008,TIMEOUT,,,,0.379,,1800.384,454.73,Hit the task time limit.
PLASPPlanner-seq,classical-domains,transport-opt11-strips,p01,2011,SOLVED,True,17,,0.109,360.15,361.608,168.84,
PLASPPlanner-seq,classical-domains,transport-opt11-strips,p02,2011,SOLVED,True,17,,0.117,375.967,377.427,172.24,
PLASPPlanner-seq,classical-domains,transport-opt11-strips,p03,2011,SOLVED,True,16,,0.106,51.618,53.049,150.0,
PLASPPlanner-seq,classical-domains,transport-opt11-strips,p04,2011,SOLVED,True,21,,0.124,1087.642,1089.187,206.88,
PLASPPlanner-seq,classical-domains,transport-opt11-strips,p05,2011,TIMEOUT,,,,0.122,,1800.108,195.33,Hit the task time limit.
PLASPPlanner-seq,classical-domains,transport-opt11-strips,p06,2011,TIMEOUT,,,,0.124,,1800.115,210.41,Hit the task time limit.
PLASPPlanner-seq,classical-domains,transport-opt11-strips,p07,2011,TIMEOUT,,,,0.237,,1800.14,222.13,Hit the task time limit.
PLASPPlanner-seq,classical-domains,transport-opt11-strips,p08,2011,TIMEOUT,,,,0.133,,1800.199,219.09,Hit the task time limit.
PLASPPlanner-seq,classical-domains,transport-opt11-strips,p09,2011,TIMEOUT,,,,0.243,,1800.119,205.29,Hit the task time limit.
PLASPPlanner-seq,classical-domains,transport-opt11-strips,p10,2011,TIMEOUT,,,,0.136,,1800.233,251.54,Hit the task time limit.
PLASPPlanner-seq,classical-domains,transport-opt11-strips,p11,2011,TIMEOUT,,,,0.233,,1800.152,236.61,Hit the task time limit.
PLASPPlanner-seq,classical-domains,transport-opt11-strips,p12,2011,TIMEOUT,,,,0.237,,1800.159,274.21,Hit the task time limit.
PLASPPlanner-seq,classical-domains,transport-opt11-strips,p13,2011,TIMEOUT,,,,0.138,,1800.253,252.28,Hit the task time limit.
PLASPPlanner-seq,classical-domains,transport-opt11-strips,p14,2011,TIMEOUT,,,,0.238,,1800.172,252.02,Hit the task time limit.
PLASPPlanner-seq,classical-domains,transport-opt11-strips,p15,2011,TIMEOUT,,,,0.238,,1800.146,235.7,Hit the task time limit.
PLASPPlanner-seq,classical-domains,transport-opt11-strips,p16,2011,TIMEOUT,,,,0.235,,1800.174,252.83,Hit the task time limit.
PLASPPlanner-seq,classical-domains,transport-opt11-strips,p17,2011,TIMEOUT,,,,0.251,,1800.137,224.98,Hit the task time limit.
PLASPPlanner-seq,classical-domains,transport-opt11-strips,p18,2011,TIMEOUT,,,,0.231,,1800.158,234.96,Hit the task time limit.
PLASPPlanner-seq,classical-domains,transport-opt11-strips,p19,2011,TIMEOUT,,,,0.229,,1800.161,225.55,Hit the task time limit.
PLASPPlanner-seq,classical-domains,transport-opt11-strips,p20,2011,TIMEOUT,,,,0.274,,1800.205,267.43,Hit the task time limit.
PLASPPlanner-seq,classical-domains,transport-opt14-strips,p01,2014,SOLVED,True,13,,0.089,20.2,21.586,138.0,
PLASPPlanner-seq,classical-domains,transport-opt14-strips,p02,2014,SOLVED,True,16,,0.127,967.442,968.897,190.84,
PLASPPlanner-seq,classical-domains,transport-opt14-strips,p03,2014,TIMEOUT,,,,0.133,,1800.179,190.86,Hit the task time limit.
PLASPPlanner-seq,classical-domains,transport-opt14-strips,p04,2014,TIMEOUT,,,,0.23,,1800.142,232.85,Hit the task time limit.
PLASPPlanner-seq,classical-domains,transport-opt14-strips,p05,2014,TIMEOUT,,,,0.258,,1800.196,289.52,Hit the task time limit.
PLASPPlanner-seq,classical-domains,transport-opt14-strips,p06,2014,TIMEOUT,,,,0.242,,1800.21,259.32,Hit the task time limit.
PLASPPlanner-seq,classical-domains,transport-opt14-strips,p07,2014,TIMEOUT,,,,0.102,,1800.124,197.48,Hit the task time limit.
PLASPPlanner-seq,classical-domains,transport-opt14-strips,p08,2014,TIMEOUT,,,,0.237,,1800.204,272.09,Hit the task time limit.
PLASPPlanner-seq,classical-domains,transport-opt14-strips,p09,2014,TIMEOUT,,,,0.271,,1800.219,296.94,Hit the task time limit.
PLASPPlanner-seq,classical-domains,transport-opt14-strips,p10,2014,TIMEOUT,,,,0.3,,1800.276,312.96,Hit the task time limit.
PLASPPlanner-seq,classical-domains,transport-opt14-strips,p11,2014,TIMEOUT,,,,0.375,,1800.43,429.47,Hit the task time limit.
PLASPPlanner-seq,classical-domains,transport-opt14-strips,p12,2014,TIMEOUT,,,,0.379,,1800.464,424.56,Hit the task time limit.
PLASPPlanner-seq,classical-domains,transport-opt14-strips,p13,2014,TIMEOUT,,,,0.127,,1800.188,220.43,Hit the task time limit.
PLASPPlanner-seq,classical-domains,transport-opt14-strips,p14,2014,TIMEOUT,,,,0.293,,1800.213,235.58,Hit the task time limit.
PLASPPlanner-seq,classical-domains,transport-opt14-strips,p15,2014,TIMEOUT,,,,0.347,,1800.3,306.61,Hit the task time limit.
PLASPPlanner-seq,classical-domains,transport-opt14-strips,p16,2014,TIMEOUT,,,,0.373,,1800.406,362.25,Hit the task time limit.
PLASPPlanner-seq,classical-domains,transport-opt14-strips,p17,2014,TIMEOUT,,,,0.461,,1800.581,565.16,Hit the task time limit.
PLASPPlanner-seq,classical-domains,transport-opt14-strips,p18,2014,TIMEOUT,,,,0.506,,1800.633,426.67,Hit the task time limit.
PLASPPlanner-seq,classical-domains,transport-opt14-strips,p19,2014,TIMEOUT,,,,0.537,,1800.815,581.07,Hit the task time limit.
PLASPPlanner-seq,classical-domains,transport-opt14-strips,p20,2014,TIMEOUT,,,,0.511,,1800.786,583.06,Hit the task time limit.
PLASPPlanner-seq,classical-domains,transport-sat08-strips,p01,2008,SOLVED,True,6,,0.081,0.109,1.485,128.0,
PLASPPlanner-seq,classical-domains,transport-sat08-strips,p02,2008,TIMEOUT,,,,0.109,,1800.113,188.75,Hit the task time limit.
PLASPPlanner-seq,classical-domains,transport-sat08-strips,p03,2008,TIMEOUT,,,,0.266,,1800.167,252.05,Hit the task time limit.
PLASPPlanner-seq,classical-domains,transport-sat08-strips,p04,2008,TIMEOUT,,,,0.267,,1800.224,317.35,Hit the task time limit.
PLASPPlanner-seq,classical-domains,transport-sat08-strips,p05,2008,TIMEOUT,,,,0.296,,1800.366,351.67,Hit the task time limit.
PLASPPlanner-seq,classical-domains,transport-sat08-strips,p06,2008,TIMEOUT,,,,0.372,,1800.554,494.53,Hit the task time limit.
PLASPPlanner-seq,classical-domains,transport-sat08-strips,p07,2008,TIMEOUT,,,,0.385,,1800.596,565.74,Hit the task time limit.
PLASPPlanner-seq,classical-domains,transport-sat08-strips,p08,2008,TIMEOUT,,,,0.429,,1800.848,618.5,Hit the task time limit.
PLASPPlanner-seq,classical-domains,transport-sat08-strips,p09,2008,TIMEOUT,,,,0.485,,1800.897,673.76,Hit the task time limit.
PLASPPlanner-seq,classical-domains,transport-sat08-strips,p10,2008,TIMEOUT,,,,0.507,,1801.252,796.47,Hit the task time limit.
PLASPPlanner-seq,classical-domains,transport-sat08-strips,p11,2008,SOLVED,True,11,,0.084,0.197,1.594,130.0,
PLASPPlanner-seq,classical-domains,transport-sat08-strips,p12,2008,TIMEOUT,,,,0.123,,1800.15,231.91,Hit the task time limit.
PLASPPlanner-seq,classical-domains,transport-sat08-strips,p13,2008,TIMEOUT,,,,0.254,,1800.284,290.82,Hit the task time limit.
PLASPPlanner-seq,classical-domains,transport-sat08-strips,p14,2008,TIMEOUT,,,,0.298,,1800.318,327.71,Hit the task time limit.
PLASPPlanner-seq,classical-domains,transport-sat08-strips,p15,2008,TIMEOUT,,,,0.386,,1800.397,414.57,Hit the task time limit.
PLASPPlanner-seq,classical-domains,transport-sat08-strips,p16,2008,TIMEOUT,,,,0.434,,1800.576,762.07,Hit the task time limit.
PLASPPlanner-seq,classical-domains,transport-sat08-strips,p17,2008,TIMEOUT,,,,0.407,,1800.998,710.61,Hit the task time limit.
PLASPPlanner-seq,classical-domains,transport-sat08-strips,p18,2008,TIMEOUT,,,,0.523,,1801.001,708.8,Hit the task time limit.
PLASPPlanner-seq,classical-domains,transport-sat08-strips,p19,2008,TIMEOUT,,,,0.564,,1801.546,942.04,Hit the task time limit.
PLASPPlanner-seq,classical-domains,transport-sat08-strips,p20,2008,TIMEOUT,,,,0.591,,1801.51,1030.62,Hit the task time limit.
PLASPPlanner-seq,classical-domains,transport-sat08-strips,p21,2008,SOLVED,True,8,,0.085,0.179,1.59,128.0,
PLASPPlanner-seq,classical-domains,transport-sat08-strips,p22,2008,SOLVED,True,18,,0.137,1747.479,1749.057,190.47,
PLASPPlanner-seq,classical-domains,transport-sat08-strips,p23,2008,TIMEOUT,,,,0.258,,1800.213,262.07,Hit the task time limit.
PLASPPlanner-seq,classical-domains,transport-sat08-strips,p24,2008,TIMEOUT,,,,0.278,,1800.322,305.13,Hit the task time limit.
PLASPPlanner-seq,classical-domains,transport-sat08-strips,p25,2008,TIMEOUT,,,,0.358,,1800.386,391.63,Hit the task time limit.
PLASPPlanner-seq,classical-domains,transport-sat08-strips,p26,2008,TIMEOUT,,,,0.455,,1800.631,582.09,Hit the task time limit.
PLASPPlanner-seq,classical-domains,transport-sat08-strips,p27,2008,TIMEOUT,,,,0.437,,1800.845,585.27,Hit the task time limit.
PLASPPlanner-seq,classical-domains,transport-sat08-strips,p28,2008,TIMEOUT,,,,0.567,,1800.944,700.92,Hit the task time limit.
PLASPPlanner-seq,classical-domains,transport-sat08-strips,p29,2008,TIMEOUT,,,,0.575,,1801.316,766.52,Hit the task time limit.
PLASPPlanner-seq,classical-domains,transport-sat08-strips,p30,2008,TIMEOUT,,,,0.534,,1801.573,991.41,Hit the task time limit.
PLASPPlanner-seq,classical-domains,transport-sat11-strips,p01,2011,TIMEOUT,,,,0.433,,1800.836,592.43,Hit the task time limit.
PLASPPlanner-seq,classical-domains,transport-sat11-strips,p02,2011,TIMEOUT,,,,0.444,,1800.965,671.28,Hit the task time limit.
PLASPPlanner-seq,classical-domains,transport-sat11-strips,p03,2011,TIMEOUT,,,,0.565,,1801.298,765.69,Hit the task time limit.
PLASPPlanner-seq,classical-domains,transport-sat11-strips,p04,2011,TIMEOUT,,,,0.433,,1800.658,758.7,Hit the task time limit.
PLASPPlanner-seq,classical-domains,transport-sat11-strips,p05,2011,TIMEOUT,,,,0.426,,1800.881,675.86,Hit the task time limit.
PLASPPlanner-seq,classical-domains,transport-sat11-strips,p06,2011,TIMEOUT,,,,0.485,,1801.1,712.22,Hit the task time limit.
PLASPPlanner-seq,classical-domains,transport-sat11-strips,p07,2011,TIMEOUT,,,,0.528,,1801.455,941.07,Hit the task time limit.
PLASPPlanner-seq,classical-domains,transport-sat11-strips,p08,2011,TIMEOUT,,,,0.514,,1801.142,723.28,Hit the task time limit.
PLASPPlanner-seq,classical-domains,transport-sat11-strips,p09,2011,TIMEOUT,,,,0.591,,1801.637,1025.95,Hit the task time limit.
PLASPPlanner-seq,classical-domains,transport-sat11-strips,p10,2011,TIMEOUT,,,,0.553,,1801.511,921.41,Hit the task time limit.
PLASPPlanner-seq,classical-domains,transport-sat11-strips,p11,2011,TIMEOUT,,,,0.479,,1801.238,842.59,Hit the task time limit.
PLASPPlanner-seq,classical-domains,transport-sat11-strips,p12,2011,TIMEOUT,,,,0.499,,1801.342,811.56,Hit the task time limit.
PLASPPlanner-seq,classical-domains,transport-sat11-strips,p13,2011,TIMEOUT,,,,0.552,,1801.606,885.6,Hit the task time limit.
PLASPPlanner-seq,classical-domains,transport-sat11-strips,p14,2011,TIMEOUT,,,,1.09,,1804.588,2232.3,Hit the task time limit.
PLASPPlanner-seq,classical-domains,transport-sat11-strips,p15,2011,TIMEOUT,,,,1.202,,1804.588,2114.89,Hit the task time limit.
PLASPPlanner-seq,classical-domains,transport-sat11-strips,p16,2011,TIMEOUT,,,,1.152,,1804.796,2339.59,Hit the task time limit.
PLASPPlanner-seq,classical-domains,transport-sat11-strips,p17,2011,TIMEOUT,,,,1.673,,1807.342,2783.86,Hit the task time limit.
PLASPPlanner-seq,classical-domains,transport-sat11-strips,p18,2011,TIMEOUT,,,,1.678,,1807.324,2429.59,Hit the task time limit.
PLASPPlanner-seq,classical-domains,transport-sat11-strips,p19,2011,TIMEOUT,,,,1.681,,1807.294,2531.59,Hit the task time limit.
PLASPPlanner-seq,classical-domains,transport-sat11-strips,p20,2011,TIMEOUT,,,,1.847,,1808.443,2579.38,Hit the task time limit.
PLASPPlanner-seq,classical-domains,transport-sat14-strips,p01,2014,TIMEOUT,,,,0.504,,1801.34,918.5,Hit the task time limit.
PLASPPlanner-seq,classical-domains,transport-sat14-strips,p02,2014,TIMEOUT,,,,0.551,,1801.699,1114.96,Hit the task time limit.
PLASPPlanner-seq,classical-domains,transport-sat14-strips,p03,2014,TIMEOUT,,,,0.51,,1801.38,805.52,Hit the task time limit.
PLASPPlanner-seq,classical-domains,transport-sat14-strips,p04,2014,TIMEOUT,,,,1.103,,1805.028,2341.87,Hit the task time limit.
PLASPPlanner-seq,classical-domains,transport-sat14-strips,p05,2014,TIMEOUT,,,,1.18,,1805.85,2931.12,Hit the task time limit.
PLASPPlanner-seq,classical-domains,transport-sat14-strips,p06,2014,TIMEOUT,,,,1.136,,1805.043,2337.96,Hit the task time limit.
PLASPPlanner-seq,classical-domains,transport-sat14-strips,p07,2014,TIMEOUT,,,,1.925,,1809.081,3515.54,Hit the task time limit.
PLASPPlanner-seq,classical-domains,transport-sat14-strips,p08,2014,TIMEOUT,,,,1.95,,1809.322,3426.1,Hit the task time limit.
PLASPPlanner-seq,classical-domains,transport-sat14-strips,p09,2014,TIMEOUT,,,,1.842,,1809.398,3511.22,Hit the task time limit.
PLASPPlanner-seq,classical-domains,transport-sat14-strips,p10,2014,TIMEOUT,,,,1.901,,1809.311,4021.75,Hit the task time limit.
PLASPPlanner-seq,classical-domains,transport-sat14-strips,p11,2014,TIMEOUT,,,,0.602,,1801.814,1203.41,Hit the task time limit.
PLASPPlanner-seq,classical-domains,transport-sat14-strips,p12,2014,TIMEOUT,,,,0.651,,1802.181,1356.91,Hit the task time limit.
PLASPPlanner-seq,classical-domains,transport-sat14-strips,p13,2014,TIMEOUT,,,,0.675,,1801.62,959.99,Hit the task time limit.
PLASPPlanner-seq,classical-domains,transport-sat14-strips,p14,2014,TIMEOUT,,,,1.165,,1805.564,2759.54,Hit the task time limit.
PLASPPlanner-seq,classical-domains,transport-sat14-strips,p15,2014,TIMEOUT,,,,1.264,,1805.574,2637.12,Hit the task time limit.
PLASPPlanner-seq,classical-domains,transport-sat14-strips,p16,2014,TIMEOUT,,,,1.202,,1804.279,2111.32,Hit the task time limit.
PLASPPlanner-seq,classical-domains,transport-sat14-strips,p17,2014,TIMEOUT,,,,1.874,,1807.992,3369.96,Hit the task time limit.
PLASPPlanner-seq,classical-domains,transport-sat14-strips,p18,2014,TIMEOUT,,,,1.921,,1808.083,2895.71,Hit the task time limit.
PLASPPlanner-seq,classical-domains,transport-sat14-strips,p19,2014,TIMEOUT,,,,2.031,,1807.408,2509.96,Hit the task time limit.
PLASPPlanner-seq,classical-domains,transport-sat14-strips,p20,2014,TIMEOUT,,,,1.945,,1809.903,4400.93,Hit the task time limit.
PLASPPlanner-seq,classical-domains,trucks,p01,2006,SOLVED,True,13,,0.101,0.611,2.174,134.0,
PLASPPlanner-seq,classical-domains,trucks,p02,2006,SOLVED,True,17,,0.097,4.332,5.872,140.0,
PLASPPlanner-seq,classical-domains,trucks,p03,2006,SOLVED,True,20,,0.128,877.926,879.517,184.36,
PLASPPlanner-seq,classical-domains,trucks,p04,2006,TIMEOUT,,,,0.114,,1800.094,185.82,Hit the task time limit.
PLASPPlanner-seq,classical-domains,trucks,p05,2006,TIMEOUT,,,,0.134,,1800.266,209.46,Hit the task time limit.
PLASPPlanner-seq,classical-domains,trucks,p06,2006,TIMEOUT,,,,0.154,,1800.284,231.6,Hit the task time limit.
PLASPPlanner-seq,classical-domains,trucks,p07,2006,TIMEOUT,,,,0.116,,1800.131,223.51,Hit the task time limit.
PLASPPlanner-seq,classical-domains,trucks,p08,2006,TIMEOUT,,,,0.184,,1800.225,240.86,Hit the task time limit.
PLASPPlanner-seq,classical-domains,trucks,p09,2006,TIMEOUT,,,,0.273,,1800.192,247.52,Hit the task time limit.
PLASPPlanner-seq,classical-domains,trucks,p10,2006,TIMEOUT,,,,0.274,,1800.233,294.45,Hit the task time limit.
PLASPPlanner-seq,classical-domains,trucks,p11,2006,TIMEOUT,,,,0.341,,1800.285,343.16,Hit the task time limit.
PLASPPlanner-seq,classical-domains,trucks,p12,2006,TIMEOUT,,,,0.332,,1800.387,405.5,Hit the task time limit.
PLASPPlanner-seq,classical-domains,trucks,p13,2006,TIMEOUT,,,,0.289,,1800.364,384.02,Hit the task time limit.
PLASPPlanner-seq,classical-domains,trucks,p14,2006,TIMEOUT,,,,0.34,,1800.367,355.58,Hit the task time limit.
PLASPPlanner-seq,classical-domains,trucks,p15,2006,TIMEOUT,,,,0.304,,1800.376,384.91,Hit the task time limit.
PLASPPlanner-seq,classical-domains,trucks,p16,2006,TIMEOUT,,,,0.306,,1800.347,364.82,Hit the task time limit.
PLASPPlanner-seq,classical-domains,trucks,p17,2006,TIMEOUT,,,,0.374,,1800.521,490.36,Hit the task time limit.
PLASPPlanner-seq,classical-domains,trucks,p18,2006,TIMEOUT,,,,0.384,,1800.531,486.72,Hit the task time limit.
PLASPPlanner-seq,classical-domains,trucks,p19,2006,TIMEOUT,,,,0.344,,1800.546,464.31,Hit the task time limit.
PLASPPlanner-seq,classical-domains,trucks,p20,2006,TIMEOUT,,,,0.224,,1800.366,509.64,Hit the task time limit.
PLASPPlanner-seq,classical-domains,trucks,p21,2006,TIMEOUT,,,,0.358,,1800.59,474.92,Hit the task time limit.
PLASPPlanner-seq,classical-domains,trucks,p22,2006,TIMEOUT,,,,0.33,,1800.606,516.66,Hit the task time limit.
PLASPPlanner-seq,classical-domains,trucks,p23,2006,TIMEOUT,,,,0.414,,1800.858,694.54,Hit the task time limit.
PLASPPlanner-seq,classical-domains,trucks,p24,2006,TIMEOUT,,,,0.427,,1800.772,700.04,Hit the task time limit.
PLASPPlanner-seq,classical-domains,trucks,p25,2006,TIMEOUT,,,,0.385,,1800.794,593.12,Hit the task time limit.
PLASPPlanner-seq,classical-domains,trucks,p26,2006,TIMEOUT,,,,0.372,,1800.827,616.54,Hit the task time limit.
PLASPPlanner-seq,classical-domains,trucks,p27,2006,TIMEOUT,,,,0.387,,1800.878,695.27,Hit the task time limit.
PLASPPlanner-seq,classical-domains,trucks,p28,2006,TIMEOUT,,,,0.391,,1800.897,666.02,Hit the task time limit.
PLASPPlanner-seq,classical-domains,trucks,p29,2006,TIMEOUT,,,,0.486,,1801.263,920.4,Hit the task time limit.
PLASPPlanner-seq,classical-domains,trucks,p30,2006,TIMEOUT,,,,0.467,,1801.277,953.96,Hit the task time limit.
PLASPPlanner-seq,classical-domains,trucks-strips,p01,,SOLVED,True,13,,1.447,0.922,3.829,142.0,
PLASPPlanner-seq,classical-domains,trucks-strips,p02,,SOLVED,True,17,,2.104,4.108,7.904,152.34,
PLASPPlanner-seq,classical-domains,trucks-strips,p03,,SOLVED,True,20,,4.395,324.62,331.433,203.9,
PLASPPlanner-seq,classical-domains,trucks-strips,p04,,TIMEOUT,,,,5.877,,1800.649,221.38,Hit the task time limit.
PLASPPlanner-seq,classical-domains,trucks-strips,p05,,TIMEOUT,,,,10.598,,1801.23,293.54,Hit the task time limit.
PLASPPlanner-seq,classical-domains,trucks-strips,p06,,TIMEOUT,,,,11.525,,1801.459,301.86,Hit the task time limit.
PLASPPlanner-seq,classical-domains,trucks-strips,p07,,TIMEOUT,,,,6.234,,1800.813,274.14,Hit the task time limit.
PLASPPlanner-seq,classical-domains,trucks-strips,p08,,TIMEOUT,,,,13.611,,1801.804,351.89,Hit the task time limit.
PLASPPlanner-seq,classical-domains,trucks-strips,p09,,TIMEOUT,,,,15.023,,1803.058,369.05,Hit the task time limit.
PLASPPlanner-seq,classical-domains,trucks-strips,p10,,TIMEOUT,,,,20.587,,1802.527,426.71,Hit the task time limit.
PLASPPlanner-seq,classical-domains,trucks-strips,p11,,TIMEOUT,,,,35.767,,1807.511,586.11,Hit the task time limit.
PLASPPlanner-seq,classical-domains,trucks-strips,p12,,TIMEOUT,,,,39.686,,1806.442,677.31,Hit the task time limit.
PLASPPlanner-seq,classical-domains,trucks-strips,p13,,TIMEOUT,,,,34.792,,1805.881,612.06,Hit the task time limit.
PLASPPlanner-seq,classical-domains,trucks-strips,p14,,TIMEOUT,,,,39.301,,1806.663,630.63,Hit the task time limit.
PLASPPlanner-seq,classical-domains,trucks-strips,p15,,TIMEOUT,,,,44.833,,1807.797,689.89,Hit the task time limit.
PLASPPlanner-seq,classical-domains,trucks-strips,p16,,TIMEOUT,,,,48.476,,1808.708,702.25,Hit the task time limit.
PLASPPlanner-seq,classical-domains,trucks-strips,p17,,TIMEOUT,,,,127.869,,1833.752,1082.21,Hit the task time limit.
PLASPPlanner-seq,classical-domains,trucks-strips,p18,,TIMEOUT,,,,136.159,,1839.487,1136.96,Hit the task time limit.
PLASPPlanner-seq,classical-domains,trucks-strips,p19,,TIMEOUT,,,,111.232,,1832.469,967.45,Hit the task time limit.
PLASPPlanner-seq,classical-domains,trucks-strips,p20,,TIMEOUT,,,,123.548,,1828.995,1053.0,Hit the task time limit.
PLASPPlanner-seq,classical-domains,trucks-strips,p21,,TIMEOUT,,,,137.542,,1844.882,1138.21,Hit the task time limit.
PLASPPlanner-seq,classical-domains,trucks-strips,p22,,TIMEOUT,,,,161.678,,1835.225,1168.53,Hit the task time limit.
PLASPPlanner-seq,classical-domains,trucks-strips,p23,,TIMEOUT,,,,386.834,,1964.241,1969.92,Hit the task time limit.
PLASPPlanner-seq,classical-domains,trucks-strips,p24,,TIMEOUT,,,,380.264,,1960.705,2005.09,Hit the task time limit.
PLASPPlanner-seq,classical-domains,trucks-strips,p25,,TIMEOUT,,,,281.582,,1907.209,1706.21,Hit the task time limit.
PLASPPlanner-seq,classical-domains,trucks-strips,p26,,TIMEOUT,,,,329.17,,1962.349,1809.92,Hit the task time limit.
PLASPPlanner-seq,classical-domains,trucks-strips,p27,,TIMEOUT,,,,324.467,,1948.229,1891.45,Hit the task time limit.
PLASPPlanner-seq,classical-domains,trucks-strips,p28,,TIMEOUT,,,,355.426,,1990.025,2007.55,Hit the task time limit.
PLASPPlanner-seq,classical-domains,trucks-strips,p29,,TIMEOUT,,,,1007.259,,2049.792,3350.3,Hit the task time limit.
PLASPPlanner-seq,classical-domains,trucks-strips,p30,,TIMEOUT,,,,1055.336,,1913.885,3532.32,Hit the task time limit.
PLASPPlanner-seq,classical-domains,tsp,pfile1,,SOLVED,True,1,,0.028,0.031,1.395,122.0,
PLASPPlanner-seq,classical-domains,tsp,pfile10,,SOLVED,True,10,,0.032,4.71,6.05,128.0,
PLASPPlanner-seq,classical-domains,tsp,pfile11,,SOLVED,True,11,,0.035,11.975,13.34,130.0,
PLASPPlanner-seq,classical-domains,tsp,pfile12,,SOLVED,True,12,,0.033,86.566,87.909,138.0,
PLASPPlanner-seq,classical-domains,tsp,pfile13,,SOLVED,True,13,,0.033,326.884,328.181,142.0,
PLASPPlanner-seq,classical-domains,tsp,pfile14,,TIMEOUT,,,,0.034,,1800.137,158.0,Hit the task time limit.
PLASPPlanner-seq,classical-domains,tsp,pfile15,,TIMEOUT,,,,0.035,,1800.144,158.0,Hit the task time limit.
PLASPPlanner-seq,classical-domains,tsp,pfile16,,TIMEOUT,,,,0.036,,1800.156,160.0,Hit the task time limit.
PLASPPlanner-seq,classical-domains,tsp,pfile17,,TIMEOUT,,,,0.036,,1800.172,172.0,Hit the task time limit.
PLASPPlanner-seq,classical-domains,tsp,pfile18,,TIMEOUT,,,,0.037,,1800.193,164.0,Hit the task time limit.
PLASPPlanner-seq,classical-domains,tsp,pfile19,,TIMEOUT,,,,0.036,,1800.199,202.0,Hit the task time limit.
PLASPPlanner-seq,classical-domains,tsp,pfile2,,SOLVED,True,2,,0.027,0.036,1.355,124.0,
PLASPPlanner-seq,classical-domains,tsp,pfile20,,TIMEOUT,,,,0.036,,1800.206,160.0,Hit the task time limit.
PLASPPlanner-seq,classical-domains,tsp,pfile21,,TIMEOUT,,,,0.039,,1800.233,164.0,Hit the task time limit.
PLASPPlanner-seq,classical-domains,tsp,pfile22,,TIMEOUT,,,,0.041,,1800.25,173.84,Hit the task time limit.
PLASPPlanner-seq,classical-domains,tsp,pfile23,,TIMEOUT,,,,0.039,,1800.261,173.57,Hit the task time limit.
PLASPPlanner-seq,classical-domains,tsp,pfile24,,TIMEOUT,,,,0.038,,1800.279,165.89,Hit the task time limit.
PLASPPlanner-seq,classical-domains,tsp,pfile25,,TIMEOUT,,,,0.039,,1800.305,168.7,Hit the task time limit.
PLASPPlanner-seq,classical-domains,tsp,pfile26,,TIMEOUT,,,,0.041,,1800.312,184.53,Hit the task time limit.
PLASPPlanner-seq,classical-domains,tsp,pfile27,,TIMEOUT,,,,0.05,,1800.339,176.03,Hit the task time limit.
PLASPPlanner-seq,classical-domains,tsp,pfile28,,TIMEOUT,,,,0.055,,1800.362,181.64,Hit the task time limit.
PLASPPlanner-seq,classical-domains,tsp,pfile29,,TIMEOUT,,,,0.051,,1800.388,178.38,Hit the task time limit.
PLASPPlanner-seq,classical-domains,tsp,pfile3,,SOLVED,True,3,,0.029,0.039,1.344,124.0,
PLASPPlanner-seq,classical-domains,tsp,pfile30,,TIMEOUT,,,,0.051,,1800.414,181.95,Hit the task time limit.
PLASPPlanner-seq,classical-domains,tsp,pfile4,,SOLVED,True,4,,0.03,0.046,1.394,122.0,
PLASPPlanner-seq,classical-domains,tsp,pfile5,,SOLVED,True,5,,0.032,0.062,1.375,124.0,
PLASPPlanner-seq,classical-domains,tsp,pfile6,,SOLVED,True,6,,0.03,0.091,1.381,124.0,
PLASPPlanner-seq,classical-domains,tsp,pfile7,,SOLVED,True,7,,0.03,0.251,1.523,124.0,
PLASPPlanner-seq,classical-domains,tsp,pfile8,,SOLVED,True,8,,0.031,0.597,1.87,124.0,
PLASPPlanner-seq,classical-domains,tsp,pfile9,,SOLVED,True,9,,0.031,4.84,6.188,128.0,
PLASPPlanner-seq,classical-domains,tyreworld,pfile1,,ERROR,,,,,,1.353,120.0,"SyntaxError: Found invalid expression: wrench. From line: 51, col 26 to line: 51, col 32"
PLASPPlanner-seq,classical-domains,tyreworld,pfile10,,ERROR,,,,,,1.548,122.0,"SyntaxError: Found invalid expression: wrench. From line: 51, col 26 to line: 51, col 32"
PLASPPlanner-seq,classical-domains,tyreworld,pfile11,,ERROR,,,,,,1.603,122.0,"SyntaxError: Found invalid expression: wrench. From line: 51, col 26 to line: 51, col 32"
PLASPPlanner-seq,classical-domains,tyreworld,pfile12,,ERROR,,,,,,1.47,122.0,"SyntaxError: Found invalid expression: wrench. From line: 51, col 26 to line: 51, col 32"
PLASPPlanner-seq,classical-domains,tyreworld,pfile13,,ERROR,,,,,,1.552,124.0,"SyntaxError: Found invalid expression: wrench. From line: 51, col 26 to line: 51, col 32"
PLASPPlanner-seq,classical-domains,tyreworld,pfile14,,ERROR,,,,,,1.521,122.0,"SyntaxError: Found invalid expression: wrench. From line: 51, col 26 to line: 51, col 32"
PLASPPlanner-seq,classical-domains,tyreworld,pfile15,,ERROR,,,,,,1.531,120.0,"SyntaxError: Found invalid expression: wrench. From line: 51, col 26 to line: 51, col 32"
PLASPPlanner-seq,classical-domains,tyreworld,pfile16,,ERROR,,,,,,1.651,124.0,"SyntaxError: Found invalid expression: wrench. From line: 51, col 26 to line: 51, col 32"
PLASPPlanner-seq,classical-domains,tyreworld,pfile17,,ERROR,,,,,,1.611,120.0,"SyntaxError: Found invalid expression: wrench. From line: 51, col 26 to line: 51, col 32"
PLASPPlanner-seq,classical-domains,tyreworld,pfile18,,ERROR,,,,,,1.493,124.0,"SyntaxError: Found invalid expression: wrench. From line: 51, col 26 to line: 51, col 32"
PLASPPlanner-seq,classical-domains,tyreworld,pfile19,,ERROR,,,,,,1.664,124.0,"SyntaxError: Found invalid expression: wrench. From line: 51, col 26 to line: 51, col 32"
PLASPPlanner-seq,classical-domains,tyreworld,pfile2,,ERROR,,,,,,1.349,122.0,"SyntaxError: Found invalid expression: wrench. From line: 51, col 26 to line: 51, col 32"
PLASPPlanner-seq,classical-domains,tyreworld,pfile20,,ERROR,,,,,,1.601,124.0,"SyntaxError: Found invalid expression: wrench. From line: 51, col 26 to line: 51, col 32"
PLASPPlanner-seq,classical-domains,tyreworld,pfile21,,ERROR,,,,,,1.605,122.0,"SyntaxError: Found invalid expression: wrench. From line: 51, col 26 to line: 51, col 32"
PLASPPlanner-seq,classical-domains,tyreworld,pfile22,,ERROR,,,,,,1.669,124.0,"SyntaxError: Found invalid expression: wrench. From line: 51, col 26 to line: 51, col 32"
PLASPPlanner-seq,classical-domains,tyreworld,pfile23,,ERROR,,,,,,1.618,122.0,"SyntaxError: Found invalid expression: wrench. From line: 51, col 26 to line: 51, col 32"
PLASPPlanner-seq,classical-domains,tyreworld,pfile24,,ERROR,,,,,,1.605,124.0,"SyntaxError: Found invalid expression: wrench. From line: 51, col 26 to line: 51, col 32"
PLASPPlanner-seq,classical-domains,tyreworld,pfile25,,ERROR,,,,,,1.68,124.0,"SyntaxError: Found invalid expression: wrench. From line: 51, col 26 to line: 51, col 32"
PLASPPlanner-seq,classical-domains,tyreworld,pfile26,,ERROR,,,,,,1.649,124.0,"SyntaxError: Found invalid expression: wrench. From line: 51, col 26 to line: 51, col 32"
PLASPPlanner-seq,classical-domains,tyreworld,pfile27,,ERROR,,,,,,1.687,124.0,"SyntaxError: Found invalid expression: wrench. From line: 51, col 26 to line: 51, col 32"
PLASPPlanner-seq,classical-domains,tyreworld,pfile28,,ERROR,,,,,,1.62,124.0,"SyntaxError: Found invalid expression: wrench. From line: 51, col 26 to line: 51, col 32"
PLASPPlanner-seq,classical-domains,tyreworld,pfile29,,ERROR,,,,,,1.67,124.0,"SyntaxError: Found invalid expression: wrench. From line: 51, col 26 to line: 51, col 32"
PLASPPlanner-seq,classical-domains,tyreworld,pfile3,,ERROR,,,,,,1.422,122.0,"SyntaxError: Found invalid expression: wrench. From line: 51, col 26 to line: 51, col 32"
PLASPPlanner-seq,classical-domains,tyreworld,pfile30,,ERROR,,,,,,1.645,122.0,"SyntaxError: Found invalid expression: wrench. From line: 51, col 26 to line: 51, col 32"
PLASPPlanner-seq,classical-domains,tyreworld,pfile4,,ERROR,,,,,,1.424,120.0,"SyntaxError: Found invalid expression: wrench. From line: 51, col 26 to line: 51, col 32"
PLASPPlanner-seq,classical-domains,tyreworld,pfile5,,ERROR,,,,,,1.501,122.0,"SyntaxError: Found invalid expression: wrench. From line: 51, col 26 to line: 51, col 32"
PLASPPlanner-seq,classical-domains,tyreworld,pfile6,,ERROR,,,,,,1.412,122.0,"SyntaxError: Found invalid expression: wrench. From line: 51, col 26 to line: 51, col 32"
PLASPPlanner-seq,classical-domains,tyreworld,pfile7,,ERROR,,,,,,1.569,120.0,"SyntaxError: Found invalid expression: wrench. From line: 51, col 26 to line: 51, col 32"
PLASPPlanner-seq,classical-domains,tyreworld,pfile8,,ERROR,,,,,,1.495,122.0,"SyntaxError: Found invalid expression: wrench. From line: 51, col 26 to line: 51, col 32"
PLASPPlanner-seq,classical-domains,tyreworld,pfile9,,ERROR,,,,,,1.59,122.0,"SyntaxError: Found invalid expression: wrench. From line: 51, col 26 to line: 51, col 32"
PLASPPlanner-seq,classical-domains,visitall-opt11-strips,problem02-full,2011,SOLVED,True,3,,0.037,0.058,1.438,124.0,
PLASPPlanner-seq,classical-domains,visitall-opt11-strips,problem02-half,2011,SOLVED,True,1,,0.034,0.045,1.331,124.0,
PLASPPlanner-seq,classical-domains,visitall-opt11-strips,problem03-full,2011,SOLVED,True,8,,0.05,0.083,1.492,124.0,
PLASPPlanner-seq,classical-domains,visitall-opt11-strips,problem03-half,2011,SOLVED,True,6,,0.049,0.067,1.419,124.0,
PLASPPlanner-seq,classical-domains,visitall-opt11-strips,problem04-full,2011,SOLVED,True,15,,0.072,2.116,3.551,132.0,
PLASPPlanner-seq,classical-domains,visitall-opt11-strips,problem04-half,2011,SOLVED,True,11,,0.064,0.181,1.563,126.0,
PLASPPlanner-seq,classical-domains,visitall-opt11-strips,problem05-full,2011,SOLVED,True,24,,0.102,384.621,386.124,182.0,
PLASPPlanner-seq,classical-domains,visitall-opt11-strips,problem05-half,2011,SOLVED,True,18,,0.08,17.366,18.735,140.0,
PLASPPlanner-seq,classical-domains,visitall-opt11-strips,problem06-full,2011,TIMEOUT,,,,0.111,,1800.382,252.0,Hit the task time limit.
PLASPPlanner-seq,classical-domains,visitall-opt11-strips,problem06-half,2011,SOLVED,True,23,,0.102,574.013,575.394,194.0,
PLASPPlanner-seq,classical-domains,visitall-opt11-strips,problem07-full,2011,TIMEOUT,,,,0.227,,1800.379,253.87,Hit the task time limit.
PLASPPlanner-seq,classical-domains,visitall-opt11-strips,problem07-half,2011,TIMEOUT,,,,0.223,,1800.383,244.86,Hit the task time limit.
PLASPPlanner-seq,classical-domains,visitall-opt11-strips,problem08-full,2011,TIMEOUT,,,,0.269,,1800.541,267.98,Hit the task time limit.
PLASPPlanner-seq,classical-domains,visitall-opt11-strips,problem08-half,2011,TIMEOUT,,,,0.257,,1800.503,245.8,Hit the task time limit.
PLASPPlanner-seq,classical-domains,visitall-opt11-strips,problem09-full,2011,TIMEOUT,,,,0.297,,1800.712,290.45,Hit the task time limit.
PLASPPlanner-seq,classical-domains,visitall-opt11-strips,problem09-half,2011,TIMEOUT,,,,0.28,,1800.701,277.75,Hit the task time limit.
PLASPPlanner-seq,classical-domains,visitall-opt11-strips,problem10-full,2011,TIMEOUT,,,,0.34,,1800.991,316.09,Hit the task time limit.
PLASPPlanner-seq,classical-domains,visitall-opt11-strips,problem10-half,2011,TIMEOUT,,,,0.315,,1800.899,232.7,Hit the task time limit.
PLASPPlanner-seq,classical-domains,visitall-opt11-strips,problem11-full,2011,TIMEOUT,,,,0.394,,1801.293,236.14,Hit the task time limit.
PLASPPlanner-seq,classical-domains,visitall-opt11-strips,problem11-half,2011,TIMEOUT,,,,0.356,,1801.244,243.88,Hit the task time limit.
PLASPPlanner-seq,classical-domains,visitall-opt14-strips,p-05-10,2014,TIMEOUT,,,,0.309,,1800.938,281.78,Hit the task time limit.
PLASPPlanner-seq,classical-domains,visitall-opt14-strips,p-05-5,2014,SOLVED,True,21,,0.079,166.945,168.3,168.0,
PLASPPlanner-seq,classical-domains,visitall-opt14-strips,p-05-6,2014,SOLVED,True,25,,0.101,1267.873,1269.262,220.0,
PLASPPlanner-seq,classical-domains,visitall-opt14-strips,p-05-7,2014,TIMEOUT,,,,0.194,,1800.404,246.85,Hit the task time limit.
PLASPPlanner-seq,classical-domains,visitall-opt14-strips,p-05-8,2014,TIMEOUT,,,,0.236,,1800.492,274.42,Hit the task time limit.
PLASPPlanner-seq,classical-domains,visitall-opt14-strips,p-05-9,2014,TIMEOUT,,,,0.269,,1800.697,263.28,Hit the task time limit.
PLASPPlanner-seq,classical-domains,visitall-opt14-strips,p-1-10,2014,TIMEOUT,,,,0.342,,1800.964,313.76,Hit the task time limit.
PLASPPlanner-seq,classical-domains,visitall-opt14-strips,p-1-11,2014,TIMEOUT,,,,0.386,,1801.253,232.84,Hit the task time limit.
PLASPPlanner-seq,classical-domains,visitall-opt14-strips,p-1-12,2014,TIMEOUT,,,,0.441,,1801.793,256.17,Hit the task time limit.
PLASPPlanner-seq,classical-domains,visitall-opt14-strips,p-1-13,2014,TIMEOUT,,,,0.494,,1802.322,269.47,Hit the task time limit.
PLASPPlanner-seq,classical-domains,visitall-opt14-strips,p-1-14,2014,TIMEOUT,,,,0.57,,1802.91,243.06,Hit the task time limit.
PLASPPlanner-seq,classical-domains,visitall-opt14-strips,p-1-15,2014,TIMEOUT,,,,0.737,,1803.742,298.61,Hit the task time limit.
PLASPPlanner-seq,classical-domains,visitall-opt14-strips,p-1-16,2014,TIMEOUT,,,,0.859,,1804.697,320.29,Hit the task time limit.
PLASPPlanner-seq,classical-domains,visitall-opt14-strips,p-1-17,2014,TIMEOUT,,,,0.987,,1806.09,342.13,Hit the task time limit.
PLASPPlanner-seq,classical-domains,visitall-opt14-strips,p-1-18,2014,TIMEOUT,,,,1.022,,1807.586,389.43,Hit the task time limit.
PLASPPlanner-seq,classical-domains,visitall-opt14-strips,p-1-5,2014,SOLVED,True,24,,0.089,369.358,370.707,180.0,
PLASPPlanner-seq,classical-domains,visitall-opt14-strips,p-1-6,2014,TIMEOUT,,,,0.115,,1800.377,252.0,Hit the task time limit.
PLASPPlanner-seq,classical-domains,visitall-opt14-strips,p-1-7,2014,TIMEOUT,,,,0.212,,1800.392,259.98,Hit the task time limit.
PLASPPlanner-seq,classical-domains,visitall-opt14-strips,p-1-8,2014,TIMEOUT,,,,0.25,,1800.512,265.96,Hit the task time limit.
PLASPPlanner-seq,classical-domains,visitall-opt14-strips,p-1-9,2014,TIMEOUT,,,,0.316,,1800.722,295.9,Hit the task time limit.
PLASPPlanner-seq,classical-domains,visitall-sat11-strips,problem12,2011,TIMEOUT,,,,0.453,,1801.851,255.49,Hit the task time limit.
PLASPPlanner-seq,classical-domains,visitall-sat11-strips,problem14,2011,TIMEOUT,,,,0.587,,1803.083,244.12,Hit the task time limit.
PLASPPlanner-seq,classical-domains,visitall-sat11-strips,problem16,2011,TIMEOUT,,,,0.858,,1804.889,320.41,Hit the task time limit.
PLASPPlanner-seq,classical-domains,visitall-sat11-strips,problem18,2011,TIMEOUT,,,,1.012,,1807.624,388.75,Hit the task time limit.
PLASPPlanner-seq,classical-domains,visitall-sat11-strips,problem20,2011,TIMEOUT,,,,1.394,,1811.706,415.43,Hit the task time limit.
PLASPPlanner-seq,classical-domains,visitall-sat11-strips,problem22,2011,TIMEOUT,,,,1.638,,1816.523,587.95,Hit the task time limit.
PLASPPlanner-seq,classical-domains,visitall-sat11-strips,problem24,2011,TIMEOUT,,,,2.031,,1822.088,686.82,Hit the task time limit.
PLASPPlanner-seq,classical-domains,visitall-sat11-strips,problem26,2011,TIMEOUT,,,,2.482,,1830.7,894.6,Hit the task time limit.
PLASPPlanner-seq,classical-domains,visitall-sat11-strips,problem28,2011,TIMEOUT,,,,2.956,,1841.79,1052.63,Hit the task time limit.
PLASPPlanner-seq,classical-domains,visitall-sat11-strips,problem30,2011,TIMEOUT,,,,3.221,,1852.459,1361.0,Hit the task time limit.
PLASPPlanner-seq,classical-domains,visitall-sat11-strips,problem32,2011,TIMEOUT,,,,3.684,,1870.125,1627.5,Hit the task time limit.
PLASPPlanner-seq,classical-domains,visitall-sat11-strips,problem34,2011,TIMEOUT,,,,4.314,,1890.491,1870.93,Hit the task time limit.
PLASPPlanner-seq,classical-domains,visitall-sat11-strips,problem36,2011,TIMEOUT,,,,5.237,,1912.295,2365.09,Hit the task time limit.
PLASPPlanner-seq,classical-domains,visitall-sat11-strips,problem38,2011,TIMEOUT,,,,5.544,,1933.588,2818.02,Hit the task time limit.
PLASPPlanner-seq,classical-domains,visitall-sat11-strips,problem40,2011,TIMEOUT,,,,6.069,,1967.07,3168.62,Hit the task time limit.
PLASPPlanner-seq,classical-domains,visitall-sat11-strips,problem42,2011,TIMEOUT,,,,7.085,,1997.063,4017.69,Hit the task time limit.
PLASPPlanner-seq,classical-domains,visitall-sat11-strips,problem44,2011,TIMEOUT,,,,7.944,,2042.43,4533.13,Hit the task time limit.
PLASPPlanner-seq,classical-domains,visitall-sat11-strips,problem46,2011,TIMEOUT,,,,8.641,,2080.695,5289.0,Hit the task time limit.
PLASPPlanner-seq,classical-domains,visitall-sat11-strips,problem48,2011,KILLED,,,,,,,,
PLASPPlanner-seq,classical-domains,visitall-sat11-strips,problem50,2011,KILLED,,,,,,,,
PLASPPlanner-seq,classical-domains,visitall-sat14-strips,pfile30,2014,TIMEOUT,,,,3.188,,1853.461,1364.14,Hit the task time limit.
PLASPPlanner-seq,classical-domains,visitall-sat14-strips,pfile31,2014,TIMEOUT,,,,3.385,,1860.492,1421.9,Hit the task time limit.
PLASPPlanner-seq,classical-domains,visitall-sat14-strips,pfile32,2014,TIMEOUT,,,,3.663,,1868.13,1630.22,Hit the task time limit.
PLASPPlanner-seq,classical-domains,visitall-sat14-strips,pfile33,2014,TIMEOUT,,,,4.068,,1876.394,1780.79,Hit the task time limit.
PLASPPlanner-seq,classical-domains,visitall-sat14-strips,pfile50,2014,KILLED,,,,,,,,
PLASPPlanner-seq,classical-domains,visitall-sat14-strips,pfile51,2014,MEMOUT,,,,11.975,,847.643,7765.1,MemoryError under a 8192MB limit.
PLASPPlanner-seq,classical-domains,visitall-sat14-strips,pfile52,2014,MEMOUT,,,,12.335,,534.758,7784.3,MemoryError under a 8192MB limit.
PLASPPlanner-seq,classical-domains,visitall-sat14-strips,pfile53,2014,MEMOUT,,,,12.885,,552.446,7798.52,MemoryError under a 8192MB limit.
PLASPPlanner-seq,classical-domains,visitall-sat14-strips,pfile54,2014,MEMOUT,,,,13.144,,566.218,7747.72,MemoryError under a 8192MB limit.
PLASPPlanner-seq,classical-domains,visitall-sat14-strips,pfile55,2014,MEMOUT,,,,13.65,,615.867,7810.76,MemoryError under a 8192MB limit.
PLASPPlanner-seq,classical-domains,visitall-sat14-strips,pfile56,2014,MEMOUT,,,,14.527,,625.008,7333.07,MemoryError under a 8192MB limit.
PLASPPlanner-seq,classical-domains,visitall-sat14-strips,pfile57,2014,MEMOUT,,,,15.178,,684.14,7674.58,MemoryError under a 8192MB limit.
PLASPPlanner-seq,classical-domains,visitall-sat14-strips,pfile58,2014,MEMOUT,,,,15.72,,588.313,7028.24,MemoryError under a 8192MB limit.
PLASPPlanner-seq,classical-domains,visitall-sat14-strips,pfile59,2014,MEMOUT,,,,16.339,,604.933,6993.8,MemoryError under a 8192MB limit.
PLASPPlanner-seq,classical-domains,visitall-sat14-strips,pfile60,2014,MEMOUT,,,,16.894,,629.975,7040.57,MemoryError under a 8192MB limit.
PLASPPlanner-seq,classical-domains,visitall-sat14-strips,pfile61,2014,MEMOUT,,,,17.622,,614.759,7046.77,MemoryError under a 8192MB limit.
PLASPPlanner-seq,classical-domains,visitall-sat14-strips,pfile62,2014,MEMOUT,,,,19.005,,617.855,7048.42,MemoryError under a 8192MB limit.
PLASPPlanner-seq,classical-domains,visitall-sat14-strips,pfile63,2014,MEMOUT,,,,20.208,,641.284,7053.5,MemoryError under a 8192MB limit.
PLASPPlanner-seq,classical-domains,visitall-sat14-strips,pfile64,2014,MEMOUT,,,,20.453,,639.066,7741.56,MemoryError under a 8192MB limit.
PLASPPlanner-seq,classical-domains,visitall-sat14-strips,pfile65,2014,MEMOUT,,,,21.194,,639.054,7575.75,MemoryError under a 8192MB limit.
PLASPPlanner-seq,classical-domains,woodworking-opt08-strips,p01,2008,SOLVED,True,9,,0.29,0.546,2.097,134.0,
PLASPPlanner-seq,classical-domains,woodworking-opt08-strips,p02,2008,SOLVED,True,9,,0.305,2.617,4.205,140.0,
PLASPPlanner-seq,classical-domains,woodworking-opt08-strips,p03,2008,TIMEOUT,,,,0.312,,1800.098,188.02,Hit the task time limit.
PLASPPlanner-seq,classical-domains,woodworking-opt08-strips,p04,2008,TIMEOUT,,,,0.32,,1800.107,199.09,Hit the task time limit.
PLASPPlanner-seq,classical-domains,woodworking-opt08-strips,p05,2008,TIMEOUT,,,,0.323,,1800.118,216.63,Hit the task time limit.
PLASPPlanner-seq,classical-domains,woodworking-opt08-strips,p06,2008,TIMEOUT,,,,0.311,,1800.116,208.01,Hit the task time limit.
PLASPPlanner-seq,classical-domains,woodworking-opt08-strips,p07,2008,TIMEOUT,,,,0.364,,1800.137,221.89,Hit the task time limit.
PLASPPlanner-seq,classical-domains,woodworking-opt08-strips,p08,2008,TIMEOUT,,,,0.353,,1800.187,256.17,Hit the task time limit.
PLASPPlanner-seq,classical-domains,woodworking-opt08-strips,p09,2008,TIMEOUT,,,,0.369,,1800.147,220.15,Hit the task time limit.
PLASPPlanner-seq,classical-domains,woodworking-opt08-strips,p10,2008,TIMEOUT,,,,0.363,,1800.223,281.66,Hit the task time limit.
PLASPPlanner-seq,classical-domains,woodworking-opt08-strips,p11,2008,SOLVED,True,7,,0.293,0.214,1.787,130.0,
PLASPPlanner-seq,classical-domains,woodworking-opt08-strips,p12,2008,SOLVED,True,11,,0.309,15.028,16.622,146.0,
PLASPPlanner-seq,classical-domains,woodworking-opt08-strips,p13,2008,SOLVED,True,12,,0.309,134.413,136.014,164.0,
PLASPPlanner-seq,classical-domains,woodworking-opt08-strips,p14,2008,SOLVED,True,13,,0.308,564.725,566.302,174.91,
PLASPPlanner-seq,classical-domains,woodworking-opt08-strips,p15,2008,TIMEOUT,,,,0.306,,1800.12,205.28,Hit the task time limit.
PLASPPlanner-seq,classical-domains,woodworking-opt08-strips,p16,2008,TIMEOUT,,,,0.338,,1800.134,202.42,Hit the task time limit.
PLASPPlanner-seq,classical-domains,woodworking-opt08-strips,p17,2008,TIMEOUT,,,,0.337,,1800.161,235.49,Hit the task time limit.
PLASPPlanner-seq,classical-domains,woodworking-opt08-strips,p18,2008,TIMEOUT,,,,0.344,,1800.167,225.62,Hit the task time limit.
PLASPPlanner-seq,classical-domains,woodworking-opt08-strips,p19,2008,TIMEOUT,,,,0.342,,1800.174,240.25,Hit the task time limit.
PLASPPlanner-seq,classical-domains,woodworking-opt08-strips,p20,2008,TIMEOUT,,,,0.37,,1800.25,284.64,Hit the task time limit.
PLASPPlanner-seq,classical-domains,woodworking-opt08-strips,p21,2008,SOLVED,True,5,,0.299,0.163,1.703,128.0,
PLASPPlanner-seq,classical-domains,woodworking-opt08-strips,p22,2008,SOLVED,True,8,,0.312,0.522,2.129,134.0,
PLASPPlanner-seq,classical-domains,woodworking-opt08-strips,p23,2008,SOLVED,True,12,,0.319,37.673,39.248,148.0,
PLASPPlanner-seq,classical-domains,woodworking-opt08-strips,p24,2008,TIMEOUT,,,,0.325,,1800.105,189.2,Hit the task time limit.
PLASPPlanner-seq,classical-domains,woodworking-opt08-strips,p25,2008,TIMEOUT,,,,0.338,,1800.131,208.79,Hit the task time limit.
PLASPPlanner-seq,classical-domains,woodworking-opt08-strips,p26,2008,TIMEOUT,,,,0.345,,1800.132,207.89,Hit the task time limit.
PLASPPlanner-seq,classical-domains,woodworking-opt08-strips,p27,2008,TIMEOUT,,,,0.332,,1800.127,200.73,Hit the task time limit.
PLASPPlanner-seq,classical-domains,woodworking-opt08-strips,p28,2008,TIMEOUT,,,,0.354,,1800.164,231.86,Hit the task time limit.
PLASPPlanner-seq,classical-domains,woodworking-opt08-strips,p29,2008,TIMEOUT,,,,0.353,,1800.197,255.84,Hit the task time limit.
PLASPPlanner-seq,classical-domains,woodworking-opt08-strips,p30,2008,TIMEOUT,,,,0.365,,1800.191,258.01,Hit the task time limit.
PLASPPlanner-seq,classical-domains,woodworking-opt11-strips,p01,2011,SOLVED,True,12,,0.315,35.954,37.546,148.0,
PLASPPlanner-seq,classical-domains,woodworking-opt11-strips,p02,2011,SOLVED,True,11,,0.316,16.27,17.892,148.0,
PLASPPlanner-seq,classical-domains,woodworking-opt11-strips,p03,2011,SOLVED,True,12,,0.296,142.134,143.665,165.34,
PLASPPlanner-seq,classical-domains,woodworking-opt11-strips,p04,2011,TIMEOUT,,,,0.306,,1800.097,186.0,Hit the task time limit.
PLASPPlanner-seq,classical-domains,woodworking-opt11-strips,p05,2011,TIMEOUT,,,,0.315,,1800.104,190.28,Hit the task time limit.
PLASPPlanner-seq,classical-domains,woodworking-opt11-strips,p06,2011,TIMEOUT,,,,0.319,,1800.116,199.92,Hit the task time limit.
PLASPPlanner-seq,classical-domains,woodworking-opt11-strips,p07,2011,SOLVED,True,13,,0.32,569.735,571.364,174.0,
PLASPPlanner-seq,classical-domains,woodworking-opt11-strips,p08,2011,TIMEOUT,,,,0.348,,1800.136,208.48,Hit the task time limit.
PLASPPlanner-seq,classical-domains,woodworking-opt11-strips,p09,2011,TIMEOUT,,,,0.373,,1800.126,216.03,Hit the task time limit.
PLASPPlanner-seq,classical-domains,woodworking-opt11-strips,p10,2011,TIMEOUT,,,,0.365,,1800.127,202.04,Hit the task time limit.
PLASPPlanner-seq,classical-domains,woodworking-opt11-strips,p11,2011,TIMEOUT,,,,0.337,,1800.133,208.57,Hit the task time limit.
PLASPPlanner-seq,classical-domains,woodworking-opt11-strips,p12,2011,TIMEOUT,,,,0.359,,1800.135,201.54,Hit the task time limit.
PLASPPlanner-seq,classical-domains,woodworking-opt11-strips,p13,2011,TIMEOUT,,,,0.353,,1800.139,207.37,Hit the task time limit.
PLASPPlanner-seq,classical-domains,woodworking-opt11-strips,p14,2011,TIMEOUT,,,,0.362,,1800.12,201.26,Hit the task time limit.
PLASPPlanner-seq,classical-domains,woodworking-opt11-strips,p15,2011,TIMEOUT,,,,0.392,,1800.165,236.84,Hit the task time limit.
PLASPPlanner-seq,classical-domains,woodworking-opt11-strips,p16,2011,TIMEOUT,,,,0.358,,1800.14,220.02,Hit the task time limit.
PLASPPlanner-seq,classical-domains,woodworking-opt11-strips,p17,2011,TIMEOUT,,,,0.361,,1800.175,231.59,Hit the task time limit.
PLASPPlanner-seq,classical-domains,woodworking-opt11-strips,p18,2011,TIMEOUT,,,,0.347,,1800.171,224.93,Hit the task time limit.
PLASPPlanner-seq,classical-domains,woodworking-opt11-strips,p19,2011,TIMEOUT,,,,0.38,,1800.201,256.19,Hit the task time limit.
PLASPPlanner-seq,classical-domains,woodworking-opt11-strips,p20,2011,TIMEOUT,,,,0.36,,1800.198,254.86,Hit the task time limit.
PLASPPlanner-seq,classical-domains,woodworking-sat08-strips,p01,2008,SOLVED,True,6,,0.3,0.177,1.719,128.0,
PLASPPlanner-seq,classical-domains,woodworking-sat08-strips,p02,2008,TIMEOUT,,,,0.33,,1800.096,179.87,Hit the task time limit.
PLASPPlanner-seq,classical-domains,woodworking-sat08-strips,p03,2008,TIMEOUT,,,,0.352,,1800.156,231.39,Hit the task time limit.
PLASPPlanner-seq,classical-domains,woodworking-sat08-strips,p04,2008,TIMEOUT,,,,0.376,,1800.186,238.36,Hit the task time limit.
PLASPPlanner-seq,classical-domains,woodworking-sat08-strips,p05,2008,TIMEOUT,,,,0.425,,1800.341,353.62,Hit the task time limit.
PLASPPlanner-seq,classical-domains,woodworking-sat08-strips,p06,2008,TIMEOUT,,,,0.451,,1800.413,421.68,Hit the task time limit.
PLASPPlanner-seq,classical-domains,woodworking-sat08-strips,p07,2008,TIMEOUT,,,,0.443,,1800.654,615.73,Hit the task time limit.
PLASPPlanner-seq,classical-domains,woodworking-sat08-strips,p08,2008,TIMEOUT,,,,0.465,,1800.878,842.4,Hit the task time limit.
PLASPPlanner-seq,classical-domains,woodworking-sat08-strips,p09,2008,TIMEOUT,,,,0.521,,1800.985,939.67,Hit the task time limit.
PLASPPlanner-seq,classical-domains,woodworking-sat08-strips,p10,2008,TIMEOUT,,,,0.529,,1800.994,1078.85,Hit the task time limit.
PLASPPlanner-seq,classical-domains,woodworking-sat08-strips,p11,2008,ERROR,,,,,,1.503,122.0,"ParseException: Expected ':init', found ':' (at char 254), (line:14, col:4)"
PLASPPlanner-seq,classical-domains,woodworking-sat08-strips,p12,2008,SOLVED,True,13,,0.333,501.934,503.596,170.82,
PLASPPlanner-seq,classical-domains,woodworking-sat08-strips,p13,2008,TIMEOUT,,,,0.348,,1800.157,222.43,Hit the task time limit.
PLASPPlanner-seq,classical-domains,woodworking-sat08-strips,p14,2008,TIMEOUT,,,,0.383,,1800.204,272.64,Hit the task time limit.
PLASPPlanner-seq,classical-domains,woodworking-sat08-strips,p15,2008,TIMEOUT,,,,0.42,,1800.319,338.99,Hit the task time limit.
PLASPPlanner-seq,classical-domains,woodworking-sat08-strips,p16,2008,TIMEOUT,,,,0.421,,1800.401,404.41,Hit the task time limit.
PLASPPlanner-seq,classical-domains,woodworking-sat08-strips,p17,2008,TIMEOUT,,,,0.467,,1800.491,515.11,Hit the task time limit.
PLASPPlanner-seq,classical-domains,woodworking-sat08-strips,p18,2008,TIMEOUT,,,,0.501,,1800.74,692.37,Hit the task time limit.
PLASPPlanner-seq,classical-domains,woodworking-sat08-strips,p19,2008,TIMEOUT,,,,0.503,,1800.81,809.05,Hit the task time limit.
PLASPPlanner-seq,classical-domains,woodworking-sat08-strips,p20,2008,TIMEOUT,,,,0.523,,1801.169,1240.22,Hit the task time limit.
PLASPPlanner-seq,classical-domains,woodworking-sat08-strips,p21,2008,SOLVED,True,8,,0.303,0.333,1.961,134.0,
PLASPPlanner-seq,classical-domains,woodworking-sat08-strips,p22,2008,SOLVED,True,13,,0.321,631.246,632.846,178.9,
PLASPPlanner-seq,classical-domains,woodworking-sat08-strips,p23,2008,TIMEOUT,,,,0.354,,1800.115,209.3,Hit the task time limit.
PLASPPlanner-seq,classical-domains,woodworking-sat08-strips,p24,2008,TIMEOUT,,,,0.367,,1800.178,246.46,Hit the task time limit.
PLASPPlanner-seq,classical-domains,woodworking-sat08-strips,p25,2008,TIMEOUT,,,,0.405,,1800.26,311.23,Hit the task time limit.
PLASPPlanner-seq,classical-domains,woodworking-sat08-strips,p26,2008,TIMEOUT,,,,0.389,,1800.388,410.21,Hit the task time limit.
PLASPPlanner-seq,classical-domains,woodworking-sat08-strips,p27,2008,TIMEOUT,,,,0.449,,1800.387,437.67,Hit the task time limit.
PLASPPlanner-seq,classical-domains,woodworking-sat08-strips,p28,2008,TIMEOUT,,,,0.483,,1800.735,735.5,Hit the task time limit.
PLASPPlanner-seq,classical-domains,woodworking-sat08-strips,p29,2008,TIMEOUT,,,,0.487,,1800.801,792.17,Hit the task time limit.
PLASPPlanner-seq,classical-domains,woodworking-sat08-strips,p30,2008,TIMEOUT,,,,0.507,,1800.857,827.48,Hit the task time limit.
PLASPPlanner-seq,classical-domains,woodworking-sat11-strips,p01,2011,TIMEOUT,,,,0.45,,1800.619,614.01,Hit the task time limit.
PLASPPlanner-seq,classical-domains,woodworking-sat11-strips,p02,2011,TIMEOUT,,,,0.491,,1800.845,842.84,Hit the task time limit.
PLASPPlanner-seq,classical-domains,woodworking-sat11-strips,p03,2011,TIMEOUT,,,,0.49,,1800.771,808.39,Hit the task time limit.
PLASPPlanner-seq,classical-domains,woodworking-sat11-strips,p04,2011,TIMEOUT,,,,0.524,,1800.938,943.09,Hit the task time limit.
PLASPPlanner-seq,classical-domains,woodworking-sat11-strips,p05,2011,TIMEOUT,,,,0.51,,1801.152,1244.12,Hit the task time limit.
PLASPPlanner-seq,classical-domains,woodworking-sat11-strips,p06,2011,TIMEOUT,,,,0.551,,1800.981,999.17,Hit the task time limit.
PLASPPlanner-seq,classical-domains,woodworking-sat11-strips,p07,2011,TIMEOUT,,,,0.47,,1800.669,734.39,Hit the task time limit.
PLASPPlanner-seq,classical-domains,woodworking-sat11-strips,p08,2011,TIMEOUT,,,,0.491,,1800.743,792.57,Hit the task time limit.
PLASPPlanner-seq,classical-domains,woodworking-sat11-strips,p09,2011,TIMEOUT,,,,0.507,,1800.628,689.89,Hit the task time limit.
PLASPPlanner-seq,classical-domains,woodworking-sat11-strips,p10,2011,ERROR,,,,,,1.49,122.0,"ParseException: Expected ':init', found ':' (at char 254), (line:14, col:4)"
PLASPPlanner-seq,classical-domains,woodworking-sat11-strips,p11,2011,TIMEOUT,,,,0.548,,1800.969,968.82,Hit the task time limit.
PLASPPlanner-seq,classical-domains,woodworking-sat11-strips,p12,2011,TIMEOUT,,,,0.54,,1801.141,1170.99,Hit the task time limit.
PLASPPlanner-seq,classical-domains,woodworking-sat11-strips,p13,2011,TIMEOUT,,,,0.582,,1800.987,1086.5,Hit the task time limit.
PLASPPlanner-seq,classical-domains,woodworking-sat11-strips,p14,2011,TIMEOUT,,,,0.607,,1800.946,1005.07,Hit the task time limit.
PLASPPlanner-seq,classical-domains,woodworking-sat11-strips,p15,2011,TIMEOUT,,,,0.57,,1801.517,1514.49,Hit the task time limit.
PLASPPlanner-seq,classical-domains,woodworking-sat11-strips,p16,2011,TIMEOUT,,,,0.621,,1801.386,1442.68,Hit the task time limit.
PLASPPlanner-seq,classical-domains,woodworking-sat11-strips,p17,2011,TIMEOUT,,,,0.431,,1800.943,1067.31,Hit the task time limit.
PLASPPlanner-seq,classical-domains,woodworking-sat11-strips,p18,2011,TIMEOUT,,,,0.472,,1800.83,970.99,Hit the task time limit.
PLASPPlanner-seq,classical-domains,woodworking-sat11-strips,p19,2011,TIMEOUT,,,,0.475,,1801.517,1575.05,Hit the task time limit.
PLASPPlanner-seq,classical-domains,woodworking-sat11-strips,p20,2011,TIMEOUT,,,,0.464,,1801.387,1624.13,Hit the task time limit.
PLASPPlanner-seq,classical-domains,zenotravel,pfile1,2002,SOLVED,True,1,,0.084,0.24,1.619,124.0,
PLASPPlanner-seq,classical-domains,zenotravel,pfile10,2002,TIMEOUT,,,,0.1,,1801.439,229.88,Hit the task time limit.
PLASPPlanner-seq,classical-domains,zenotravel,pfile11,2002,TIMEOUT,,,,0.097,,1801.888,237.03,Hit the task time limit.
PLASPPlanner-seq,classical-domains,zenotravel,pfile12,2002,TIMEOUT,,,,0.105,,1801.981,236.43,Hit the task time limit.
PLASPPlanner-seq,classical-domains,zenotravel,pfile13,2002,TIMEOUT,,,,0.097,,1801.997,261.18,Hit the task time limit.
PLASPPlanner-seq,classical-domains,zenotravel,pfile14,2002,TIMEOUT,,,,0.104,,1809.036,369.41,Hit the task time limit.
PLASPPlanner-seq,classical-domains,zenotravel,pfile15,2002,TIMEOUT,,,,0.119,,1814.892,455.7,Hit the task time limit.
PLASPPlanner-seq,classical-domains,zenotravel,pfile16,2002,TIMEOUT,,,,0.12,,1822.159,587.01,Hit the task time limit.
PLASPPlanner-seq,classical-domains,zenotravel,pfile17,2002,TIMEOUT,,,,0.122,,1833.281,763.07,Hit the task time limit.
PLASPPlanner-seq,classical-domains,zenotravel,pfile18,2002,TIMEOUT,,,,0.118,,1845.564,888.98,Hit the task time limit.
PLASPPlanner-seq,classical-domains,zenotravel,pfile19,2002,TIMEOUT,,,,0.141,,1862.937,835.43,Hit the task time limit.
PLASPPlanner-seq,classical-domains,zenotravel,pfile2,2002,SOLVED,True,6,,0.081,0.275,1.586,126.0,
PLASPPlanner-seq,classical-domains,zenotravel,pfile20,2002,TIMEOUT,,,,0.132,,1894.054,966.13,Hit the task time limit.
PLASPPlanner-seq,classical-domains,zenotravel,pfile3,2002,SOLVED,True,6,,0.086,0.446,1.763,128.0,
PLASPPlanner-seq,classical-domains,zenotravel,pfile4,2002,SOLVED,True,8,,0.087,0.762,2.116,132.0,
PLASPPlanner-seq,classical-domains,zenotravel,pfile5,2002,SOLVED,True,11,,0.087,2.713,4.206,136.0,
PLASPPlanner-seq,classical-domains,zenotravel,pfile6,2002,SOLVED,True,11,,0.09,23.71,25.179,146.0,
PLASPPlanner-seq,classical-domains,zenotravel,pfile7,2002,TIMEOUT,,,,0.092,,1800.639,192.0,Hit the task time limit.
PLASPPlanner-seq,classical-domains,zenotravel,pfile8,2002,SOLVED,True,11,,0.095,110.075,111.475,168.49,
PLASPPlanner-seq,classical-domains,zenotravel,pfile9,2002,TIMEOUT,,,,0.094,,1801.419,233.61,Hit the task time limit.
