planner,suite,domain,instance,ipc,status,validated,plan_length,makespan,parse_seconds,solve_seconds,total_seconds,peak_memory_mb,reason
PLASPPlanner-seq,numeric-domains,15-puzzle,korf1,,KILLED,,,,,,,,
PLASPPlanner-seq,numeric-domains,15-puzzle,korf10,,MEMOUT,,,,0.545,,883.573,7705.75,MemoryError under a 8192MB limit.
PLASPPlanner-seq,numeric-domains,15-puzzle,korf100,,MEMOUT,,,,0.49,,305.076,7394.9,MemoryError under a 8192MB limit.
PLASPPlanner-seq,numeric-domains,15-puzzle,korf11,,MEMOUT,,,,0.539,,330.685,7292.3,MemoryError under a 8192MB limit.
PLASPPlanner-seq,numeric-domains,15-puzzle,korf12,,KILLED,,,,,,,,
PLASPPlanner-seq,numeric-domains,15-puzzle,korf13,,KILLED,,,,,,,,
PLASPPlanner-seq,numeric-domains,15-puzzle,korf14,,KILLED,,,,,,,,
PLASPPlanner-seq,numeric-domains,15-puzzle,korf15,,KILLED,,,,,,,,
PLASPPlanner-seq,numeric-domains,15-puzzle,korf16,,KILLED,,,,,,,,
PLASPPlanner-seq,numeric-domains,15-puzzle,korf17,,MEMOUT,,,,0.567,,415.183,6323.24,MemoryError under a 8192MB limit.
PLASPPlanner-seq,numeric-domains,15-puzzle,korf18,,KILLED,,,,,,,,
PLASPPlanner-seq,numeric-domains,15-puzzle,korf19,,KILLED,,,,,,,,
PLASPPlanner-seq,numeric-domains,15-puzzle,korf2,,KILLED,,,,,,,,
PLASPPlanner-seq,numeric-domains,15-puzzle,korf20,,TIMEOUT,,,,0.531,,1872.457,1989.29,Hit the task time limit.
PLASPPlanner-seq,numeric-domains,15-puzzle,korf21,,MEMOUT,,,,0.534,,821.934,7597.21,MemoryError under a 8192MB limit.
PLASPPlanner-seq,numeric-domains,15-puzzle,korf22,,KILLED,,,,,,,,
PLASPPlanner-seq,numeric-domains,15-puzzle,korf23,,KILLED,,,,,,,,
PLASPPlanner-seq,numeric-domains,15-puzzle,korf24,,KILLED,,,,,,,,
PLASPPlanner-seq,numeric-domains,15-puzzle,korf25,,KILLED,,,,,,,,
PLASPPlanner-seq,numeric-domains,15-puzzle,korf26,,KILLED,,,,,,,,
PLASPPlanner-seq,numeric-domains,15-puzzle,korf27,,KILLED,,,,,,,,
PLASPPlanner-seq,numeric-domains,15-puzzle,korf28,,KILLED,,,,,,,,
PLASPPlanner-seq,numeric-domains,15-puzzle,korf29,,KILLED,,,,,,,,
PLASPPlanner-seq,numeric-domains,15-puzzle,korf3,,MEMOUT,,,,0.542,,396.682,6440.57,MemoryError under a 8192MB limit.
PLASPPlanner-seq,numeric-domains,15-puzzle,korf30,,MEMOUT,,,,0.531,,325.106,7390.71,MemoryError under a 8192MB limit.
PLASPPlanner-seq,numeric-domains,15-puzzle,korf31,,KILLED,,,,,,,,
PLASPPlanner-seq,numeric-domains,15-puzzle,korf32,,MEMOUT,,,,0.54,,809.46,7589.8,MemoryError under a 8192MB limit.
PLASPPlanner-seq,numeric-domains,15-puzzle,korf33,,KILLED,,,,,,,,
PLASPPlanner-seq,numeric-domains,15-puzzle,korf34,,MEMOUT,,,,0.523,,639.444,7363.09,MemoryError under a 8192MB limit.
PLASPPlanner-seq,numeric-domains,15-puzzle,korf35,,KILLED,,,,,,,,
PLASPPlanner-seq,numeric-domains,15-puzzle,korf36,,KILLED,,,,,,,,
PLASPPlanner-seq,numeric-domains,15-puzzle,korf37,,KILLED,,,,,,,,
PLASPPlanner-seq,numeric-domains,15-puzzle,korf38,,KILLED,,,,,,,,
PLASPPlanner-seq,numeric-domains,15-puzzle,korf39,,KILLED,,,,,,,,
PLASPPlanner-seq,numeric-domains,15-puzzle,korf4,,MEMOUT,,,,0.54,,1242.931,6892.48,MemoryError under a 8192MB limit.
PLASPPlanner-seq,numeric-domains,15-puzzle,korf40,,KILLED,,,,,,,,
PLASPPlanner-seq,numeric-domains,15-puzzle,korf41,,MEMOUT,,,,0.506,,222.152,7472.58,MemoryError under a 8192MB limit.
PLASPPlanner-seq,numeric-domains,15-puzzle,korf42,,MEMOUT,,,,0.487,,225.871,7494.73,MemoryError under a 8192MB limit.
PLASPPlanner-seq,numeric-domains,15-puzzle,korf43,,KILLED,,,,,,,,
PLASPPlanner-seq,numeric-domains,15-puzzle,korf44,,MEMOUT,,,,0.513,,266.001,7669.83,MemoryError under a 8192MB limit.
PLASPPlanner-seq,numeric-domains,15-puzzle,korf45,,KILLED,,,,,,,,
PLASPPlanner-seq,numeric-domains,15-puzzle,korf46,,MEMOUT,,,,0.485,,363.334,6543.55,MemoryError under a 8192MB limit.
PLASPPlanner-seq,numeric-domains,15-puzzle,korf47,,KILLED,,,,,,,,
PLASPPlanner-seq,numeric-domains,15-puzzle,korf48,,KILLED,,,,,,,,
PLASPPlanner-seq,numeric-domains,15-puzzle,korf49,,KILLED,,,,,,,,
PLASPPlanner-seq,numeric-domains,15-puzzle,korf5,,KILLED,,,,,,,,
PLASPPlanner-seq,numeric-domains,15-puzzle,korf50,,KILLED,,,,,,,,
PLASPPlanner-seq,numeric-domains,15-puzzle,korf51,,KILLED,,,,,,,,
PLASPPlanner-seq,numeric-domains,15-puzzle,korf52,,MEMOUT,,,,0.505,,290.242,7396.05,MemoryError under a 8192MB limit.
PLASPPlanner-seq,numeric-domains,15-puzzle,korf53,,MEMOUT,,,,0.519,,256.011,7317.12,MemoryError under a 8192MB limit.
PLASPPlanner-seq,numeric-domains,15-puzzle,korf54,,MEMOUT,,,,0.522,,907.294,6640.17,MemoryError under a 8192MB limit.
PLASPPlanner-seq,numeric-domains,15-puzzle,korf55,,KILLED,,,,,,,,
PLASPPlanner-seq,numeric-domains,15-puzzle,korf56,,KILLED,,,,,,,,
PLASPPlanner-seq,numeric-domains,15-puzzle,korf57,,MEMOUT,,,,0.493,,1501.177,7141.19,MemoryError under a 8192MB limit.
PLASPPlanner-seq,numeric-domains,15-puzzle,korf58,,MEMOUT,,,,0.506,,313.555,7339.21,MemoryError under a 8192MB limit.
PLASPPlanner-seq,numeric-domains,15-puzzle,korf59,,KILLED,,,,,,,,
PLASPPlanner-seq,numeric-domains,15-puzzle,korf6,,MEMOUT,,,,0.547,,293.582,7626.59,MemoryError under a 8192MB limit.
PLASPPlanner-seq,numeric-domains,15-puzzle,korf60,,KILLED,,,,,,,,
PLASPPlanner-seq,numeric-domains,15-puzzle,korf61,,KILLED,,,,,,,,
PLASPPlanner-seq,numeric-domains,15-puzzle,korf62,,KILLED,,,,,,,,
PLASPPlanner-seq,numeric-domains,15-puzzle,korf63,,KILLED,,,,,,,,
PLASPPlanner-seq,numeric-domains,15-puzzle,korf64,,KILLED,,,,,,,,
PLASPPlanner-seq,numeric-domains,15-puzzle,korf65,,MEMOUT,,,,0.474,,1582.142,6720.55,MemoryError under a 8192MB limit.
PLASPPlanner-seq,numeric-domains,15-puzzle,korf66,,KILLED,,,,,,,,
PLASPPlanner-seq,numeric-domains,15-puzzle,korf67,,KILLED,,,,,,,,
PLASPPlanner-seq,numeric-domains,15-puzzle,korf68,,KILLED,,,,,,,,
PLASPPlanner-seq,numeric-domains,15-puzzle,korf69,,MEMOUT,,,,0.48,,370.755,6422.39,MemoryError under a 8192MB limit.
PLASPPlanner-seq,numeric-domains,15-puzzle,korf7,,KILLED,,,,,,,,
PLASPPlanner-seq,numeric-domains,15-puzzle,korf70,,KILLED,,,,,,,,
PLASPPlanner-seq,numeric-domains,15-puzzle,korf71,,MEMOUT,,,,0.499,,287.121,7401.5,MemoryError under a 8192MB limit.
PLASPPlanner-seq,numeric-domains,15-puzzle,korf72,,MEMOUT,,,,0.475,,366.224,6437.78,MemoryError under a 8192MB limit.
PLASPPlanner-seq,numeric-domains,15-puzzle,korf73,,TIMEOUT,,,,0.496,,1900.547,7781.63,Hit the task time limit.
PLASPPlanner-seq,numeric-domains,15-puzzle,korf74,,MEMOUT,,,,0.464,,385.734,6259.21,MemoryError under a 8192MB limit.
PLASPPlanner-seq,numeric-domains,15-puzzle,korf75,,KILLED,,,,,,,,
PLASPPlanner-seq,numeric-domains,15-puzzle,korf76,,KILLED,,,,,,,,
PLASPPlanner-seq,numeric-domains,15-puzzle,korf77,,KILLED,,,,,,,,
PLASPPlanner-seq,numeric-domains,15-puzzle,korf78,,KILLED,,,,,,,,
PLASPPlanner-seq,numeric-domains,15-puzzle,korf79,,KILLED,,,,,,,,
PLASPPlanner-seq,numeric-domains,15-puzzle,korf8,,KILLED,,,,,,,,
PLASPPlanner-seq,numeric-domains,15-puzzle,korf80,,MEMOUT,,,,0.54,,1155.213,6800.05,MemoryError under a 8192MB limit.
PLASPPlanner-seq,numeric-domains,15-puzzle,korf81,,MEMOUT,,,,0.505,,599.257,7284.3,MemoryError under a 8192MB limit.
PLASPPlanner-seq,numeric-domains,15-puzzle,korf82,,TIMEOUT,,,,0.5,,1879.939,7013.15,Hit the task time limit.
PLASPPlanner-seq,numeric-domains,15-puzzle,korf83,,MEMOUT,,,,0.476,,614.015,7372.47,MemoryError under a 8192MB limit.
PLASPPlanner-seq,numeric-domains,15-puzzle,korf84,,KILLED,,,,,,,,
PLASPPlanner-seq,numeric-domains,15-puzzle,korf85,,MEMOUT,,,,0.49,,400.5,6167.55,MemoryError under a 8192MB limit.
PLASPPlanner-seq,numeric-domains,15-puzzle,korf86,,MEMOUT,,,,0.494,,383.524,6173.91,MemoryError under a 8192MB limit.
PLASPPlanner-seq,numeric-domains,15-puzzle,korf87,,KILLED,,,,,,,,
PLASPPlanner-seq,numeric-domains,15-puzzle,korf88,,KILLED,,,,,,,,
PLASPPlanner-seq,numeric-domains,15-puzzle,korf89,,KILLED,,,,,,,,
PLASPPlanner-seq,numeric-domains,15-puzzle,korf9,,KILLED,,,,,,,,
PLASPPlanner-seq,numeric-domains,15-puzzle,korf90,,KILLED,,,,,,,,
PLASPPlanner-seq,numeric-domains,15-puzzle,korf91,,MEMOUT,,,,0.479,,243.753,7456.81,MemoryError under a 8192MB limit.
PLASPPlanner-seq,numeric-domains,15-puzzle,korf92,,KILLED,,,,,,,,
PLASPPlanner-seq,numeric-domains,15-puzzle,korf93,,KILLED,,,,,,,,
PLASPPlanner-seq,numeric-domains,15-puzzle,korf94,,KILLED,,,,,,,,
PLASPPlanner-seq,numeric-domains,15-puzzle,korf95,,MEMOUT,,,,0.498,,1503.397,7141.3,MemoryError under a 8192MB limit.
PLASPPlanner-seq,numeric-domains,15-puzzle,korf96,,KILLED,,,,,,,,
PLASPPlanner-seq,numeric-domains,15-puzzle,korf97,,MEMOUT,,,,0.488,,1094.211,6701.23,MemoryError under a 8192MB limit.
PLASPPlanner-seq,numeric-domains,15-puzzle,korf98,,KILLED,,,,,,,,
PLASPPlanner-seq,numeric-domains,15-puzzle,korf99,,KILLED,,,,,,,,
PLASPPlanner-seq,numeric-domains,2048,pfile10,,KILLED,,,,,,,,
PLASPPlanner-seq,numeric-domains,2048,pfile11,,KILLED,,,,,,,,
PLASPPlanner-seq,numeric-domains,2048,pfile12,,KILLED,,,,,,,,
PLASPPlanner-seq,numeric-domains,2048,pfile13,,KILLED,,,,,,,,
PLASPPlanner-seq,numeric-domains,2048,pfile14,,KILLED,,,,,,,,
PLASPPlanner-seq,numeric-domains,2048,pfile15,,KILLED,,,,,,,,
PLASPPlanner-seq,numeric-domains,2048,pfile16,,MEMOUT,,,,0.747,,155.612,7427.21,MemoryError under a 8192MB limit.
PLASPPlanner-seq,numeric-domains,2048,pfile17,,TIMEOUT,,,,0.733,,1909.569,5711.98,Hit the task time limit.
PLASPPlanner-seq,numeric-domains,2048,pfile18,,KILLED,,,,,,,,
PLASPPlanner-seq,numeric-domains,2048,pfile19,,KILLED,,,,,,,,
PLASPPlanner-seq,numeric-domains,2048,pfile20,,MEMOUT,,,,0.745,,731.071,6542.77,MemoryError under a 8192MB limit.
PLASPPlanner-seq,numeric-domains,2048,pfile21,,KILLED,,,,,,,,
PLASPPlanner-seq,numeric-domains,2048,pfile22,,MEMOUT,,,,0.733,,1689.659,5939.05,MemoryError under a 8192MB limit.
PLASPPlanner-seq,numeric-domains,2048,pfile23,,KILLED,,,,,,,,
PLASPPlanner-seq,numeric-domains,2048,pfile24,,KILLED,,,,,,,,
PLASPPlanner-seq,numeric-domains,2048,pfile25,,KILLED,,,,,,,,
PLASPPlanner-seq,numeric-domains,2048,pfile26,,KILLED,,,,,,,,
PLASPPlanner-seq,numeric-domains,2048,pfile29,,KILLED,,,,,,,,
PLASPPlanner-seq,numeric-domains,2048,pfile8,,KILLED,,,,,,,,
PLASPPlanner-seq,numeric-domains,2048,pfile9,,KILLED,,,,,,,,
PLASPPlanner-seq,numeric-domains,block-grouping,instance_100_10_2_1,,KILLED,,,,,,,,
PLASPPlanner-seq,numeric-domains,block-grouping,instance_100_10_2_2,,KILLED,,,,,,,,
PLASPPlanner-seq,numeric-domains,block-grouping,instance_100_10_2_3,,KILLED,,,,,,,,
PLASPPlanner-seq,numeric-domains,block-grouping,instance_100_15_3_1,,KILLED,,,,,,,,
PLASPPlanner-seq,numeric-domains,block-grouping,instance_100_15_3_2,,KILLED,,,,,,,,
PLASPPlanner-seq,numeric-domains,block-grouping,instance_100_15_3_3,,KILLED,,,,,,,,
PLASPPlanner-seq,numeric-domains,block-grouping,instance_100_20_5_1,,KILLED,,,,,,,,
PLASPPlanner-seq,numeric-domains,block-grouping,instance_100_20_5_2,,KILLED,,,,,,,,
PLASPPlanner-seq,numeric-domains,block-grouping,instance_100_20_5_3,,KILLED,,,,,,,,
PLASPPlanner-seq,numeric-domains,block-grouping,instance_100_25_6_1,,KILLED,,,,,,,,
PLASPPlanner-seq,numeric-domains,block-grouping,instance_100_25_6_2,,KILLED,,,,,,,,
PLASPPlanner-seq,numeric-domains,block-grouping,instance_100_25_6_3,,KILLED,,,,,,,,
PLASPPlanner-seq,numeric-domains,block-grouping,instance_100_30_7_1,,KILLED,,,,,,,,
PLASPPlanner-seq,numeric-domains,block-grouping,instance_100_30_7_2,,KILLED,,,,,,,,
PLASPPlanner-seq,numeric-domains,block-grouping,instance_100_30_7_3,,KILLED,,,,,,,,
PLASPPlanner-seq,numeric-domains,block-grouping,instance_100_35_8_1,,KILLED,,,,,,,,
PLASPPlanner-seq,numeric-domains,block-grouping,instance_100_35_8_2,,KILLED,,,,,,,,
PLASPPlanner-seq,numeric-domains,block-grouping,instance_100_35_8_3,,KILLED,,,,,,,,
PLASPPlanner-seq,numeric-domains,block-grouping,instance_100_40_10_1,,KILLED,,,,,,,,
PLASPPlanner-seq,numeric-domains,block-grouping,instance_100_40_10_2,,KILLED,,,,,,,,
PLASPPlanner-seq,numeric-domains,block-grouping,instance_100_40_10_3,,MEMOUT,,,,5.155,,2094.354,7612.68,MemoryError under a 8192MB limit.
PLASPPlanner-seq,numeric-domains,block-grouping,instance_100_5_2_1,,TIMEOUT,,,,0.131,,1812.71,3106.88,Hit the task time limit.
PLASPPlanner-seq,numeric-domains,block-grouping,instance_100_5_2_2,,TIMEOUT,,,,0.136,,1836.728,4746.5,Hit the task time limit.
PLASPPlanner-seq,numeric-domains,block-grouping,instance_100_5_2_3,,KILLED,,,,,,,,
PLASPPlanner-seq,numeric-domains,block-grouping,instance_11_10_2_1,,KILLED,,,,,,,,
PLASPPlanner-seq,numeric-domains,block-grouping,instance_11_10_2_2,,KILLED,,,,,,,,
PLASPPlanner-seq,numeric-domains,block-grouping,instance_11_10_2_3,,KILLED,,,,,,,,
PLASPPlanner-seq,numeric-domains,block-grouping,instance_11_15_3_1,,KILLED,,,,,,,,
PLASPPlanner-seq,numeric-domains,block-grouping,instance_11_15_3_2,,KILLED,,,,,,,,
PLASPPlanner-seq,numeric-domains,block-grouping,instance_11_15_3_3,,KILLED,,,,,,,,
PLASPPlanner-seq,numeric-domains,block-grouping,instance_11_20_5_1,,KILLED,,,,,,,,
PLASPPlanner-seq,numeric-domains,block-grouping,instance_11_20_5_2,,KILLED,,,,,,,,
PLASPPlanner-seq,numeric-domains,block-grouping,instance_11_20_5_3,,KILLED,,,,,,,,
PLASPPlanner-seq,numeric-domains,block-grouping,instance_11_25_6_1,,KILLED,,,,,,,,
PLASPPlanner-seq,numeric-domains,block-grouping,instance_11_25_6_2,,KILLED,,,,,,,,
PLASPPlanner-seq,numeric-domains,block-grouping,instance_11_25_6_3,,KILLED,,,,,,,,
PLASPPlanner-seq,numeric-domains,block-grouping,instance_11_30_7_1,,KILLED,,,,,,,,
PLASPPlanner-seq,numeric-domains,block-grouping,instance_11_30_7_2,,KILLED,,,,,,,,
PLASPPlanner-seq,numeric-domains,block-grouping,instance_11_30_7_3,,KILLED,,,,,,,,
PLASPPlanner-seq,numeric-domains,block-grouping,instance_11_35_8_1,,KILLED,,,,,,,,
PLASPPlanner-seq,numeric-domains,block-grouping,instance_11_35_8_2,,KILLED,,,,,,,,
PLASPPlanner-seq,numeric-domains,block-grouping,instance_11_35_8_3,,KILLED,,,,,,,,
PLASPPlanner-seq,numeric-domains,block-grouping,instance_11_40_10_1,,KILLED,,,,,,,,
PLASPPlanner-seq,numeric-domains,block-grouping,instance_11_40_10_2,,KILLED,,,,,,,,
PLASPPlanner-seq,numeric-domains,block-grouping,instance_11_40_10_3,,KILLED,,,,,,,,
PLASPPlanner-seq,numeric-domains,block-grouping,instance_11_5_2_1,,TIMEOUT,,,,0.122,,1801.849,896.05,Hit the task time limit.
PLASPPlanner-seq,numeric-domains,block-grouping,instance_11_5_2_2,,TIMEOUT,,,,0.126,,1801.326,692.54,Hit the task time limit.
PLASPPlanner-seq,numeric-domains,block-grouping,instance_11_5_2_3,,TIMEOUT,,,,0.119,,1802.073,911.15,Hit the task time limit.
PLASPPlanner-seq,numeric-domains,block-grouping,instance_15_10_2_1,,KILLED,,,,,,,,
PLASPPlanner-seq,numeric-domains,block-grouping,instance_15_10_2_2,,KILLED,,,,,,,,
PLASPPlanner-seq,numeric-domains,block-grouping,instance_15_10_2_3,,KILLED,,,,,,,,
PLASPPlanner-seq,numeric-domains,block-grouping,instance_15_15_3_1,,KILLED,,,,,,,,
PLASPPlanner-seq,numeric-domains,block-grouping,instance_15_15_3_2,,KILLED,,,,,,,,
PLASPPlanner-seq,numeric-domains,block-grouping,instance_15_15_3_3,,KILLED,,,,,,,,
PLASPPlanner-seq,numeric-domains,block-grouping,instance_15_20_5_1,,KILLED,,,,,,,,
PLASPPlanner-seq,numeric-domains,block-grouping,instance_15_20_5_2,,KILLED,,,,,,,,
PLASPPlanner-seq,numeric-domains,block-grouping,instance_15_20_5_3,,KILLED,,,,,,,,
PLASPPlanner-seq,numeric-domains,block-grouping,instance_15_25_6_1,,KILLED,,,,,,,,
PLASPPlanner-seq,numeric-domains,block-grouping,instance_15_25_6_2,,KILLED,,,,,,,,
PLASPPlanner-seq,numeric-domains,block-grouping,instance_15_25_6_3,,KILLED,,,,,,,,
PLASPPlanner-seq,numeric-domains,block-grouping,instance_15_30_7_1,,KILLED,,,,,,,,
PLASPPlanner-seq,numeric-domains,block-grouping,instance_15_30_7_2,,KILLED,,,,,,,,
PLASPPlanner-seq,numeric-domains,block-grouping,instance_15_30_7_3,,KILLED,,,,,,,,
PLASPPlanner-seq,numeric-domains,block-grouping,instance_15_35_8_1,,KILLED,,,,,,,,
PLASPPlanner-seq,numeric-domains,block-grouping,instance_15_35_8_2,,KILLED,,,,,,,,
PLASPPlanner-seq,numeric-domains,block-grouping,instance_15_35_8_3,,KILLED,,,,,,,,
PLASPPlanner-seq,numeric-domains,block-grouping,instance_15_40_10_1,,KILLED,,,,,,,,
PLASPPlanner-seq,numeric-domains,block-grouping,instance_15_40_10_2,,KILLED,,,,,,,,
PLASPPlanner-seq,numeric-domains,block-grouping,instance_15_40_10_3,,KILLED,,,,,,,,
PLASPPlanner-seq,numeric-domains,block-grouping,instance_15_5_2_1,,SOLVED,True,10,,0.119,139.098,140.238,392.17,
PLASPPlanner-seq,numeric-domains,block-grouping,instance_15_5_2_2,,TIMEOUT,,,,0.121,,1802.58,1156.38,Hit the task time limit.
PLASPPlanner-seq,numeric-domains,block-grouping,instance_15_5_2_3,,TIMEOUT,,,,0.119,,1803.002,1417.23,Hit the task time limit.
PLASPPlanner-seq,numeric-domains,block-grouping,instance_20_10_2_1,,KILLED,,,,,,,,
PLASPPlanner-seq,numeric-domains,block-grouping,instance_20_10_2_2,,KILLED,,,,,,,,
PLASPPlanner-seq,numeric-domains,block-grouping,instance_20_10_2_3,,KILLED,,,,,,,,
PLASPPlanner-seq,numeric-domains,block-grouping,instance_20_15_3_1,,KILLED,,,,,,,,
PLASPPlanner-seq,numeric-domains,block-grouping,instance_20_15_3_2,,KILLED,,,,,,,,
PLASPPlanner-seq,numeric-domains,block-grouping,instance_20_15_3_3,,KILLED,,,,,,,,
PLASPPlanner-seq,numeric-domains,block-grouping,instance_20_20_5_1,,KILLED,,,,,,,,
PLASPPlanner-seq,numeric-domains,block-grouping,instance_20_20_5_2,,KILLED,,,,,,,,
PLASPPlanner-seq,numeric-domains,block-grouping,instance_20_20_5_3,,KILLED,,,,,,,,
PLASPPlanner-seq,numeric-domains,block-grouping,instance_20_25_6_1,,KILLED,,,,,,,,
PLASPPlanner-seq,numeric-domains,block-grouping,instance_20_25_6_2,,KILLED,,,,,,,,
PLASPPlanner-seq,numeric-domains,block-grouping,instance_20_25_6_3,,KILLED,,,,,,,,
PLASPPlanner-seq,numeric-domains,block-grouping,instance_20_30_7_1,,KILLED,,,,,,,,
PLASPPlanner-seq,numeric-domains,block-grouping,instance_20_30_7_2,,KILLED,,,,,,,,
PLASPPlanner-seq,numeric-domains,block-grouping,instance_20_30_7_3,,KILLED,,,,,,,,
PLASPPlanner-seq,numeric-domains,block-grouping,instance_20_35_8_1,,KILLED,,,,,,,,
PLASPPlanner-seq,numeric-domains,block-grouping,instance_20_35_8_2,,KILLED,,,,,,,,
PLASPPlanner-seq,numeric-domains,block-grouping,instance_20_35_8_3,,KILLED,,,,,,,,
PLASPPlanner-seq,numeric-domains,block-grouping,instance_20_40_10_1,,KILLED,,,,,,,,
PLASPPlanner-seq,numeric-domains,block-grouping,instance_20_40_10_2,,KILLED,,,,,,,,
PLASPPlanner-seq,numeric-domains,block-grouping,instance_20_40_10_3,,KILLED,,,,,,,,
PLASPPlanner-seq,numeric-domains,block-grouping,instance_20_5_2_1,,TIMEOUT,,,,0.12,,1803.056,1118.3,Hit the task time limit.
PLASPPlanner-seq,numeric-domains,block-grouping,instance_20_5_2_2,,TIMEOUT,,,,0.126,,1803.82,1408.23,Hit the task time limit.
PLASPPlanner-seq,numeric-domains,block-grouping,instance_20_5_2_3,,TIMEOUT,,,,0.119,,1803.504,1155.93,Hit the task time limit.
PLASPPlanner-seq,numeric-domains,block-grouping,instance_25_10_2_1,,KILLED,,,,,,,,
PLASPPlanner-seq,numeric-domains,block-grouping,instance_25_10_2_2,,KILLED,,,,,,,,
PLASPPlanner-seq,numeric-domains,block-grouping,instance_25_10_2_3,,KILLED,,,,,,,,
PLASPPlanner-seq,numeric-domains,block-grouping,instance_25_15_3_1,,KILLED,,,,,,,,
PLASPPlanner-seq,numeric-domains,block-grouping,instance_25_15_3_2,,KILLED,,,,,,,,
PLASPPlanner-seq,numeric-domains,block-grouping,instance_25_15_3_3,,KILLED,,,,,,,,
PLASPPlanner-seq,numeric-domains,block-grouping,instance_25_20_5_1,,KILLED,,,,,,,,
PLASPPlanner-seq,numeric-domains,block-grouping,instance_25_20_5_2,,KILLED,,,,,,,,
PLASPPlanner-seq,numeric-domains,block-grouping,instance_25_20_5_3,,KILLED,,,,,,,,
PLASPPlanner-seq,numeric-domains,block-grouping,instance_25_25_6_1,,KILLED,,,,,,,,
PLASPPlanner-seq,numeric-domains,block-grouping,instance_25_25_6_2,,KILLED,,,,,,,,
PLASPPlanner-seq,numeric-domains,block-grouping,instance_25_25_6_3,,KILLED,,,,,,,,
PLASPPlanner-seq,numeric-domains,block-grouping,instance_25_30_7_1,,KILLED,,,,,,,,
PLASPPlanner-seq,numeric-domains,block-grouping,instance_25_30_7_2,,KILLED,,,,,,,,
PLASPPlanner-seq,numeric-domains,block-grouping,instance_25_30_7_3,,KILLED,,,,,,,,
PLASPPlanner-seq,numeric-domains,block-grouping,instance_25_35_8_1,,KILLED,,,,,,,,
PLASPPlanner-seq,numeric-domains,block-grouping,instance_25_35_8_2,,KILLED,,,,,,,,
PLASPPlanner-seq,numeric-domains,block-grouping,instance_25_35_8_3,,KILLED,,,,,,,,
PLASPPlanner-seq,numeric-domains,block-grouping,instance_25_40_10_1,,KILLED,,,,,,,,
PLASPPlanner-seq,numeric-domains,block-grouping,instance_25_40_10_2,,KILLED,,,,,,,,
PLASPPlanner-seq,numeric-domains,block-grouping,instance_25_40_10_3,,KILLED,,,,,,,,
PLASPPlanner-seq,numeric-domains,block-grouping,instance_25_5_2_1,,TIMEOUT,,,,0.122,,1804.83,1537.12,Hit the task time limit.
PLASPPlanner-seq,numeric-domains,block-grouping,instance_25_5_2_2,,TIMEOUT,,,,0.121,,1803.113,992.17,Hit the task time limit.
PLASPPlanner-seq,numeric-domains,block-grouping,instance_25_5_2_3,,TIMEOUT,,,,0.122,,1803.793,1216.33,Hit the task time limit.
PLASPPlanner-seq,numeric-domains,block-grouping,instance_5_10_2_1,,KILLED,,,,,,,,
PLASPPlanner-seq,numeric-domains,block-grouping,instance_5_10_2_2,,KILLED,,,,,,,,
PLASPPlanner-seq,numeric-domains,block-grouping,instance_5_10_2_3,,KILLED,,,,,,,,
PLASPPlanner-seq,numeric-domains,block-grouping,instance_5_15_3_1,,KILLED,,,,,,,,
PLASPPlanner-seq,numeric-domains,block-grouping,instance_5_15_3_2,,KILLED,,,,,,,,
PLASPPlanner-seq,numeric-domains,block-grouping,instance_5_15_3_3,,KILLED,,,,,,,,
PLASPPlanner-seq,numeric-domains,block-grouping,instance_5_20_5_1,,KILLED,,,,,,,,
PLASPPlanner-seq,numeric-domains,block-grouping,instance_5_20_5_2,,KILLED,,,,,,,,
PLASPPlanner-seq,numeric-domains,block-grouping,instance_5_20_5_3,,KILLED,,,,,,,,
PLASPPlanner-seq,numeric-domains,block-grouping,instance_5_25_6_1,,KILLED,,,,,,,,
PLASPPlanner-seq,numeric-domains,block-grouping,instance_5_25_6_2,,KILLED,,,,,,,,
PLASPPlanner-seq,numeric-domains,block-grouping,instance_5_25_6_3,,KILLED,,,,,,,,
PLASPPlanner-seq,numeric-domains,block-grouping,instance_5_30_7_1,,KILLED,,,,,,,,
PLASPPlanner-seq,numeric-domains,block-grouping,instance_5_30_7_2,,KILLED,,,,,,,,
PLASPPlanner-seq,numeric-domains,block-grouping,instance_5_30_7_3,,KILLED,,,,,,,,
PLASPPlanner-seq,numeric-domains,block-grouping,instance_5_35_8_1,,KILLED,,,,,,,,
PLASPPlanner-seq,numeric-domains,block-grouping,instance_5_35_8_2,,KILLED,,,,,,,,
PLASPPlanner-seq,numeric-domains,block-grouping,instance_5_35_8_3,,KILLED,,,,,,,,
PLASPPlanner-seq,numeric-domains,block-grouping,instance_5_40_10_1,,KILLED,,,,,,,,
PLASPPlanner-seq,numeric-domains,block-grouping,instance_5_40_10_2,,KILLED,,,,,,,,
PLASPPlanner-seq,numeric-domains,block-grouping,instance_5_40_10_3,,KILLED,,,,,,,,
PLASPPlanner-seq,numeric-domains,block-grouping,instance_5_5_2_1,,TIMEOUT,,,,0.126,,1800.75,411.6,Hit the task time limit.
PLASPPlanner-seq,numeric-domains,block-grouping,instance_5_5_2_2,,SOLVED,True,8,,0.133,136.41,137.633,275.32,
PLASPPlanner-seq,numeric-domains,block-grouping,instance_5_5_2_3,,SOLVED,True,9,,0.127,652.137,653.351,346.81,
PLASPPlanner-seq,numeric-domains,block-grouping,instance_7_10_2_1,,KILLED,,,,,,,,
PLASPPlanner-seq,numeric-domains,block-grouping,instance_7_10_2_2,,KILLED,,,,,,,,
PLASPPlanner-seq,numeric-domains,block-grouping,instance_7_10_2_3,,KILLED,,,,,,,,
PLASPPlanner-seq,numeric-domains,block-grouping,instance_7_15_3_1,,KILLED,,,,,,,,
PLASPPlanner-seq,numeric-domains,block-grouping,instance_7_15_3_2,,KILLED,,,,,,,,
PLASPPlanner-seq,numeric-domains,block-grouping,instance_7_15_3_3,,KILLED,,,,,,,,
PLASPPlanner-seq,numeric-domains,block-grouping,instance_7_20_5_1,,KILLED,,,,,,,,
PLASPPlanner-seq,numeric-domains,block-grouping,instance_7_20_5_2,,KILLED,,,,,,,,
PLASPPlanner-seq,numeric-domains,block-grouping,instance_7_20_5_3,,KILLED,,,,,,,,
PLASPPlanner-seq,numeric-domains,block-grouping,instance_7_25_6_1,,KILLED,,,,,,,,
PLASPPlanner-seq,numeric-domains,block-grouping,instance_7_25_6_2,,KILLED,,,,,,,,
PLASPPlanner-seq,numeric-domains,block-grouping,instance_7_25_6_3,,KILLED,,,,,,,,
PLASPPlanner-seq,numeric-domains,block-grouping,instance_7_30_7_1,,KILLED,,,,,,,,
PLASPPlanner-seq,numeric-domains,block-grouping,instance_7_30_7_2,,KILLED,,,,,,,,
PLASPPlanner-seq,numeric-domains,block-grouping,instance_7_30_7_3,,KILLED,,,,,,,,
PLASPPlanner-seq,numeric-domains,block-grouping,instance_7_35_8_1,,KILLED,,,,,,,,
PLASPPlanner-seq,numeric-domains,block-grouping,instance_7_35_8_2,,KILLED,,,,,,,,
PLASPPlanner-seq,numeric-domains,block-grouping,instance_7_35_8_3,,KILLED,,,,,,,,
PLASPPlanner-seq,numeric-domains,block-grouping,instance_7_40_10_1,,KILLED,,,,,,,,
PLASPPlanner-seq,numeric-domains,block-grouping,instance_7_40_10_2,,KILLED,,,,,,,,
PLASPPlanner-seq,numeric-domains,block-grouping,instance_7_40_10_3,,KILLED,,,,,,,,
PLASPPlanner-seq,numeric-domains,block-grouping,instance_7_5_2_1,,SOLVED,True,9,,0.126,612.434,613.644,369.12,
PLASPPlanner-seq,numeric-domains,block-grouping,instance_7_5_2_2,,SOLVED,True,9,,0.126,191.781,192.957,339.92,
PLASPPlanner-seq,numeric-domains,block-grouping,instance_7_5_2_3,,TIMEOUT,,,,0.133,,1800.866,427.38,Hit the task time limit.
PLASPPlanner-seq,numeric-domains,block-grouping,instance_9_10_2_1,,KILLED,,,,,,,,
PLASPPlanner-seq,numeric-domains,block-grouping,instance_9_10_2_2,,KILLED,,,,,,,,
PLASPPlanner-seq,numeric-domains,block-grouping,instance_9_10_2_3,,TIMEOUT,,,,0.325,,1810.466,1376.78,Hit the task time limit.
PLASPPlanner-seq,numeric-domains,block-grouping,instance_9_15_3_1,,KILLED,,,,,,,,
PLASPPlanner-seq,numeric-domains,block-grouping,instance_9_15_3_2,,KILLED,,,,,,,,
PLASPPlanner-seq,numeric-domains,block-grouping,instance_9_15_3_3,,KILLED,,,,,,,,
PLASPPlanner-seq,numeric-domains,block-grouping,instance_9_20_5_1,,KILLED,,,,,,,,
PLASPPlanner-seq,numeric-domains,block-grouping,instance_9_20_5_2,,KILLED,,,,,,,,
PLASPPlanner-seq,numeric-domains,block-grouping,instance_9_20_5_3,,KILLED,,,,,,,,
PLASPPlanner-seq,numeric-domains,block-grouping,instance_9_25_6_1,,KILLED,,,,,,,,
PLASPPlanner-seq,numeric-domains,block-grouping,instance_9_25_6_2,,KILLED,,,,,,,,
PLASPPlanner-seq,numeric-domains,block-grouping,instance_9_25_6_3,,KILLED,,,,,,,,
PLASPPlanner-seq,numeric-domains,block-grouping,instance_9_30_7_1,,KILLED,,,,,,,,
PLASPPlanner-seq,numeric-domains,block-grouping,instance_9_30_7_2,,KILLED,,,,,,,,
PLASPPlanner-seq,numeric-domains,block-grouping,instance_9_30_7_3,,KILLED,,,,,,,,
PLASPPlanner-seq,numeric-domains,block-grouping,instance_9_35_8_1,,KILLED,,,,,,,,
PLASPPlanner-seq,numeric-domains,block-grouping,instance_9_35_8_2,,KILLED,,,,,,,,
PLASPPlanner-seq,numeric-domains,block-grouping,instance_9_35_8_3,,KILLED,,,,,,,,
PLASPPlanner-seq,numeric-domains,block-grouping,instance_9_40_10_1,,KILLED,,,,,,,,
PLASPPlanner-seq,numeric-domains,block-grouping,instance_9_40_10_2,,KILLED,,,,,,,,
PLASPPlanner-seq,numeric-domains,block-grouping,instance_9_40_10_3,,KILLED,,,,,,,,
PLASPPlanner-seq,numeric-domains,block-grouping,instance_9_5_2_1,,SOLVED,True,10,,0.125,500.087,501.271,461.88,
PLASPPlanner-seq,numeric-domains,block-grouping,instance_9_5_2_2,,TIMEOUT,,,,0.133,,1801.265,584.6,Hit the task time limit.
PLASPPlanner-seq,numeric-domains,block-grouping,instance_9_5_2_3,,SOLVED,True,10,,0.122,1697.792,1698.957,578.61,
PLASPPlanner-seq,numeric-domains,coins,pfile01,,MEMOUT,,,,0.105,,188.081,7475.69,MemoryError under a 8192MB limit.
PLASPPlanner-seq,numeric-domains,coins,pfile02,,KILLED,,,,,,,,
PLASPPlanner-seq,numeric-domains,coins,pfile03,,KILLED,,,,,,,,
PLASPPlanner-seq,numeric-domains,coins,pfile04,,MEMOUT,,,,0.103,,218.061,7482.42,MemoryError under a 8192MB limit.
PLASPPlanner-seq,numeric-domains,coins,pfile05,,MEMOUT,,,,0.109,,217.333,7476.32,MemoryError under a 8192MB limit.
PLASPPlanner-seq,numeric-domains,coins,pfile06,,MEMOUT,,,,0.106,,647.497,5531.02,MemoryError under a 8192MB limit.
PLASPPlanner-seq,numeric-domains,coins,pfile07,,MEMOUT,,,,0.105,,648.031,5538.7,MemoryError under a 8192MB limit.
PLASPPlanner-seq,numeric-domains,coins,pfile08,,MEMOUT,,,,0.103,,647.367,5535.55,MemoryError under a 8192MB limit.
PLASPPlanner-seq,numeric-domains,coins,pfile09,,MEMOUT,,,,0.11,,650.491,5536.42,MemoryError under a 8192MB limit.
PLASPPlanner-seq,numeric-domains,coins,pfile10,,MEMOUT,,,,0.109,,649.843,5538.11,MemoryError under a 8192MB limit.
PLASPPlanner-seq,numeric-domains,coins,pfile11,,MEMOUT,,,,0.103,,673.104,5537.87,MemoryError under a 8192MB limit.
PLASPPlanner-seq,numeric-domains,coins,pfile12,,MEMOUT,,,,0.103,,674.811,5532.62,MemoryError under a 8192MB limit.
PLASPPlanner-seq,numeric-domains,coins,pfile13,,MEMOUT,,,,0.102,,675.514,5535.89,MemoryError under a 8192MB limit.
PLASPPlanner-seq,numeric-domains,coins,pfile14,,MEMOUT,,,,0.102,,675.006,5536.55,MemoryError under a 8192MB limit.
PLASPPlanner-seq,numeric-domains,coins,pfile15,,MEMOUT,,,,0.102,,675.902,5535.64,MemoryError under a 8192MB limit.
PLASPPlanner-seq,numeric-domains,coins,pfile16,,MEMOUT,,,,0.103,,676.97,5537.93,MemoryError under a 8192MB limit.
PLASPPlanner-seq,numeric-domains,coins,pfile17,,MEMOUT,,,,0.106,,610.446,5538.19,MemoryError under a 8192MB limit.
PLASPPlanner-seq,numeric-domains,coins,pfile18,,MEMOUT,,,,0.107,,610.108,5535.42,MemoryError under a 8192MB limit.
PLASPPlanner-seq,numeric-domains,coins,pfile19,,MEMOUT,,,,0.109,,611.609,5540.09,MemoryError under a 8192MB limit.
PLASPPlanner-seq,numeric-domains,coins,pfile20,,MEMOUT,,,,0.107,,613.304,5535.98,MemoryError under a 8192MB limit.
PLASPPlanner-seq,numeric-domains,counters,fz_instance_12,,TIMEOUT,,,,0.102,,1801.253,470.48,Hit the task time limit.
PLASPPlanner-seq,numeric-domains,counters,fz_instance_16,,TIMEOUT,,,,0.117,,1801.892,608.77,Hit the task time limit.
PLASPPlanner-seq,numeric-domains,counters,fz_instance_2,,SOLVED,True,1,,0.064,0.044,1.48,121.42,
PLASPPlanner-seq,numeric-domains,counters,fz_instance_20,,TIMEOUT,,,,0.142,,1802.144,743.16,Hit the task time limit.
PLASPPlanner-seq,numeric-domains,counters,fz_instance_24,,TIMEOUT,,,,0.201,,1801.861,509.68,Hit the task time limit.
PLASPPlanner-seq,numeric-domains,counters,fz_instance_28,,TIMEOUT,,,,0.231,,1802.774,723.86,Hit the task time limit.
PLASPPlanner-seq,numeric-domains,counters,fz_instance_32,,TIMEOUT,,,,0.212,,1802.247,622.04,Hit the task time limit.
PLASPPlanner-seq,numeric-domains,counters,fz_instance_36,,TIMEOUT,,,,0.235,,1802.621,724.96,Hit the task time limit.
PLASPPlanner-seq,numeric-domains,counters,fz_instance_4,,SOLVED,True,6,,0.076,1.005,2.337,132.0,
PLASPPlanner-seq,numeric-domains,counters,fz_instance_40,,TIMEOUT,,,,0.302,,1802.711,809.88,Hit the task time limit.
PLASPPlanner-seq,numeric-domains,counters,fz_instance_8,,TIMEOUT,,,,0.097,,1800.868,383.72,Hit the task time limit.
PLASPPlanner-seq,numeric-domains,counters,inv_instance_12,,TIMEOUT,,,,0.103,,1805.598,1546.41,Hit the task time limit.
PLASPPlanner-seq,numeric-domains,counters,inv_instance_16,,TIMEOUT,,,,0.123,,1807.634,1337.93,Hit the task time limit.
PLASPPlanner-seq,numeric-domains,counters,inv_instance_2,,SOLVED,True,3,,0.058,0.043,1.237,119.01,
PLASPPlanner-seq,numeric-domains,counters,inv_instance_20,,TIMEOUT,,,,0.144,,1813.642,1900.02,Hit the task time limit.
PLASPPlanner-seq,numeric-domains,counters,inv_instance_24,,TIMEOUT,,,,0.163,,1819.721,2239.99,Hit the task time limit.
PLASPPlanner-seq,numeric-domains,counters,inv_instance_28,,TIMEOUT,,,,0.181,,1823.17,2595.26,Hit the task time limit.
PLASPPlanner-seq,numeric-domains,counters,inv_instance_32,,TIMEOUT,,,,0.187,,1837.701,3498.84,Hit the task time limit.
PLASPPlanner-seq,numeric-domains,counters,inv_instance_36,,TIMEOUT,,,,0.2,,1847.168,4625.23,Hit the task time limit.
PLASPPlanner-seq,numeric-domains,counters,inv_instance_4,,SOLVED,True,12,,0.067,364.604,365.799,262.05,
PLASPPlanner-seq,numeric-domains,counters,inv_instance_40,,TIMEOUT,,,,0.276,,1849.359,4585.95,Hit the task time limit.
PLASPPlanner-seq,numeric-domains,counters,inv_instance_8,,TIMEOUT,,,,0.087,,1801.528,583.97,Hit the task time limit.
PLASPPlanner-seq,numeric-domains,counters,rnd_instance_12_1,,TIMEOUT,,,,0.109,,1801.563,420.99,Hit the task time limit.
PLASPPlanner-seq,numeric-domains,counters,rnd_instance_12_2,,TIMEOUT,,,,0.105,,1805.338,1313.08,Hit the task time limit.
PLASPPlanner-seq,numeric-domains,counters,rnd_instance_12_3,,TIMEOUT,,,,0.105,,1803.19,821.29,Hit the task time limit.
PLASPPlanner-seq,numeric-domains,counters,rnd_instance_16_1,,TIMEOUT,,,,0.128,,1807.094,1167.48,Hit the task time limit.
PLASPPlanner-seq,numeric-domains,counters,rnd_instance_16_2,,TIMEOUT,,,,0.131,,1811.521,1888.97,Hit the task time limit.
PLASPPlanner-seq,numeric-domains,counters,rnd_instance_16_3,,TIMEOUT,,,,0.12,,1812.476,1722.52,Hit the task time limit.
PLASPPlanner-seq,numeric-domains,counters,rnd_instance_20_1,,TIMEOUT,,,,0.134,,2066.215,1831.76,Hit the task time limit.
PLASPPlanner-seq,numeric-domains,counters,rnd_instance_20_2,,TIMEOUT,,,,0.149,,1819.258,2643.23,Hit the task time limit.
PLASPPlanner-seq,numeric-domains,counters,rnd_instance_20_3,,TIMEOUT,,,,0.139,,1813.596,1910.32,Hit the task time limit.
PLASPPlanner-seq,numeric-domains,counters,rnd_instance_24_1,,TIMEOUT,,,,0.161,,1824.678,3372.51,Hit the task time limit.
PLASPPlanner-seq,numeric-domains,counters,rnd_instance_24_2,,TIMEOUT,,,,0.16,,1826.42,3304.12,Hit the task time limit.
PLASPPlanner-seq,numeric-domains,counters,rnd_instance_24_3,,TIMEOUT,,,,0.198,,1827.727,3464.04,Hit the task time limit.
PLASPPlanner-seq,numeric-domains,counters,rnd_instance_28_1,,TIMEOUT,,,,0.197,,1824.122,2946.67,Hit the task time limit.
PLASPPlanner-seq,numeric-domains,counters,rnd_instance_28_2,,TIMEOUT,,,,0.192,,1949.987,2077.05,Hit the task time limit.
PLASPPlanner-seq,numeric-domains,counters,rnd_instance_28_3,,TIMEOUT,,,,0.191,,1822.083,2574.36,Hit the task time limit.
PLASPPlanner-seq,numeric-domains,counters,rnd_instance_2_1,,SOLVED,True,1,,0.054,0.029,1.151,120.0,
PLASPPlanner-seq,numeric-domains,counters,rnd_instance_2_2,,SOLVED,True,2,,0.054,0.034,1.153,117.78,
PLASPPlanner-seq,numeric-domains,counters,rnd_instance_2_3,,SOLVED,True,1,,0.054,0.029,1.15,121.4,
PLASPPlanner-seq,numeric-domains,counters,rnd_instance_32_1,,TIMEOUT,,,,0.197,,1831.017,3427.72,Hit the task time limit.
PLASPPlanner-seq,numeric-domains,counters,rnd_instance_32_2,,TIMEOUT,,,,0.217,,1826.38,3204.49,Hit the task time limit.
PLASPPlanner-seq,numeric-domains,counters,rnd_instance_32_3,,TIMEOUT,,,,0.205,,1827.554,4159.93,Hit the task time limit.
PLASPPlanner-seq,numeric-domains,counters,rnd_instance_36_1,,TIMEOUT,,,,0.227,,1848.483,4211.05,Hit the task time limit.
PLASPPlanner-seq,numeric-domains,counters,rnd_instance_36_2,,TIMEOUT,,,,0.224,,1843.475,4506.63,Hit the task time limit.
PLASPPlanner-seq,numeric-domains,counters,rnd_instance_36_3,,TIMEOUT,,,,0.198,,1842.434,3806.63,Hit the task time limit.
PLASPPlanner-seq,numeric-domains,counters,rnd_instance_40_1,,TIMEOUT,,,,0.322,,1878.758,7499.04,Hit the task time limit.
PLASPPlanner-seq,numeric-domains,counters,rnd_instance_40_2,,TIMEOUT,,,,0.326,,1855.107,3385.87,Hit the task time limit.
PLASPPlanner-seq,numeric-domains,counters,rnd_instance_40_3,,KILLED,,,,,,,,
PLASPPlanner-seq,numeric-domains,counters,rnd_instance_4_1,,SOLVED,True,7,,0.063,2.406,3.537,147.0,
PLASPPlanner-seq,numeric-domains,counters,rnd_instance_4_2,,SOLVED,True,8,,0.065,12.237,13.412,164.91,
PLASPPlanner-seq,numeric-domains,counters,rnd_instance_4_3,,SOLVED,True,8,,0.065,14.344,15.522,170.79,
PLASPPlanner-seq,numeric-domains,counters,rnd_instance_8_1,,TIMEOUT,,,,0.083,,1802.117,682.08,Hit the task time limit.
PLASPPlanner-seq,numeric-domains,counters,rnd_instance_8_2,,TIMEOUT,,,,0.085,,1802.647,865.29,Hit the task time limit.
PLASPPlanner-seq,numeric-domains,counters,rnd_instance_8_3,,TIMEOUT,,,,0.092,,1802.748,979.16,Hit the task time limit.
PLASPPlanner-seq,numeric-domains,delivery,pfile1,,SOLVED,True,10,,0.15,129.864,131.231,270.34,
PLASPPlanner-seq,numeric-domains,delivery,pfile10,,TIMEOUT,,,,0.181,,1805.051,1352.96,Hit the task time limit.
PLASPPlanner-seq,numeric-domains,delivery,pfile11,,TIMEOUT,,,,0.191,,1809.893,2351.52,Hit the task time limit.
PLASPPlanner-seq,numeric-domains,delivery,pfile12,,TIMEOUT,,,,0.196,,1820.354,3029.86,Hit the task time limit.
PLASPPlanner-seq,numeric-domains,delivery,pfile13,,MEMOUT,,,,0.201,,184.857,7541.13,MemoryError under a 8192MB limit.
PLASPPlanner-seq,numeric-domains,delivery,pfile14,,MEMOUT,,,,0.278,,181.509,6992.37,MemoryError under a 8192MB limit.
PLASPPlanner-seq,numeric-domains,delivery,pfile15,,MEMOUT,,,,0.287,,144.014,7549.27,MemoryError under a 8192MB limit.
PLASPPlanner-seq,numeric-domains,delivery,pfile16,,TIMEOUT,,,,0.346,,1818.207,3896.84,Hit the task time limit.
PLASPPlanner-seq,numeric-domains,delivery,pfile17,,MEMOUT,,,,0.403,,143.574,7076.3,MemoryError under a 8192MB limit.
PLASPPlanner-seq,numeric-domains,delivery,pfile18,,MEMOUT,,,,0.41,,154.219,7450.09,MemoryError under a 8192MB limit.
PLASPPlanner-seq,numeric-domains,delivery,pfile19,,MEMOUT,,,,0.405,,178.838,6599.82,MemoryError under a 8192MB limit.
PLASPPlanner-seq,numeric-domains,delivery,pfile2,,TIMEOUT,,,,0.155,,1802.826,660.04,Hit the task time limit.
PLASPPlanner-seq,numeric-domains,delivery,pfile20,,MEMOUT,,,,0.434,,201.138,6950.82,MemoryError under a 8192MB limit.
PLASPPlanner-seq,numeric-domains,delivery,pfile3,,TIMEOUT,,,,0.159,,1816.328,3476.9,Hit the task time limit.
PLASPPlanner-seq,numeric-domains,delivery,pfile4,,TIMEOUT,,,,0.179,,1814.672,6717.54,Hit the task time limit.
PLASPPlanner-seq,numeric-domains,delivery,pfile5,,TIMEOUT,,,,0.159,,1826.762,5343.89,Hit the task time limit.
PLASPPlanner-seq,numeric-domains,delivery,pfile6,,MEMOUT,,,,0.187,,1209.631,6237.6,MemoryError under a 8192MB limit.
PLASPPlanner-seq,numeric-domains,delivery,pfile7,,MEMOUT,,,,0.197,,181.612,6210.5,MemoryError under a 8192MB limit.
PLASPPlanner-seq,numeric-domains,delivery,pfile8,,TIMEOUT,,,,0.168,,1805.432,1345.1,Hit the task time limit.
PLASPPlanner-seq,numeric-domains,delivery,pfile9,,MEMOUT,,,,0.177,,338.046,6556.54,MemoryError under a 8192MB limit.
PLASPPlanner-seq,numeric-domains,depots,pfile1,,MEMOUT,,,,0.153,,140.363,7698.28,MemoryError under a 8192MB limit.
PLASPPlanner-seq,numeric-domains,depots,pfile10,,KILLED,,,,,,,,
PLASPPlanner-seq,numeric-domains,depots,pfile11,,MEMOUT,,,,0.196,,313.736,6978.81,MemoryError under a 8192MB limit.
PLASPPlanner-seq,numeric-domains,depots,pfile12,,MEMOUT,,,,0.211,,119.583,7735.68,MemoryError under a 8192MB limit.
PLASPPlanner-seq,numeric-domains,depots,pfile13,,MEMOUT,,,,0.167,,113.659,7622.57,MemoryError under a 8192MB limit.
PLASPPlanner-seq,numeric-domains,depots,pfile14,,MEMOUT,,,,0.22,,372.732,7631.69,MemoryError under a 8192MB limit.
PLASPPlanner-seq,numeric-domains,depots,pfile15,,MEMOUT,,,,0.215,,133.299,7686.97,MemoryError under a 8192MB limit.
PLASPPlanner-seq,numeric-domains,depots,pfile16,,MEMOUT,,,,0.182,,110.754,7623.47,MemoryError under a 8192MB limit.
PLASPPlanner-seq,numeric-domains,depots,pfile17,,KILLED,,,,,,,,
PLASPPlanner-seq,numeric-domains,depots,pfile18,,MEMOUT,,,,0.22,,153.306,6168.55,MemoryError under a 8192MB limit.
PLASPPlanner-seq,numeric-domains,depots,pfile19,,MEMOUT,,,,0.205,,111.803,7821.55,MemoryError under a 8192MB limit.
PLASPPlanner-seq,numeric-domains,depots,pfile2,,MEMOUT,,,,0.16,,185.432,7224.82,MemoryError under a 8192MB limit.
PLASPPlanner-seq,numeric-domains,depots,pfile20,,MEMOUT,,,,0.264,,193.596,7348.66,MemoryError under a 8192MB limit.
PLASPPlanner-seq,numeric-domains,depots,pfile3,,KILLED,,,,,,,,
PLASPPlanner-seq,numeric-domains,depots,pfile4,,MEMOUT,,,,0.186,,145.86,7395.9,MemoryError under a 8192MB limit.
PLASPPlanner-seq,numeric-domains,depots,pfile5,,MEMOUT,,,,0.189,,267.175,6345.97,MemoryError under a 8192MB limit.
PLASPPlanner-seq,numeric-domains,depots,pfile6,,MEMOUT,,,,0.203,,130.566,7602.7,MemoryError under a 8192MB limit.
PLASPPlanner-seq,numeric-domains,depots,pfile7,,MEMOUT,,,,0.158,,114.839,7576.98,MemoryError under a 8192MB limit.
PLASPPlanner-seq,numeric-domains,depots,pfile8,,MEMOUT,,,,0.172,,107.687,7806.48,MemoryError under a 8192MB limit.
PLASPPlanner-seq,numeric-domains,depots,pfile9,,KILLED,,,,,,,,
PLASPPlanner-seq,numeric-domains,driverlog,pfile1,,ERROR,,,,,,1.395,118.0,"SyntaxError: Found invalid expression: driven. From line: 53, col 6 to line: 53, col 12"
PLASPPlanner-seq,numeric-domains,driverlog,pfile10,,ERROR,,,,,,1.582,119.29,"SyntaxError: Found invalid expression: driven. From line: 170, col 6 to line: 170, col 12"
PLASPPlanner-seq,numeric-domains,driverlog,pfile11,,ERROR,,,,,,1.506,120.0,"SyntaxError: Found invalid expression: driven. From line: 201, col 6 to line: 201, col 12"
PLASPPlanner-seq,numeric-domains,driverlog,pfile12,,ERROR,,,,,,1.641,122.0,"SyntaxError: Found invalid expression: driven. From line: 311, col 6 to line: 311, col 12"
PLASPPlanner-seq,numeric-domains,driverlog,pfile13,,ERROR,,,,,,2.004,122.0,"SyntaxError: Found invalid expression: driven. From line: 392, col 6 to line: 392, col 12"
PLASPPlanner-seq,numeric-domains,driverlog,pfile14,,ERROR,,,,,,1.638,120.0,"SyntaxError: Found invalid expression: driven. From line: 270, col 6 to line: 270, col 12"
PLASPPlanner-seq,numeric-domains,driverlog,pfile15,,ERROR,,,,,,1.873,122.0,"SyntaxError: Found invalid expression: driven. From line: 389, col 6 to line: 389, col 12"
PLASPPlanner-seq,numeric-domains,driverlog,pfile16,,ERROR,,,,,,2.219,124.0,"SyntaxError: Found invalid expression: driven. From line: 490, col 6 to line: 490, col 12"
PLASPPlanner-seq,numeric-domains,driverlog,pfile17,,ERROR,,,,,,2.369,124.0,"SyntaxError: Found invalid expression: driven. From line: 545, col 6 to line: 545, col 12"
PLASPPlanner-seq,numeric-domains,driverlog,pfile18,,ERROR,,,,,,2.454,126.0,"SyntaxError: Found invalid expression: driven. From line: 653, col 6 to line: 653, col 12"
PLASPPlanner-seq,numeric-domains,driverlog,pfile19,,ERROR,,,,,,2.486,126.0,"SyntaxError: Found invalid expression: driven. From line: 704, col 6 to line: 704, col 12"
PLASPPlanner-seq,numeric-domains,driverlog,pfile2,,ERROR,,,,,,1.454,118.73,"SyntaxError: Found invalid expression: driven. From line: 65, col 6 to line: 65, col 12"
PLASPPlanner-seq,numeric-domains,driverlog,pfile20,,ERROR,,,,,,2.425,126.0,"SyntaxError: Found invalid expression: driven. From line: 733, col 6 to line: 733, col 12"
PLASPPlanner-seq,numeric-domains,driverlog,pfile3,,ERROR,,,,,,1.432,119.39,"SyntaxError: Found invalid expression: driven. From line: 66, col 6 to line: 66, col 12"
PLASPPlanner-seq,numeric-domains,driverlog,pfile4,,ERROR,,,,,,1.379,114.0,"SyntaxError: Found invalid expression: driven. From line: 61, col 6 to line: 61, col 12"
PLASPPlanner-seq,numeric-domains,driverlog,pfile5,,ERROR,,,,,,1.356,118.0,"SyntaxError: Found invalid expression: driven. From line: 70, col 6 to line: 70, col 12"
PLASPPlanner-seq,numeric-domains,driverlog,pfile6,,ERROR,,,,,,1.284,119.41,"SyntaxError: Found invalid expression: driven. From line: 64, col 6 to line: 64, col 12"
PLASPPlanner-seq,numeric-domains,driverlog,pfile7,,ERROR,,,,,,1.389,118.0,"SyntaxError: Found invalid expression: driven. From line: 75, col 6 to line: 75, col 12"
PLASPPlanner-seq,numeric-domains,driverlog,pfile8,,ERROR,,,,,,1.455,118.0,"SyntaxError: Found invalid expression: driven. From line: 77, col 6 to line: 77, col 12"
PLASPPlanner-seq,numeric-domains,driverlog,pfile9,,ERROR,,,,,,1.477,121.28,"SyntaxError: Found invalid expression: driven. From line: 122, col 6 to line: 122, col 12"
PLASPPlanner-seq,numeric-domains,drone,pfile1,,SOLVED,True,4,,0.141,0.102,1.424,122.0,
PLASPPlanner-seq,numeric-domains,drone,pfile10,,TIMEOUT,,,,0.497,,1800.993,375.64,Hit the task time limit.
PLASPPlanner-seq,numeric-domains,drone,pfile11,,TIMEOUT,,,,0.483,,1800.809,317.27,Hit the task time limit.
PLASPPlanner-seq,numeric-domains,drone,pfile12,,TIMEOUT,,,,0.481,,1800.852,323.31,Hit the task time limit.
PLASPPlanner-seq,numeric-domains,drone,pfile13,,TIMEOUT,,,,0.545,,1801.012,379.61,Hit the task time limit.
PLASPPlanner-seq,numeric-domains,drone,pfile14,,TIMEOUT,,,,0.487,,1800.687,282.66,Hit the task time limit.
PLASPPlanner-seq,numeric-domains,drone,pfile15,,TIMEOUT,,,,0.553,,1800.838,323.96,Hit the task time limit.
PLASPPlanner-seq,numeric-domains,drone,pfile16,,TIMEOUT,,,,0.577,,1800.882,328.01,Hit the task time limit.
PLASPPlanner-seq,numeric-domains,drone,pfile17,,TIMEOUT,,,,1.446,,1801.172,366.06,Hit the task time limit.
PLASPPlanner-seq,numeric-domains,drone,pfile18,,TIMEOUT,,,,1.656,,1801.026,323.68,Hit the task time limit.
PLASPPlanner-seq,numeric-domains,drone,pfile19,,TIMEOUT,,,,1.561,,1801.099,323.52,Hit the task time limit.
PLASPPlanner-seq,numeric-domains,drone,pfile2,,SOLVED,True,10,,0.156,2.22,3.6,153.34,
PLASPPlanner-seq,numeric-domains,drone,pfile20,,TIMEOUT,,,,2.76,,1801.528,355.32,Hit the task time limit.
PLASPPlanner-seq,numeric-domains,drone,pfile3,,TIMEOUT,,,,0.191,,1801.173,587.35,Hit the task time limit.
PLASPPlanner-seq,numeric-domains,drone,pfile4,,TIMEOUT,,,,0.218,,1800.971,374.73,Hit the task time limit.
PLASPPlanner-seq,numeric-domains,drone,pfile5,,TIMEOUT,,,,0.363,,1800.71,309.73,Hit the task time limit.
PLASPPlanner-seq,numeric-domains,drone,pfile6,,TIMEOUT,,,,0.381,,1800.935,361.61,Hit the task time limit.
PLASPPlanner-seq,numeric-domains,drone,pfile7,,TIMEOUT,,,,0.424,,1800.751,308.01,Hit the task time limit.
PLASPPlanner-seq,numeric-domains,drone,pfile8,,TIMEOUT,,,,0.46,,1800.729,315.17,Hit the task time limit.
PLASPPlanner-seq,numeric-domains,drone,pfile9,,TIMEOUT,,,,0.49,,1800.778,311.81,Hit the task time limit.
PLASPPlanner-seq,numeric-domains,elevators,p01,,TIMEOUT,,,,0.225,,1800.681,309.38,Hit the task time limit.
PLASPPlanner-seq,numeric-domains,elevators,p02,,SOLVED,True,9,,0.258,78.277,79.823,191.69,
PLASPPlanner-seq,numeric-domains,elevators,p03,,TIMEOUT,,,,0.222,,1801.022,414.4,Hit the task time limit.
PLASPPlanner-seq,numeric-domains,elevators,p04,,TIMEOUT,,,,0.266,,1801.285,474.8,Hit the task time limit.
PLASPPlanner-seq,numeric-domains,elevators,p05,,TIMEOUT,,,,0.22,,1801.12,450.66,Hit the task time limit.
PLASPPlanner-seq,numeric-domains,elevators,p06,,TIMEOUT,,,,0.228,,1801.554,587.3,Hit the task time limit.
PLASPPlanner-seq,numeric-domains,elevators,p07,,TIMEOUT,,,,0.248,,1801.462,569.22,Hit the task time limit.
PLASPPlanner-seq,numeric-domains,elevators,p08,,TIMEOUT,,,,0.234,,1800.907,393.21,Hit the task time limit.
PLASPPlanner-seq,numeric-domains,elevators,p09,,TIMEOUT,,,,0.254,,1801.292,491.81,Hit the task time limit.
PLASPPlanner-seq,numeric-domains,elevators,p10,,TIMEOUT,,,,0.375,,1801.178,458.35,Hit the task time limit.
PLASPPlanner-seq,numeric-domains,elevators,p11,,TIMEOUT,,,,0.484,,1801.034,432.61,Hit the task time limit.
PLASPPlanner-seq,numeric-domains,elevators,p12,,TIMEOUT,,,,0.449,,1800.944,473.02,Hit the task time limit.
PLASPPlanner-seq,numeric-domains,elevators,p13,,TIMEOUT,,,,0.438,,1801.015,419.14,Hit the task time limit.
PLASPPlanner-seq,numeric-domains,elevators,p14,,TIMEOUT,,,,0.401,,1801.818,745.46,Hit the task time limit.
PLASPPlanner-seq,numeric-domains,elevators,p15,,TIMEOUT,,,,0.45,,1801.445,620.38,Hit the task time limit.
PLASPPlanner-seq,numeric-domains,elevators,p16,,TIMEOUT,,,,0.461,,1801.727,719.07,Hit the task time limit.
PLASPPlanner-seq,numeric-domains,elevators,p17,,TIMEOUT,,,,0.415,,1801.161,513.35,Hit the task time limit.
PLASPPlanner-seq,numeric-domains,elevators,p18,,TIMEOUT,,,,0.426,,1801.683,681.69,Hit the task time limit.
PLASPPlanner-seq,numeric-domains,elevators,p19,,TIMEOUT,,,,0.421,,1801.427,645.92,Hit the task time limit.
PLASPPlanner-seq,numeric-domains,elevators,p20,,TIMEOUT,,,,0.416,,1801.642,668.26,Hit the task time limit.
PLASPPlanner-seq,numeric-domains,elevators,p21,,TIMEOUT,,,,0.427,,1801.169,493.66,Hit the task time limit.
PLASPPlanner-seq,numeric-domains,elevators,p22,,TIMEOUT,,,,0.444,,1801.191,467.61,Hit the task time limit.
PLASPPlanner-seq,numeric-domains,elevators,p23,,TIMEOUT,,,,0.547,,1801.382,576.75,Hit the task time limit.
PLASPPlanner-seq,numeric-domains,elevators,p24,,TIMEOUT,,,,0.473,,1802.089,769.25,Hit the task time limit.
PLASPPlanner-seq,numeric-domains,elevators,p25,,TIMEOUT,,,,0.482,,1801.562,613.25,Hit the task time limit.
PLASPPlanner-seq,numeric-domains,elevators,p26,,TIMEOUT,,,,0.472,,1802.095,799.88,Hit the task time limit.
PLASPPlanner-seq,numeric-domains,elevators,p27,,TIMEOUT,,,,0.41,,1801.686,663.54,Hit the task time limit.
PLASPPlanner-seq,numeric-domains,elevators,p28,,TIMEOUT,,,,0.51,,1802.31,914.64,Hit the task time limit.
PLASPPlanner-seq,numeric-domains,elevators,p29,,TIMEOUT,,,,0.504,,1801.389,538.75,Hit the task time limit.
PLASPPlanner-seq,numeric-domains,elevators,p30,,TIMEOUT,,,,0.434,,1802.524,931.23,Hit the task time limit.
PLASPPlanner-seq,numeric-domains,expedition,pfile1,,TIMEOUT,,,,0.115,,1803.262,706.58,Hit the task time limit.
PLASPPlanner-seq,numeric-domains,expedition,pfile10,,TIMEOUT,,,,0.179,,1887.348,6606.9,Hit the task time limit.
PLASPPlanner-seq,numeric-domains,expedition,pfile11,,TIMEOUT,,,,0.114,,1802.243,573.39,Hit the task time limit.
PLASPPlanner-seq,numeric-domains,expedition,pfile12,,TIMEOUT,,,,0.122,,1851.125,5797.12,Hit the task time limit.
PLASPPlanner-seq,numeric-domains,expedition,pfile13,,TIMEOUT,,,,0.11,,1803.596,745.0,Hit the task time limit.
PLASPPlanner-seq,numeric-domains,expedition,pfile14,,TIMEOUT,,,,0.117,,1805.991,946.62,Hit the task time limit.
PLASPPlanner-seq,numeric-domains,expedition,pfile15,,TIMEOUT,,,,0.12,,1806.632,967.29,Hit the task time limit.
PLASPPlanner-seq,numeric-domains,expedition,pfile16,,TIMEOUT,,,,0.114,,1810.324,1524.51,Hit the task time limit.
PLASPPlanner-seq,numeric-domains,expedition,pfile17,,TIMEOUT,,,,0.136,,1809.176,1403.34,Hit the task time limit.
PLASPPlanner-seq,numeric-domains,expedition,pfile18,,TIMEOUT,,,,0.115,,1817.22,2355.82,Hit the task time limit.
PLASPPlanner-seq,numeric-domains,expedition,pfile19,,TIMEOUT,,,,0.128,,1823.074,2904.46,Hit the task time limit.
PLASPPlanner-seq,numeric-domains,expedition,pfile2,,MEMOUT,,,,0.17,,1424.921,6636.19,MemoryError under a 8192MB limit.
PLASPPlanner-seq,numeric-domains,expedition,pfile20,,TIMEOUT,,,,0.127,,1844.376,4762.82,Hit the task time limit.
PLASPPlanner-seq,numeric-domains,expedition,pfile3,,TIMEOUT,,,,0.124,,1804.337,884.72,Hit the task time limit.
PLASPPlanner-seq,numeric-domains,expedition,pfile4,,TIMEOUT,,,,0.122,,1805.036,967.7,Hit the task time limit.
PLASPPlanner-seq,numeric-domains,expedition,pfile5,,TIMEOUT,,,,0.141,,1809.09,1432.89,Hit the task time limit.
PLASPPlanner-seq,numeric-domains,expedition,pfile6,,TIMEOUT,,,,0.165,,1815.877,2131.69,Hit the task time limit.
PLASPPlanner-seq,numeric-domains,expedition,pfile7,,TIMEOUT,,,,0.144,,1817.105,2222.05,Hit the task time limit.
PLASPPlanner-seq,numeric-domains,expedition,pfile8,,TIMEOUT,,,,0.169,,1833.216,3281.23,Hit the task time limit.
PLASPPlanner-seq,numeric-domains,expedition,pfile9,,TIMEOUT,,,,0.144,,1871.849,5874.98,Hit the task time limit.
PLASPPlanner-seq,numeric-domains,ext-plant-watering,pfile1,,TIMEOUT,,,,0.219,,1812.459,3795.45,Hit the task time limit.
PLASPPlanner-seq,numeric-domains,ext-plant-watering,pfile10,,MEMOUT,,,,0.408,,540.781,7185.41,MemoryError under a 8192MB limit.
PLASPPlanner-seq,numeric-domains,ext-plant-watering,pfile11,,TIMEOUT,,,,0.441,,1824.325,7525.69,Hit the task time limit.
PLASPPlanner-seq,numeric-domains,ext-plant-watering,pfile12,,TIMEOUT,,,,0.388,,1808.926,2711.45,Hit the task time limit.
PLASPPlanner-seq,numeric-domains,ext-plant-watering,pfile13,,TIMEOUT,,,,0.428,,1816.385,5085.35,Hit the task time limit.
PLASPPlanner-seq,numeric-domains,ext-plant-watering,pfile14,,TIMEOUT,,,,0.399,,1807.934,2375.72,Hit the task time limit.
PLASPPlanner-seq,numeric-domains,ext-plant-watering,pfile15,,MEMOUT,,,,0.425,,383.915,7326.57,MemoryError under a 8192MB limit.
PLASPPlanner-seq,numeric-domains,ext-plant-watering,pfile16,,MEMOUT,,,,0.403,,335.779,6612.09,MemoryError under a 8192MB limit.
PLASPPlanner-seq,numeric-domains,ext-plant-watering,pfile17,,TIMEOUT,,,,0.416,,1823.787,7612.71,Hit the task time limit.
PLASPPlanner-seq,numeric-domains,ext-plant-watering,pfile18,,MEMOUT,,,,0.409,,547.623,7144.15,MemoryError under a 8192MB limit.
PLASPPlanner-seq,numeric-domains,ext-plant-watering,pfile19,,TIMEOUT,,,,0.507,,1824.725,7266.35,Hit the task time limit.
PLASPPlanner-seq,numeric-domains,ext-plant-watering,pfile2,,TIMEOUT,,,,0.218,,1808.725,2668.8,Hit the task time limit.
PLASPPlanner-seq,numeric-domains,ext-plant-watering,pfile20,,MEMOUT,,,,0.434,,1398.459,7424.36,MemoryError under a 8192MB limit.
PLASPPlanner-seq,numeric-domains,ext-plant-watering,pfile3,,TIMEOUT,,,,0.243,,1805.082,1562.88,Hit the task time limit.
PLASPPlanner-seq,numeric-domains,ext-plant-watering,pfile4,,TIMEOUT,,,,0.244,,1810.241,2955.55,Hit the task time limit.
PLASPPlanner-seq,numeric-domains,ext-plant-watering,pfile5,,TIMEOUT,,,,0.213,,1818.038,5932.9,Hit the task time limit.
PLASPPlanner-seq,numeric-domains,ext-plant-watering,pfile6,,TIMEOUT,,,,0.264,,1811.282,3173.18,Hit the task time limit.
PLASPPlanner-seq,numeric-domains,ext-plant-watering,pfile7,,TIMEOUT,,,,0.399,,1815.187,6825.45,Hit the task time limit.
PLASPPlanner-seq,numeric-domains,ext-plant-watering,pfile8,,TIMEOUT,,,,0.4,,1815.097,4743.61,Hit the task time limit.
PLASPPlanner-seq,numeric-domains,ext-plant-watering,pfile9,,MEMOUT,,,,0.409,,784.608,6993.56,MemoryError under a 8192MB limit.
PLASPPlanner-seq,numeric-domains,factory-robot,pfile1,,UNSUPPORTED,,,,0.239,,1.542,120.0,PLASPPlanner cannot encode this task: A product of two numeric fluents is not linear and is not supported by the ASP encoding: (workload(r) * efficiency(r))
PLASPPlanner-seq,numeric-domains,factory-robot,pfile10,,UNSUPPORTED,,,,0.492,,1.757,118.0,PLASPPlanner cannot encode this task: A product of two numeric fluents is not linear and is not supported by the ASP encoding: (workload(r) * efficiency(r))
PLASPPlanner-seq,numeric-domains,factory-robot,pfile11,,UNSUPPORTED,,,,0.48,,1.783,120.0,PLASPPlanner cannot encode this task: A product of two numeric fluents is not linear and is not supported by the ASP encoding: (workload(r) * efficiency(r))
PLASPPlanner-seq,numeric-domains,factory-robot,pfile12,,UNSUPPORTED,,,,0.544,,1.914,120.0,PLASPPlanner cannot encode this task: A product of two numeric fluents is not linear and is not supported by the ASP encoding: (workload(r) * efficiency(r))
PLASPPlanner-seq,numeric-domains,factory-robot,pfile13,,UNSUPPORTED,,,,0.508,,1.769,121.5,PLASPPlanner cannot encode this task: A product of two numeric fluents is not linear and is not supported by the ASP encoding: (workload(r) * efficiency(r))
PLASPPlanner-seq,numeric-domains,factory-robot,pfile14,,UNSUPPORTED,,,,0.493,,1.725,120.0,PLASPPlanner cannot encode this task: A product of two numeric fluents is not linear and is not supported by the ASP encoding: (workload(r) * efficiency(r))
PLASPPlanner-seq,numeric-domains,factory-robot,pfile15,,UNSUPPORTED,,,,0.594,,1.898,121.38,PLASPPlanner cannot encode this task: A product of two numeric fluents is not linear and is not supported by the ASP encoding: (workload(r) * efficiency(r))
PLASPPlanner-seq,numeric-domains,factory-robot,pfile16,,UNSUPPORTED,,,,0.517,,1.788,121.27,PLASPPlanner cannot encode this task: A product of two numeric fluents is not linear and is not supported by the ASP encoding: (workload(r) * efficiency(r))
PLASPPlanner-seq,numeric-domains,factory-robot,pfile17,,UNSUPPORTED,,,,0.641,,1.936,122.0,PLASPPlanner cannot encode this task: A product of two numeric fluents is not linear and is not supported by the ASP encoding: (workload(r) * efficiency(r))
PLASPPlanner-seq,numeric-domains,factory-robot,pfile18,,UNSUPPORTED,,,,0.657,,2.007,120.0,PLASPPlanner cannot encode this task: A product of two numeric fluents is not linear and is not supported by the ASP encoding: (workload(r) * efficiency(r))
PLASPPlanner-seq,numeric-domains,factory-robot,pfile19,,UNSUPPORTED,,,,0.74,,2.105,123.37,PLASPPlanner cannot encode this task: A product of two numeric fluents is not linear and is not supported by the ASP encoding: (workload(r) * efficiency(r))
PLASPPlanner-seq,numeric-domains,factory-robot,pfile2,,UNSUPPORTED,,,,0.232,,1.436,119.16,PLASPPlanner cannot encode this task: A product of two numeric fluents is not linear and is not supported by the ASP encoding: (workload(r) * efficiency(r))
PLASPPlanner-seq,numeric-domains,factory-robot,pfile20,,UNSUPPORTED,,,,0.648,,1.917,122.0,PLASPPlanner cannot encode this task: A product of two numeric fluents is not linear and is not supported by the ASP encoding: (workload(r) * efficiency(r))
PLASPPlanner-seq,numeric-domains,factory-robot,pfile3,,UNSUPPORTED,,,,0.235,,1.598,121.51,PLASPPlanner cannot encode this task: A product of two numeric fluents is not linear and is not supported by the ASP encoding: (workload(r) * efficiency(r))
PLASPPlanner-seq,numeric-domains,factory-robot,pfile4,,UNSUPPORTED,,,,0.242,,1.638,120.0,PLASPPlanner cannot encode this task: A product of two numeric fluents is not linear and is not supported by the ASP encoding: (workload(r) * efficiency(r))
PLASPPlanner-seq,numeric-domains,factory-robot,pfile5,,UNSUPPORTED,,,,0.372,,1.608,122.0,PLASPPlanner cannot encode this task: A product of two numeric fluents is not linear and is not supported by the ASP encoding: (workload(r) * efficiency(r))
PLASPPlanner-seq,numeric-domains,factory-robot,pfile6,,UNSUPPORTED,,,,0.385,,1.627,119.27,PLASPPlanner cannot encode this task: A product of two numeric fluents is not linear and is not supported by the ASP encoding: (workload(r) * efficiency(r))
PLASPPlanner-seq,numeric-domains,factory-robot,pfile7,,UNSUPPORTED,,,,0.396,,1.571,120.0,PLASPPlanner cannot encode this task: A product of two numeric fluents is not linear and is not supported by the ASP encoding: (workload(r) * efficiency(r))
PLASPPlanner-seq,numeric-domains,factory-robot,pfile8,,UNSUPPORTED,,,,0.42,,1.614,120.0,PLASPPlanner cannot encode this task: A product of two numeric fluents is not linear and is not supported by the ASP encoding: (workload(r) * efficiency(r))
PLASPPlanner-seq,numeric-domains,factory-robot,pfile9,,UNSUPPORTED,,,,0.42,,1.614,120.0,PLASPPlanner cannot encode this task: A product of two numeric fluents is not linear and is not supported by the ASP encoding: (workload(r) * efficiency(r))
PLASPPlanner-seq,numeric-domains,farmland,instance_10_1000_1229,,TIMEOUT,,,,0.139,,1805.407,947.67,Hit the task time limit.
PLASPPlanner-seq,numeric-domains,farmland,instance_10_100_1229,,TIMEOUT,,,,0.142,,1804.627,869.58,Hit the task time limit.
PLASPPlanner-seq,numeric-domains,farmland,instance_10_200_1229,,TIMEOUT,,,,0.145,,1805.199,947.54,Hit the task time limit.
PLASPPlanner-seq,numeric-domains,farmland,instance_10_300_1229,,TIMEOUT,,,,0.159,,1805.38,948.13,Hit the task time limit.
PLASPPlanner-seq,numeric-domains,farmland,instance_10_400_1229,,TIMEOUT,,,,0.144,,1805.068,948.91,Hit the task time limit.
PLASPPlanner-seq,numeric-domains,farmland,instance_10_500_1229,,TIMEOUT,,,,0.153,,1805.437,946.81,Hit the task time limit.
PLASPPlanner-seq,numeric-domains,farmland,instance_10_600_1229,,TIMEOUT,,,,0.133,,1805.231,950.68,Hit the task time limit.
PLASPPlanner-seq,numeric-domains,farmland,instance_10_700_1229,,TIMEOUT,,,,0.156,,1805.346,945.67,Hit the task time limit.
PLASPPlanner-seq,numeric-domains,farmland,instance_10_800_1229,,TIMEOUT,,,,0.156,,1805.35,947.14,Hit the task time limit.
PLASPPlanner-seq,numeric-domains,farmland,instance_10_900_1229,,TIMEOUT,,,,0.156,,1805.389,946.38,Hit the task time limit.
PLASPPlanner-seq,numeric-domains,farmland,instance_2_1000_1229,,TIMEOUT,,,,0.071,,1801.869,494.85,Hit the task time limit.
PLASPPlanner-seq,numeric-domains,farmland,instance_2_100_1229,,TIMEOUT,,,,0.069,,1801.842,495.92,Hit the task time limit.
PLASPPlanner-seq,numeric-domains,farmland,instance_2_200_1229,,TIMEOUT,,,,0.074,,1801.854,493.76,Hit the task time limit.
PLASPPlanner-seq,numeric-domains,farmland,instance_2_300_1229,,TIMEOUT,,,,0.08,,1801.868,495.08,Hit the task time limit.
PLASPPlanner-seq,numeric-domains,farmland,instance_2_400_1229,,TIMEOUT,,,,0.075,,1801.874,492.48,Hit the task time limit.
PLASPPlanner-seq,numeric-domains,farmland,instance_2_500_1229,,TIMEOUT,,,,0.073,,1801.91,491.98,Hit the task time limit.
PLASPPlanner-seq,numeric-domains,farmland,instance_2_600_1229,,TIMEOUT,,,,0.076,,1801.905,496.62,Hit the task time limit.
PLASPPlanner-seq,numeric-domains,farmland,instance_2_700_1229,,TIMEOUT,,,,0.083,,1801.8,497.06,Hit the task time limit.
PLASPPlanner-seq,numeric-domains,farmland,instance_2_800_1229,,TIMEOUT,,,,0.085,,1801.889,497.17,Hit the task time limit.
PLASPPlanner-seq,numeric-domains,farmland,instance_2_900_1229,,TIMEOUT,,,,0.072,,1801.83,497.38,Hit the task time limit.
PLASPPlanner-seq,numeric-domains,farmland,instance_4_1000_1229,,TIMEOUT,,,,0.089,,1808.038,1367.04,Hit the task time limit.
PLASPPlanner-seq,numeric-domains,farmland,instance_4_100_1229,,TIMEOUT,,,,0.106,,1807.745,1265.58,Hit the task time limit.
PLASPPlanner-seq,numeric-domains,farmland,instance_4_200_1229,,TIMEOUT,,,,0.109,,1807.735,1374.42,Hit the task time limit.
PLASPPlanner-seq,numeric-domains,farmland,instance_4_300_1229,,TIMEOUT,,,,0.09,,1807.908,1374.44,Hit the task time limit.
PLASPPlanner-seq,numeric-domains,farmland,instance_4_400_1229,,TIMEOUT,,,,0.108,,1808.004,1372.04,Hit the task time limit.
PLASPPlanner-seq,numeric-domains,farmland,instance_4_500_1229,,TIMEOUT,,,,0.104,,1807.874,1372.09,Hit the task time limit.
PLASPPlanner-seq,numeric-domains,farmland,instance_4_600_1229,,TIMEOUT,,,,0.095,,1807.899,1373.97,Hit the task time limit.
PLASPPlanner-seq,numeric-domains,farmland,instance_4_700_1229,,TIMEOUT,,,,0.087,,1807.97,1374.51,Hit the task time limit.
PLASPPlanner-seq,numeric-domains,farmland,instance_4_800_1229,,TIMEOUT,,,,0.093,,1808.083,1373.25,Hit the task time limit.
PLASPPlanner-seq,numeric-domains,farmland,instance_4_900_1229,,TIMEOUT,,,,0.094,,1808.131,1369.19,Hit the task time limit.
PLASPPlanner-seq,numeric-domains,farmland,instance_6_1000_1229,,TIMEOUT,,,,0.105,,1802.003,474.38,Hit the task time limit.
PLASPPlanner-seq,numeric-domains,farmland,instance_6_100_1229,,TIMEOUT,,,,0.118,,1801.983,473.11,Hit the task time limit.
PLASPPlanner-seq,numeric-domains,farmland,instance_6_200_1229,,TIMEOUT,,,,0.101,,1801.971,473.89,Hit the task time limit.
PLASPPlanner-seq,numeric-domains,farmland,instance_6_300_1229,,TIMEOUT,,,,0.101,,1801.98,469.59,Hit the task time limit.
PLASPPlanner-seq,numeric-domains,farmland,instance_6_400_1229,,TIMEOUT,,,,0.113,,1801.971,475.91,Hit the task time limit.
PLASPPlanner-seq,numeric-domains,farmland,instance_6_500_1229,,TIMEOUT,,,,0.116,,1801.951,474.48,Hit the task time limit.
PLASPPlanner-seq,numeric-domains,farmland,instance_6_600_1229,,TIMEOUT,,,,0.111,,1801.948,472.41,Hit the task time limit.
PLASPPlanner-seq,numeric-domains,farmland,instance_6_700_1229,,TIMEOUT,,,,0.103,,1802.044,475.81,Hit the task time limit.
PLASPPlanner-seq,numeric-domains,farmland,instance_6_800_1229,,TIMEOUT,,,,0.101,,1802.051,474.3,Hit the task time limit.
PLASPPlanner-seq,numeric-domains,farmland,instance_6_900_1229,,TIMEOUT,,,,0.107,,1801.984,480.78,Hit the task time limit.
PLASPPlanner-seq,numeric-domains,farmland,instance_8_1000_1229,,TIMEOUT,,,,0.135,,1803.429,817.55,Hit the task time limit.
PLASPPlanner-seq,numeric-domains,farmland,instance_8_100_1229,,TIMEOUT,,,,0.135,,1803.386,642.94,Hit the task time limit.
PLASPPlanner-seq,numeric-domains,farmland,instance_8_200_1229,,TIMEOUT,,,,0.133,,1803.444,821.66,Hit the task time limit.
PLASPPlanner-seq,numeric-domains,farmland,instance_8_300_1229,,TIMEOUT,,,,0.135,,1803.451,817.14,Hit the task time limit.
PLASPPlanner-seq,numeric-domains,farmland,instance_8_400_1229,,TIMEOUT,,,,0.134,,1803.507,821.65,Hit the task time limit.
PLASPPlanner-seq,numeric-domains,farmland,instance_8_500_1229,,TIMEOUT,,,,0.125,,1803.441,822.07,Hit the task time limit.
PLASPPlanner-seq,numeric-domains,farmland,instance_8_600_1229,,TIMEOUT,,,,0.13,,1803.449,820.11,Hit the task time limit.
PLASPPlanner-seq,numeric-domains,farmland,instance_8_700_1229,,TIMEOUT,,,,0.119,,1803.456,817.1,Hit the task time limit.
PLASPPlanner-seq,numeric-domains,farmland,instance_8_800_1229,,TIMEOUT,,,,0.129,,1803.403,822.85,Hit the task time limit.
PLASPPlanner-seq,numeric-domains,farmland,instance_8_900_1229,,TIMEOUT,,,,0.139,,1803.459,822.98,Hit the task time limit.
PLASPPlanner-seq,numeric-domains,fo-counters,instance_10,,TIMEOUT,,,,0.128,,1810.872,1519.06,Hit the task time limit.
PLASPPlanner-seq,numeric-domains,fo-counters,instance_11,,TIMEOUT,,,,0.132,,1808.703,1416.36,Hit the task time limit.
PLASPPlanner-seq,numeric-domains,fo-counters,instance_12,,TIMEOUT,,,,0.16,,1810.981,1630.3,Hit the task time limit.
PLASPPlanner-seq,numeric-domains,fo-counters,instance_13,,TIMEOUT,,,,0.157,,1816.744,2052.95,Hit the task time limit.
PLASPPlanner-seq,numeric-domains,fo-counters,instance_14,,TIMEOUT,,,,0.148,,1815.838,2250.05,Hit the task time limit.
PLASPPlanner-seq,numeric-domains,fo-counters,instance_15,,TIMEOUT,,,,0.167,,1818.291,2268.21,Hit the task time limit.
PLASPPlanner-seq,numeric-domains,fo-counters,instance_16,,TIMEOUT,,,,0.179,,1820.002,2565.26,Hit the task time limit.
PLASPPlanner-seq,numeric-domains,fo-counters,instance_17,,TIMEOUT,,,,0.164,,1822.221,2756.86,Hit the task time limit.
PLASPPlanner-seq,numeric-domains,fo-counters,instance_18,,TIMEOUT,,,,0.18,,1819.983,2667.45,Hit the task time limit.
PLASPPlanner-seq,numeric-domains,fo-counters,instance_19,,TIMEOUT,,,,0.209,,1827.923,3308.0,Hit the task time limit.
PLASPPlanner-seq,numeric-domains,fo-counters,instance_2,,SOLVED,True,2,,0.089,0.055,1.411,122.0,
PLASPPlanner-seq,numeric-domains,fo-counters,instance_20,,TIMEOUT,,,,0.211,,1825.233,2898.0,Hit the task time limit.
PLASPPlanner-seq,numeric-domains,fo-counters,instance_21,,TIMEOUT,,,,0.212,,1829.815,3649.11,Hit the task time limit.
PLASPPlanner-seq,numeric-domains,fo-counters,instance_3,,TIMEOUT,,,,0.096,,1802.067,592.11,Hit the task time limit.
PLASPPlanner-seq,numeric-domains,fo-counters,instance_4,,TIMEOUT,,,,0.092,,1802.432,550.54,Hit the task time limit.
PLASPPlanner-seq,numeric-domains,fo-counters,instance_5,,TIMEOUT,,,,0.097,,1804.148,758.5,Hit the task time limit.
PLASPPlanner-seq,numeric-domains,fo-counters,instance_6,,TIMEOUT,,,,0.105,,1806.291,1235.38,Hit the task time limit.
PLASPPlanner-seq,numeric-domains,fo-counters,instance_7,,TIMEOUT,,,,0.122,,1806.206,1027.28,Hit the task time limit.
PLASPPlanner-seq,numeric-domains,fo-counters,instance_8,,TIMEOUT,,,,0.132,,1808.711,1269.09,Hit the task time limit.
PLASPPlanner-seq,numeric-domains,fo-counters,instance_9,,TIMEOUT,,,,0.13,,1808.959,1355.39,Hit the task time limit.
PLASPPlanner-seq,numeric-domains,fo-farmland,instance_10_1000_1229,,UNSUPPORTED,,,,0.148,,1.415,118.0,"PLASPPlanner cannot encode this task: The numeric effect on variable((""cost"")) reads variable((""num_of_cars"")) with the fractional coefficient 2/5, which no rescaling of the task can make whole (scaling moves the valu..."
PLASPPlanner-seq,numeric-domains,fo-farmland,instance_10_100_1229,,UNSUPPORTED,,,,0.143,,1.391,118.0,"PLASPPlanner cannot encode this task: The numeric effect on variable((""cost"")) reads variable((""num_of_cars"")) with the fractional coefficient 2/5, which no rescaling of the task can make whole (scaling moves the valu..."
PLASPPlanner-seq,numeric-domains,fo-farmland,instance_10_200_1229,,UNSUPPORTED,,,,0.159,,1.403,118.0,"PLASPPlanner cannot encode this task: The numeric effect on variable((""cost"")) reads variable((""num_of_cars"")) with the fractional coefficient 2/5, which no rescaling of the task can make whole (scaling moves the valu..."
PLASPPlanner-seq,numeric-domains,fo-farmland,instance_10_300_1229,,UNSUPPORTED,,,,0.159,,1.379,118.0,"PLASPPlanner cannot encode this task: The numeric effect on variable((""cost"")) reads variable((""num_of_cars"")) with the fractional coefficient 2/5, which no rescaling of the task can make whole (scaling moves the valu..."
PLASPPlanner-seq,numeric-domains,fo-farmland,instance_10_400_1229,,UNSUPPORTED,,,,0.151,,1.406,119.39,"PLASPPlanner cannot encode this task: The numeric effect on variable((""cost"")) reads variable((""num_of_cars"")) with the fractional coefficient 2/5, which no rescaling of the task can make whole (scaling moves the valu..."
PLASPPlanner-seq,numeric-domains,fo-farmland,instance_10_500_1229,,UNSUPPORTED,,,,0.167,,1.448,116.0,"PLASPPlanner cannot encode this task: The numeric effect on variable((""cost"")) reads variable((""num_of_cars"")) with the fractional coefficient 2/5, which no rescaling of the task can make whole (scaling moves the valu..."
PLASPPlanner-seq,numeric-domains,fo-farmland,instance_10_600_1229,,UNSUPPORTED,,,,0.158,,1.397,119.25,"PLASPPlanner cannot encode this task: The numeric effect on variable((""cost"")) reads variable((""num_of_cars"")) with the fractional coefficient 2/5, which no rescaling of the task can make whole (scaling moves the valu..."
PLASPPlanner-seq,numeric-domains,fo-farmland,instance_10_700_1229,,UNSUPPORTED,,,,0.144,,1.308,120.0,"PLASPPlanner cannot encode this task: The numeric effect on variable((""cost"")) reads variable((""num_of_cars"")) with the fractional coefficient 2/5, which no rescaling of the task can make whole (scaling moves the valu..."
PLASPPlanner-seq,numeric-domains,fo-farmland,instance_10_800_1229,,UNSUPPORTED,,,,0.144,,1.308,118.0,"PLASPPlanner cannot encode this task: The numeric effect on variable((""cost"")) reads variable((""num_of_cars"")) with the fractional coefficient 2/5, which no rescaling of the task can make whole (scaling moves the valu..."
PLASPPlanner-seq,numeric-domains,fo-farmland,instance_10_900_1229,,UNSUPPORTED,,,,0.145,,1.322,118.0,"PLASPPlanner cannot encode this task: The numeric effect on variable((""cost"")) reads variable((""num_of_cars"")) with the fractional coefficient 2/5, which no rescaling of the task can make whole (scaling moves the valu..."
PLASPPlanner-seq,numeric-domains,fo-farmland,instance_2_1000_1229,,UNSUPPORTED,,,,0.089,,1.288,118.0,"PLASPPlanner cannot encode this task: The numeric effect on variable((""cost"")) reads variable((""num_of_cars"")) with the fractional coefficient 2/5, which no rescaling of the task can make whole (scaling moves the valu..."
PLASPPlanner-seq,numeric-domains,fo-farmland,instance_2_100_1229,,UNSUPPORTED,,,,0.088,,1.266,118.0,"PLASPPlanner cannot encode this task: The numeric effect on variable((""cost"")) reads variable((""num_of_cars"")) with the fractional coefficient 2/5, which no rescaling of the task can make whole (scaling moves the valu..."
PLASPPlanner-seq,numeric-domains,fo-farmland,instance_2_200_1229,,UNSUPPORTED,,,,0.101,,1.413,118.0,"PLASPPlanner cannot encode this task: The numeric effect on variable((""cost"")) reads variable((""num_of_cars"")) with the fractional coefficient 2/5, which no rescaling of the task can make whole (scaling moves the valu..."
PLASPPlanner-seq,numeric-domains,fo-farmland,instance_2_300_1229,,UNSUPPORTED,,,,0.098,,1.372,118.0,"PLASPPlanner cannot encode this task: The numeric effect on variable((""cost"")) reads variable((""num_of_cars"")) with the fractional coefficient 2/5, which no rescaling of the task can make whole (scaling moves the valu..."
PLASPPlanner-seq,numeric-domains,fo-farmland,instance_2_400_1229,,UNSUPPORTED,,,,0.09,,1.303,120.0,"PLASPPlanner cannot encode this task: The numeric effect on variable((""cost"")) reads variable((""num_of_cars"")) with the fractional coefficient 2/5, which no rescaling of the task can make whole (scaling moves the valu..."
PLASPPlanner-seq,numeric-domains,fo-farmland,instance_2_500_1229,,UNSUPPORTED,,,,0.097,,1.378,118.0,"PLASPPlanner cannot encode this task: The numeric effect on variable((""cost"")) reads variable((""num_of_cars"")) with the fractional coefficient 2/5, which no rescaling of the task can make whole (scaling moves the valu..."
PLASPPlanner-seq,numeric-domains,fo-farmland,instance_2_600_1229,,UNSUPPORTED,,,,0.098,,1.407,118.0,"PLASPPlanner cannot encode this task: The numeric effect on variable((""cost"")) reads variable((""num_of_cars"")) with the fractional coefficient 2/5, which no rescaling of the task can make whole (scaling moves the valu..."
PLASPPlanner-seq,numeric-domains,fo-farmland,instance_2_700_1229,,UNSUPPORTED,,,,0.093,,1.352,118.0,"PLASPPlanner cannot encode this task: The numeric effect on variable((""cost"")) reads variable((""num_of_cars"")) with the fractional coefficient 2/5, which no rescaling of the task can make whole (scaling moves the valu..."
PLASPPlanner-seq,numeric-domains,fo-farmland,instance_2_800_1229,,UNSUPPORTED,,,,0.096,,1.387,118.0,"PLASPPlanner cannot encode this task: The numeric effect on variable((""cost"")) reads variable((""num_of_cars"")) with the fractional coefficient 2/5, which no rescaling of the task can make whole (scaling moves the valu..."
PLASPPlanner-seq,numeric-domains,fo-farmland,instance_2_900_1229,,UNSUPPORTED,,,,0.102,,1.375,118.0,"PLASPPlanner cannot encode this task: The numeric effect on variable((""cost"")) reads variable((""num_of_cars"")) with the fractional coefficient 2/5, which no rescaling of the task can make whole (scaling moves the valu..."
PLASPPlanner-seq,numeric-domains,fo-farmland,instance_4_1000_1229,,UNSUPPORTED,,,,0.104,,1.313,118.0,"PLASPPlanner cannot encode this task: The numeric effect on variable((""cost"")) reads variable((""num_of_cars"")) with the fractional coefficient 2/5, which no rescaling of the task can make whole (scaling moves the valu..."
PLASPPlanner-seq,numeric-domains,fo-farmland,instance_4_100_1229,,UNSUPPORTED,,,,0.101,,1.337,118.0,"PLASPPlanner cannot encode this task: The numeric effect on variable((""cost"")) reads variable((""num_of_cars"")) with the fractional coefficient 2/5, which no rescaling of the task can make whole (scaling moves the valu..."
PLASPPlanner-seq,numeric-domains,fo-farmland,instance_4_200_1229,,UNSUPPORTED,,,,0.101,,1.276,118.0,"PLASPPlanner cannot encode this task: The numeric effect on variable((""cost"")) reads variable((""num_of_cars"")) with the fractional coefficient 2/5, which no rescaling of the task can make whole (scaling moves the valu..."
PLASPPlanner-seq,numeric-domains,fo-farmland,instance_4_300_1229,,UNSUPPORTED,,,,0.099,,1.286,117.14,"PLASPPlanner cannot encode this task: The numeric effect on variable((""cost"")) reads variable((""num_of_cars"")) with the fractional coefficient 2/5, which no rescaling of the task can make whole (scaling moves the valu..."
PLASPPlanner-seq,numeric-domains,fo-farmland,instance_4_400_1229,,UNSUPPORTED,,,,0.099,,1.337,117.5,"PLASPPlanner cannot encode this task: The numeric effect on variable((""cost"")) reads variable((""num_of_cars"")) with the fractional coefficient 2/5, which no rescaling of the task can make whole (scaling moves the valu..."
PLASPPlanner-seq,numeric-domains,fo-farmland,instance_4_500_1229,,UNSUPPORTED,,,,0.099,,1.351,117.41,"PLASPPlanner cannot encode this task: The numeric effect on variable((""cost"")) reads variable((""num_of_cars"")) with the fractional coefficient 2/5, which no rescaling of the task can make whole (scaling moves the valu..."
PLASPPlanner-seq,numeric-domains,fo-farmland,instance_4_600_1229,,UNSUPPORTED,,,,0.108,,1.32,118.0,"PLASPPlanner cannot encode this task: The numeric effect on variable((""cost"")) reads variable((""num_of_cars"")) with the fractional coefficient 2/5, which no rescaling of the task can make whole (scaling moves the valu..."
PLASPPlanner-seq,numeric-domains,fo-farmland,instance_4_700_1229,,UNSUPPORTED,,,,0.11,,1.377,118.0,"PLASPPlanner cannot encode this task: The numeric effect on variable((""cost"")) reads variable((""num_of_cars"")) with the fractional coefficient 2/5, which no rescaling of the task can make whole (scaling moves the valu..."
PLASPPlanner-seq,numeric-domains,fo-farmland,instance_4_800_1229,,UNSUPPORTED,,,,0.101,,1.324,118.0,"PLASPPlanner cannot encode this task: The numeric effect on variable((""cost"")) reads variable((""num_of_cars"")) with the fractional coefficient 2/5, which no rescaling of the task can make whole (scaling moves the valu..."
PLASPPlanner-seq,numeric-domains,fo-farmland,instance_4_900_1229,,UNSUPPORTED,,,,0.112,,1.361,118.0,"PLASPPlanner cannot encode this task: The numeric effect on variable((""cost"")) reads variable((""num_of_cars"")) with the fractional coefficient 2/5, which no rescaling of the task can make whole (scaling moves the valu..."
PLASPPlanner-seq,numeric-domains,fo-farmland,instance_6_1000_1229,,UNSUPPORTED,,,,0.129,,1.376,118.0,"PLASPPlanner cannot encode this task: The numeric effect on variable((""cost"")) reads variable((""num_of_cars"")) with the fractional coefficient 2/5, which no rescaling of the task can make whole (scaling moves the valu..."
PLASPPlanner-seq,numeric-domains,fo-farmland,instance_6_100_1229,,UNSUPPORTED,,,,0.119,,1.356,118.0,"PLASPPlanner cannot encode this task: The numeric effect on variable((""cost"")) reads variable((""num_of_cars"")) with the fractional coefficient 2/5, which no rescaling of the task can make whole (scaling moves the valu..."
PLASPPlanner-seq,numeric-domains,fo-farmland,instance_6_200_1229,,UNSUPPORTED,,,,0.126,,1.365,118.0,"PLASPPlanner cannot encode this task: The numeric effect on variable((""cost"")) reads variable((""num_of_cars"")) with the fractional coefficient 2/5, which no rescaling of the task can make whole (scaling moves the valu..."
PLASPPlanner-seq,numeric-domains,fo-farmland,instance_6_300_1229,,UNSUPPORTED,,,,0.129,,1.36,118.0,"PLASPPlanner cannot encode this task: The numeric effect on variable((""cost"")) reads variable((""num_of_cars"")) with the fractional coefficient 2/5, which no rescaling of the task can make whole (scaling moves the valu..."
PLASPPlanner-seq,numeric-domains,fo-farmland,instance_6_400_1229,,UNSUPPORTED,,,,0.124,,1.355,114.0,"PLASPPlanner cannot encode this task: The numeric effect on variable((""cost"")) reads variable((""num_of_cars"")) with the fractional coefficient 2/5, which no rescaling of the task can make whole (scaling moves the valu..."
PLASPPlanner-seq,numeric-domains,fo-farmland,instance_6_500_1229,,UNSUPPORTED,,,,0.116,,1.346,118.0,"PLASPPlanner cannot encode this task: The numeric effect on variable((""cost"")) reads variable((""num_of_cars"")) with the fractional coefficient 2/5, which no rescaling of the task can make whole (scaling moves the valu..."
PLASPPlanner-seq,numeric-domains,fo-farmland,instance_6_600_1229,,UNSUPPORTED,,,,0.125,,1.372,118.0,"PLASPPlanner cannot encode this task: The numeric effect on variable((""cost"")) reads variable((""num_of_cars"")) with the fractional coefficient 2/5, which no rescaling of the task can make whole (scaling moves the valu..."
PLASPPlanner-seq,numeric-domains,fo-farmland,instance_6_700_1229,,UNSUPPORTED,,,,0.131,,1.394,118.0,"PLASPPlanner cannot encode this task: The numeric effect on variable((""cost"")) reads variable((""num_of_cars"")) with the fractional coefficient 2/5, which no rescaling of the task can make whole (scaling moves the valu..."
PLASPPlanner-seq,numeric-domains,fo-farmland,instance_6_800_1229,,UNSUPPORTED,,,,0.119,,1.294,118.0,"PLASPPlanner cannot encode this task: The numeric effect on variable((""cost"")) reads variable((""num_of_cars"")) with the fractional coefficient 2/5, which no rescaling of the task can make whole (scaling moves the valu..."
PLASPPlanner-seq,numeric-domains,fo-farmland,instance_6_900_1229,,UNSUPPORTED,,,,0.115,,1.271,118.0,"PLASPPlanner cannot encode this task: The numeric effect on variable((""cost"")) reads variable((""num_of_cars"")) with the fractional coefficient 2/5, which no rescaling of the task can make whole (scaling moves the valu..."
PLASPPlanner-seq,numeric-domains,fo-farmland,instance_8_1000_1229,,UNSUPPORTED,,,,0.13,,1.292,119.49,"PLASPPlanner cannot encode this task: The numeric effect on variable((""cost"")) reads variable((""num_of_cars"")) with the fractional coefficient 2/5, which no rescaling of the task can make whole (scaling moves the valu..."
PLASPPlanner-seq,numeric-domains,fo-farmland,instance_8_100_1229,,UNSUPPORTED,,,,0.132,,1.35,118.0,"PLASPPlanner cannot encode this task: The numeric effect on variable((""cost"")) reads variable((""num_of_cars"")) with the fractional coefficient 2/5, which no rescaling of the task can make whole (scaling moves the valu..."
PLASPPlanner-seq,numeric-domains,fo-farmland,instance_8_200_1229,,UNSUPPORTED,,,,0.133,,1.305,116.0,"PLASPPlanner cannot encode this task: The numeric effect on variable((""cost"")) reads variable((""num_of_cars"")) with the fractional coefficient 2/5, which no rescaling of the task can make whole (scaling moves the valu..."
PLASPPlanner-seq,numeric-domains,fo-farmland,instance_8_300_1229,,UNSUPPORTED,,,,0.153,,1.441,118.0,"PLASPPlanner cannot encode this task: The numeric effect on variable((""cost"")) reads variable((""num_of_cars"")) with the fractional coefficient 2/5, which no rescaling of the task can make whole (scaling moves the valu..."
PLASPPlanner-seq,numeric-domains,fo-farmland,instance_8_400_1229,,UNSUPPORTED,,,,0.146,,1.305,118.0,"PLASPPlanner cannot encode this task: The numeric effect on variable((""cost"")) reads variable((""num_of_cars"")) with the fractional coefficient 2/5, which no rescaling of the task can make whole (scaling moves the valu..."
PLASPPlanner-seq,numeric-domains,fo-farmland,instance_8_500_1229,,UNSUPPORTED,,,,0.131,,1.29,118.0,"PLASPPlanner cannot encode this task: The numeric effect on variable((""cost"")) reads variable((""num_of_cars"")) with the fractional coefficient 2/5, which no rescaling of the task can make whole (scaling moves the valu..."
PLASPPlanner-seq,numeric-domains,fo-farmland,instance_8_600_1229,,UNSUPPORTED,,,,0.13,,1.303,118.0,"PLASPPlanner cannot encode this task: The numeric effect on variable((""cost"")) reads variable((""num_of_cars"")) with the fractional coefficient 2/5, which no rescaling of the task can make whole (scaling moves the valu..."
PLASPPlanner-seq,numeric-domains,fo-farmland,instance_8_700_1229,,UNSUPPORTED,,,,0.137,,1.363,118.0,"PLASPPlanner cannot encode this task: The numeric effect on variable((""cost"")) reads variable((""num_of_cars"")) with the fractional coefficient 2/5, which no rescaling of the task can make whole (scaling moves the valu..."
PLASPPlanner-seq,numeric-domains,fo-farmland,instance_8_800_1229,,UNSUPPORTED,,,,0.147,,1.361,117.77,"PLASPPlanner cannot encode this task: The numeric effect on variable((""cost"")) reads variable((""num_of_cars"")) with the fractional coefficient 2/5, which no rescaling of the task can make whole (scaling moves the valu..."
PLASPPlanner-seq,numeric-domains,fo-farmland,instance_8_900_1229,,UNSUPPORTED,,,,0.147,,1.332,118.0,"PLASPPlanner cannot encode this task: The numeric effect on variable((""cost"")) reads variable((""num_of_cars"")) with the fractional coefficient 2/5, which no rescaling of the task can make whole (scaling moves the valu..."
PLASPPlanner-seq,numeric-domains,fo-sailing,instance_1_1_1229,,UNSUPPORTED,,,,0.149,,1.341,116.0,"PLASPPlanner cannot encode this task: The numeric effect on variable((""x"",B)) reads variable((""v"",B)) with the fractional coefficient 3/2, which no rescaling of the task can make whole (scaling moves the values, not t..."
PLASPPlanner-seq,numeric-domains,fo-sailing,instance_1_2_1229,,UNSUPPORTED,,,,0.15,,1.365,117.29,"PLASPPlanner cannot encode this task: The numeric effect on variable((""x"",B)) reads variable((""v"",B)) with the fractional coefficient 3/2, which no rescaling of the task can make whole (scaling moves the values, not t..."
PLASPPlanner-seq,numeric-domains,fo-sailing,instance_1_3_1229,,UNSUPPORTED,,,,0.137,,1.344,116.0,"PLASPPlanner cannot encode this task: The numeric effect on variable((""x"",B)) reads variable((""v"",B)) with the fractional coefficient 3/2, which no rescaling of the task can make whole (scaling moves the values, not t..."
PLASPPlanner-seq,numeric-domains,fo-sailing,instance_1_4_1229,,UNSUPPORTED,,,,0.142,,1.341,118.0,"PLASPPlanner cannot encode this task: The numeric effect on variable((""x"",B)) reads variable((""v"",B)) with the fractional coefficient 3/2, which no rescaling of the task can make whole (scaling moves the values, not t..."
PLASPPlanner-seq,numeric-domains,fo-sailing,instance_2_1_1229,,UNSUPPORTED,,,,0.151,,1.306,118.0,"PLASPPlanner cannot encode this task: The numeric effect on variable((""x"",B)) reads variable((""v"",B)) with the fractional coefficient 3/2, which no rescaling of the task can make whole (scaling moves the values, not t..."
PLASPPlanner-seq,numeric-domains,fo-sailing,instance_2_2_1229,,UNSUPPORTED,,,,0.157,,1.37,118.0,"PLASPPlanner cannot encode this task: The numeric effect on variable((""x"",B)) reads variable((""v"",B)) with the fractional coefficient 3/2, which no rescaling of the task can make whole (scaling moves the values, not t..."
PLASPPlanner-seq,numeric-domains,fo-sailing,instance_2_3_1229,,UNSUPPORTED,,,,0.152,,1.36,117.41,"PLASPPlanner cannot encode this task: The numeric effect on variable((""x"",B)) reads variable((""v"",B)) with the fractional coefficient 3/2, which no rescaling of the task can make whole (scaling moves the values, not t..."
PLASPPlanner-seq,numeric-domains,fo-sailing,instance_2_4_1229,,UNSUPPORTED,,,,0.156,,1.298,117.41,"PLASPPlanner cannot encode this task: The numeric effect on variable((""x"",B)) reads variable((""v"",B)) with the fractional coefficient 3/2, which no rescaling of the task can make whole (scaling moves the values, not t..."
PLASPPlanner-seq,numeric-domains,fo-sailing,instance_3_1_1229,,UNSUPPORTED,,,,0.15,,1.346,118.0,"PLASPPlanner cannot encode this task: The numeric effect on variable((""x"",B)) reads variable((""v"",B)) with the fractional coefficient 3/2, which no rescaling of the task can make whole (scaling moves the values, not t..."
PLASPPlanner-seq,numeric-domains,fo-sailing,instance_3_2_1229,,UNSUPPORTED,,,,0.161,,1.356,118.0,"PLASPPlanner cannot encode this task: The numeric effect on variable((""x"",B)) reads variable((""v"",B)) with the fractional coefficient 3/2, which no rescaling of the task can make whole (scaling moves the values, not t..."
PLASPPlanner-seq,numeric-domains,fo-sailing,instance_3_3_1229,,UNSUPPORTED,,,,0.161,,1.312,119.26,"PLASPPlanner cannot encode this task: The numeric effect on variable((""x"",B)) reads variable((""v"",B)) with the fractional coefficient 3/2, which no rescaling of the task can make whole (scaling moves the values, not t..."
PLASPPlanner-seq,numeric-domains,fo-sailing,instance_3_4_1229,,UNSUPPORTED,,,,0.168,,1.401,119.31,"PLASPPlanner cannot encode this task: The numeric effect on variable((""x"",B)) reads variable((""v"",B)) with the fractional coefficient 3/2, which no rescaling of the task can make whole (scaling moves the values, not t..."
PLASPPlanner-seq,numeric-domains,fo-sailing,instance_4_1_1229,,UNSUPPORTED,,,,0.147,,1.29,118.0,"PLASPPlanner cannot encode this task: The numeric effect on variable((""x"",B)) reads variable((""v"",B)) with the fractional coefficient 3/2, which no rescaling of the task can make whole (scaling moves the values, not t..."
PLASPPlanner-seq,numeric-domains,fo-sailing,instance_4_2_1229,,UNSUPPORTED,,,,0.146,,1.323,118.0,"PLASPPlanner cannot encode this task: The numeric effect on variable((""x"",B)) reads variable((""v"",B)) with the fractional coefficient 3/2, which no rescaling of the task can make whole (scaling moves the values, not t..."
PLASPPlanner-seq,numeric-domains,fo-sailing,instance_4_3_1229,,UNSUPPORTED,,,,0.163,,1.382,118.0,"PLASPPlanner cannot encode this task: The numeric effect on variable((""x"",B)) reads variable((""v"",B)) with the fractional coefficient 3/2, which no rescaling of the task can make whole (scaling moves the values, not t..."
PLASPPlanner-seq,numeric-domains,fo-sailing,instance_4_4_1229,,UNSUPPORTED,,,,0.162,,1.345,118.0,"PLASPPlanner cannot encode this task: The numeric effect on variable((""x"",B)) reads variable((""v"",B)) with the fractional coefficient 3/2, which no rescaling of the task can make whole (scaling moves the values, not t..."
PLASPPlanner-seq,numeric-domains,fo-sailing,instance_5_1_1229,,UNSUPPORTED,,,,0.163,,1.362,118.0,"PLASPPlanner cannot encode this task: The numeric effect on variable((""x"",B)) reads variable((""v"",B)) with the fractional coefficient 3/2, which no rescaling of the task can make whole (scaling moves the values, not t..."
PLASPPlanner-seq,numeric-domains,fo-sailing,instance_5_2_1229,,UNSUPPORTED,,,,0.165,,1.31,117.5,"PLASPPlanner cannot encode this task: The numeric effect on variable((""x"",B)) reads variable((""v"",B)) with the fractional coefficient 3/2, which no rescaling of the task can make whole (scaling moves the values, not t..."
PLASPPlanner-seq,numeric-domains,fo-sailing,instance_5_3_1229,,UNSUPPORTED,,,,0.178,,1.429,118.0,"PLASPPlanner cannot encode this task: The numeric effect on variable((""x"",B)) reads variable((""v"",B)) with the fractional coefficient 3/2, which no rescaling of the task can make whole (scaling moves the values, not t..."
PLASPPlanner-seq,numeric-domains,fo-sailing,instance_5_4_1229,,UNSUPPORTED,,,,0.155,,1.308,118.0,"PLASPPlanner cannot encode this task: The numeric effect on variable((""x"",B)) reads variable((""v"",B)) with the fractional coefficient 3/2, which no rescaling of the task can make whole (scaling moves the values, not t..."
PLASPPlanner-seq,numeric-domains,forestfire,prob01,,SOLVED,True,24,,0.171,62.615,63.961,188.57,
PLASPPlanner-seq,numeric-domains,forestfire,prob02,,SOLVED,True,26,,0.179,174.733,176.093,196.71,
PLASPPlanner-seq,numeric-domains,forestfire,prob03,,TIMEOUT,,,,0.174,,1800.552,345.55,Hit the task time limit.
PLASPPlanner-seq,numeric-domains,forestfire,prob04,,TIMEOUT,,,,0.365,,1800.341,305.25,Hit the task time limit.
PLASPPlanner-seq,numeric-domains,forestfire,prob05,,TIMEOUT,,,,0.345,,1800.462,309.42,Hit the task time limit.
PLASPPlanner-seq,numeric-domains,forestfire,prob06,,TIMEOUT,,,,0.44,,1800.415,281.07,Hit the task time limit.
PLASPPlanner-seq,numeric-domains,forestfire,prob07,,TIMEOUT,,,,0.398,,1800.832,415.82,Hit the task time limit.
PLASPPlanner-seq,numeric-domains,forestfire,prob08,,TIMEOUT,,,,0.422,,1801.136,467.29,Hit the task time limit.
PLASPPlanner-seq,numeric-domains,forestfire,prob09,,TIMEOUT,,,,0.522,,1801.063,475.88,Hit the task time limit.
PLASPPlanner-seq,numeric-domains,forestfire,prob10,,TIMEOUT,,,,0.614,,1801.757,654.82,Hit the task time limit.
PLASPPlanner-seq,numeric-domains,forestfire,prob11,,TIMEOUT,,,,0.437,,1800.681,296.9,Hit the task time limit.
PLASPPlanner-seq,numeric-domains,forestfire,prob12,,TIMEOUT,,,,0.459,,1800.657,324.79,Hit the task time limit.
PLASPPlanner-seq,numeric-domains,forestfire,prob13,,TIMEOUT,,,,0.459,,1800.902,403.25,Hit the task time limit.
PLASPPlanner-seq,numeric-domains,forestfire,prob14,,TIMEOUT,,,,0.475,,1800.956,366.39,Hit the task time limit.
PLASPPlanner-seq,numeric-domains,forestfire,prob15,,TIMEOUT,,,,0.447,,1801.159,490.26,Hit the task time limit.
PLASPPlanner-seq,numeric-domains,forestfire,prob16,,TIMEOUT,,,,0.517,,1801.216,540.39,Hit the task time limit.
PLASPPlanner-seq,numeric-domains,forestfire,prob17,,TIMEOUT,,,,0.519,,1801.359,555.6,Hit the task time limit.
PLASPPlanner-seq,numeric-domains,forestfire,prob18,,TIMEOUT,,,,0.646,,1804.835,1488.11,Hit the task time limit.
PLASPPlanner-seq,numeric-domains,forestfire,prob19,,TIMEOUT,,,,0.796,,1802.606,756.45,Hit the task time limit.
PLASPPlanner-seq,numeric-domains,forestfire,prob20,,TIMEOUT,,,,0.872,,1802.409,776.64,Hit the task time limit.
PLASPPlanner-seq,numeric-domains,gear-car,p000,,UNSUPPORTED,,,,0.441,,1.679,121.29,PLASPPlanner cannot encode this task: A product of two numeric fluents is not linear and is not supported by the ASP encoding: (beta * gear_fuel_aligned(g))
PLASPPlanner-seq,numeric-domains,gear-car,p01,,UNSUPPORTED,,,,0.442,,1.744,120.0,PLASPPlanner cannot encode this task: A product of two numeric fluents is not linear and is not supported by the ASP encoding: (beta * gear_fuel_aligned(g))
PLASPPlanner-seq,numeric-domains,gear-car,p02,,UNSUPPORTED,,,,0.441,,1.734,120.0,PLASPPlanner cannot encode this task: A product of two numeric fluents is not linear and is not supported by the ASP encoding: (beta * gear_fuel_aligned(g))
PLASPPlanner-seq,numeric-domains,gear-car,p03,,UNSUPPORTED,,,,0.439,,1.677,121.25,PLASPPlanner cannot encode this task: A product of two numeric fluents is not linear and is not supported by the ASP encoding: (beta * gear_fuel_aligned(g))
PLASPPlanner-seq,numeric-domains,gear-car,p04,,UNSUPPORTED,,,,0.441,,1.757,120.0,PLASPPlanner cannot encode this task: A product of two numeric fluents is not linear and is not supported by the ASP encoding: (beta * gear_fuel_aligned(g))
PLASPPlanner-seq,numeric-domains,gear-car,p05,,UNSUPPORTED,,,,0.445,,1.734,120.0,PLASPPlanner cannot encode this task: A product of two numeric fluents is not linear and is not supported by the ASP encoding: (beta * gear_fuel_aligned(g))
PLASPPlanner-seq,numeric-domains,gear-car,p06,,UNSUPPORTED,,,,0.45,,1.67,120.0,PLASPPlanner cannot encode this task: A product of two numeric fluents is not linear and is not supported by the ASP encoding: (beta * gear_fuel_aligned(g))
PLASPPlanner-seq,numeric-domains,gear-car,p07,,UNSUPPORTED,,,,0.444,,1.721,120.0,PLASPPlanner cannot encode this task: A product of two numeric fluents is not linear and is not supported by the ASP encoding: (beta * gear_fuel_aligned(g))
PLASPPlanner-seq,numeric-domains,gear-car,p08,,UNSUPPORTED,,,,0.404,,1.679,117.93,PLASPPlanner cannot encode this task: A product of two numeric fluents is not linear and is not supported by the ASP encoding: (beta * gear_fuel_aligned(g))
PLASPPlanner-seq,numeric-domains,gear-car,p09,,UNSUPPORTED,,,,0.405,,1.606,120.0,PLASPPlanner cannot encode this task: A product of two numeric fluents is not linear and is not supported by the ASP encoding: (beta * gear_fuel_aligned(g))
PLASPPlanner-seq,numeric-domains,gear-car,p10,,UNSUPPORTED,,,,0.409,,1.649,120.0,PLASPPlanner cannot encode this task: A product of two numeric fluents is not linear and is not supported by the ASP encoding: (beta * gear_fuel_aligned(g))
PLASPPlanner-seq,numeric-domains,gear-car,p11,,UNSUPPORTED,,,,0.418,,1.619,120.0,PLASPPlanner cannot encode this task: A product of two numeric fluents is not linear and is not supported by the ASP encoding: (beta * gear_fuel_aligned(g))
PLASPPlanner-seq,numeric-domains,gear-car,p12,,UNSUPPORTED,,,,0.418,,1.618,120.0,PLASPPlanner cannot encode this task: A product of two numeric fluents is not linear and is not supported by the ASP encoding: (beta * gear_fuel_aligned(g))
PLASPPlanner-seq,numeric-domains,gear-car,p13,,UNSUPPORTED,,,,0.481,,1.827,120.0,PLASPPlanner cannot encode this task: A product of two numeric fluents is not linear and is not supported by the ASP encoding: (beta * gear_fuel_aligned(g))
PLASPPlanner-seq,numeric-domains,gear-car,p14,,UNSUPPORTED,,,,0.414,,1.656,120.0,PLASPPlanner cannot encode this task: A product of two numeric fluents is not linear and is not supported by the ASP encoding: (beta * gear_fuel_aligned(g))
PLASPPlanner-seq,numeric-domains,gear-car,p15,,UNSUPPORTED,,,,0.486,,1.823,119.84,PLASPPlanner cannot encode this task: A product of two numeric fluents is not linear and is not supported by the ASP encoding: (beta * gear_fuel_aligned(g))
PLASPPlanner-seq,numeric-domains,gear-car,p16,,UNSUPPORTED,,,,0.431,,1.691,120.0,PLASPPlanner cannot encode this task: A product of two numeric fluents is not linear and is not supported by the ASP encoding: (beta * gear_fuel_aligned(g))
PLASPPlanner-seq,numeric-domains,gear-car,p17,,UNSUPPORTED,,,,0.471,,1.736,120.0,PLASPPlanner cannot encode this task: A product of two numeric fluents is not linear and is not supported by the ASP encoding: (beta * gear_fuel_aligned(g))
PLASPPlanner-seq,numeric-domains,gear-car,p18,,UNSUPPORTED,,,,0.427,,1.692,121.15,PLASPPlanner cannot encode this task: A product of two numeric fluents is not linear and is not supported by the ASP encoding: (beta * gear_fuel_aligned(g))
PLASPPlanner-seq,numeric-domains,gear-car,p19,,UNSUPPORTED,,,,0.442,,1.651,120.0,PLASPPlanner cannot encode this task: A product of two numeric fluents is not linear and is not supported by the ASP encoding: (beta * gear_fuel_aligned(g))
PLASPPlanner-seq,numeric-domains,hydropower,pfile01,,UNSUPPORTED,,,,0.227,,1.734,121.5,"PLASPPlanner cannot encode this task: The numeric effect on variable((""funds"")) reads variable((""value"",N1)) with the fractional coefficient -21/20, which no rescaling of the task can make whole (scaling moves the val..."
PLASPPlanner-seq,numeric-domains,hydropower,pfile02,,UNSUPPORTED,,,,0.208,,1.695,122.0,"PLASPPlanner cannot encode this task: The numeric effect on variable((""funds"")) reads variable((""value"",N1)) with the fractional coefficient -21/20, which no rescaling of the task can make whole (scaling moves the val..."
PLASPPlanner-seq,numeric-domains,hydropower,pfile03,,UNSUPPORTED,,,,0.209,,1.697,122.0,"PLASPPlanner cannot encode this task: The numeric effect on variable((""funds"")) reads variable((""value"",N1)) with the fractional coefficient -21/20, which no rescaling of the task can make whole (scaling moves the val..."
PLASPPlanner-seq,numeric-domains,hydropower,pfile04,,UNSUPPORTED,,,,0.241,,1.843,121.45,"PLASPPlanner cannot encode this task: The numeric effect on variable((""funds"")) reads variable((""value"",N1)) with the fractional coefficient -21/20, which no rescaling of the task can make whole (scaling moves the val..."
PLASPPlanner-seq,numeric-domains,hydropower,pfile05,,UNSUPPORTED,,,,0.24,,1.85,119.87,"PLASPPlanner cannot encode this task: The numeric effect on variable((""funds"")) reads variable((""value"",N1)) with the fractional coefficient -21/20, which no rescaling of the task can make whole (scaling moves the val..."
PLASPPlanner-seq,numeric-domains,hydropower,pfile06,,UNSUPPORTED,,,,0.236,,1.878,119.94,"PLASPPlanner cannot encode this task: The numeric effect on variable((""funds"")) reads variable((""value"",N1)) with the fractional coefficient -21/20, which no rescaling of the task can make whole (scaling moves the val..."
PLASPPlanner-seq,numeric-domains,hydropower,pfile07,,UNSUPPORTED,,,,0.248,,1.884,121.28,"PLASPPlanner cannot encode this task: The numeric effect on variable((""funds"")) reads variable((""value"",N1)) with the fractional coefficient -21/20, which no rescaling of the task can make whole (scaling moves the val..."
PLASPPlanner-seq,numeric-domains,hydropower,pfile08,,UNSUPPORTED,,,,0.213,,1.726,118.27,"PLASPPlanner cannot encode this task: The numeric effect on variable((""funds"")) reads variable((""value"",N1)) with the fractional coefficient -21/20, which no rescaling of the task can make whole (scaling moves the val..."
PLASPPlanner-seq,numeric-domains,hydropower,pfile09,,UNSUPPORTED,,,,0.235,,1.832,122.0,"PLASPPlanner cannot encode this task: The numeric effect on variable((""funds"")) reads variable((""value"",N1)) with the fractional coefficient -21/20, which no rescaling of the task can make whole (scaling moves the val..."
PLASPPlanner-seq,numeric-domains,hydropower,pfile10,,UNSUPPORTED,,,,0.232,,1.77,122.0,"PLASPPlanner cannot encode this task: The numeric effect on variable((""funds"")) reads variable((""value"",N1)) with the fractional coefficient -21/20, which no rescaling of the task can make whole (scaling moves the val..."
PLASPPlanner-seq,numeric-domains,hydropower,pfile11,,UNSUPPORTED,,,,0.209,,1.744,123.47,"PLASPPlanner cannot encode this task: The numeric effect on variable((""funds"")) reads variable((""value"",N1)) with the fractional coefficient -21/20, which no rescaling of the task can make whole (scaling moves the val..."
PLASPPlanner-seq,numeric-domains,hydropower,pfile12,,UNSUPPORTED,,,,0.23,,1.765,122.0,"PLASPPlanner cannot encode this task: The numeric effect on variable((""funds"")) reads variable((""value"",N1)) with the fractional coefficient -21/20, which no rescaling of the task can make whole (scaling moves the val..."
PLASPPlanner-seq,numeric-domains,hydropower,pfile13,,UNSUPPORTED,,,,0.231,,1.8,122.0,"PLASPPlanner cannot encode this task: The numeric effect on variable((""funds"")) reads variable((""value"",N1)) with the fractional coefficient -21/20, which no rescaling of the task can make whole (scaling moves the val..."
PLASPPlanner-seq,numeric-domains,hydropower,pfile14,,UNSUPPORTED,,,,0.209,,1.709,122.0,"PLASPPlanner cannot encode this task: The numeric effect on variable((""funds"")) reads variable((""value"",N1)) with the fractional coefficient -21/20, which no rescaling of the task can make whole (scaling moves the val..."
PLASPPlanner-seq,numeric-domains,hydropower,pfile15,,UNSUPPORTED,,,,0.221,,1.762,122.0,"PLASPPlanner cannot encode this task: The numeric effect on variable((""funds"")) reads variable((""value"",N1)) with the fractional coefficient -21/20, which no rescaling of the task can make whole (scaling moves the val..."
PLASPPlanner-seq,numeric-domains,hydropower,pfile16,,UNSUPPORTED,,,,0.233,,1.861,122.0,"PLASPPlanner cannot encode this task: The numeric effect on variable((""funds"")) reads variable((""value"",N1)) with the fractional coefficient -21/20, which no rescaling of the task can make whole (scaling moves the val..."
PLASPPlanner-seq,numeric-domains,hydropower,pfile17,,UNSUPPORTED,,,,0.223,,1.772,122.0,"PLASPPlanner cannot encode this task: The numeric effect on variable((""funds"")) reads variable((""value"",N1)) with the fractional coefficient -21/20, which no rescaling of the task can make whole (scaling moves the val..."
PLASPPlanner-seq,numeric-domains,hydropower,pfile18,,UNSUPPORTED,,,,0.244,,1.869,122.0,"PLASPPlanner cannot encode this task: The numeric effect on variable((""funds"")) reads variable((""value"",N1)) with the fractional coefficient -21/20, which no rescaling of the task can make whole (scaling moves the val..."
PLASPPlanner-seq,numeric-domains,hydropower,pfile19,,UNSUPPORTED,,,,0.218,,1.855,123.44,"PLASPPlanner cannot encode this task: The numeric effect on variable((""funds"")) reads variable((""value"",N1)) with the fractional coefficient -21/20, which no rescaling of the task can make whole (scaling moves the val..."
PLASPPlanner-seq,numeric-domains,hydropower,pfile20,,UNSUPPORTED,,,,0.238,,1.763,122.0,"PLASPPlanner cannot encode this task: The numeric effect on variable((""funds"")) reads variable((""value"",N1)) with the fractional coefficient -21/20, which no rescaling of the task can make whole (scaling moves the val..."
PLASPPlanner-seq,numeric-domains,hydropower,pfile21,,UNSUPPORTED,,,,0.219,,1.794,122.0,"PLASPPlanner cannot encode this task: The numeric effect on variable((""funds"")) reads variable((""value"",N1)) with the fractional coefficient -21/20, which no rescaling of the task can make whole (scaling moves the val..."
PLASPPlanner-seq,numeric-domains,hydropower,pfile22,,UNSUPPORTED,,,,0.212,,1.752,122.0,"PLASPPlanner cannot encode this task: The numeric effect on variable((""funds"")) reads variable((""value"",N1)) with the fractional coefficient -21/20, which no rescaling of the task can make whole (scaling moves the val..."
PLASPPlanner-seq,numeric-domains,hydropower,pfile23,,UNSUPPORTED,,,,0.232,,1.777,122.0,"PLASPPlanner cannot encode this task: The numeric effect on variable((""funds"")) reads variable((""value"",N1)) with the fractional coefficient -21/20, which no rescaling of the task can make whole (scaling moves the val..."
PLASPPlanner-seq,numeric-domains,hydropower,pfile24,,UNSUPPORTED,,,,0.21,,1.73,122.0,"PLASPPlanner cannot encode this task: The numeric effect on variable((""funds"")) reads variable((""value"",N1)) with the fractional coefficient -21/20, which no rescaling of the task can make whole (scaling moves the val..."
PLASPPlanner-seq,numeric-domains,hydropower,pfile25,,UNSUPPORTED,,,,0.23,,1.746,122.0,"PLASPPlanner cannot encode this task: The numeric effect on variable((""funds"")) reads variable((""value"",N1)) with the fractional coefficient -21/20, which no rescaling of the task can make whole (scaling moves the val..."
PLASPPlanner-seq,numeric-domains,hydropower,pfile26,,UNSUPPORTED,,,,0.232,,1.801,122.0,"PLASPPlanner cannot encode this task: The numeric effect on variable((""funds"")) reads variable((""value"",N1)) with the fractional coefficient -21/20, which no rescaling of the task can make whole (scaling moves the val..."
PLASPPlanner-seq,numeric-domains,hydropower,pfile27,,UNSUPPORTED,,,,0.21,,1.74,122.0,"PLASPPlanner cannot encode this task: The numeric effect on variable((""funds"")) reads variable((""value"",N1)) with the fractional coefficient -21/20, which no rescaling of the task can make whole (scaling moves the val..."
PLASPPlanner-seq,numeric-domains,hydropower,pfile28,,UNSUPPORTED,,,,0.218,,1.794,122.0,"PLASPPlanner cannot encode this task: The numeric effect on variable((""funds"")) reads variable((""value"",N1)) with the fractional coefficient -21/20, which no rescaling of the task can make whole (scaling moves the val..."
PLASPPlanner-seq,numeric-domains,hydropower,pfile29,,UNSUPPORTED,,,,0.244,,1.856,121.48,"PLASPPlanner cannot encode this task: The numeric effect on variable((""funds"")) reads variable((""value"",N1)) with the fractional coefficient -21/20, which no rescaling of the task can make whole (scaling moves the val..."
PLASPPlanner-seq,numeric-domains,hydropower,pfile30,,UNSUPPORTED,,,,0.249,,1.895,122.0,"PLASPPlanner cannot encode this task: The numeric effect on variable((""funds"")) reads variable((""value"",N1)) with the fractional coefficient -21/20, which no rescaling of the task can make whole (scaling moves the val..."
PLASPPlanner-seq,numeric-domains,line-exchange-snp,3_10_50_10,,UNSUPPORTED,,,,0.115,,1.304,118.0,PLASPPlanner cannot encode this task: A product of two numeric fluents is not linear and is not supported by the ASP encoding: (d * i(r))
PLASPPlanner-seq,numeric-domains,line-exchange-snp,3_10_90_50,,UNSUPPORTED,,,,0.112,,1.296,118.0,PLASPPlanner cannot encode this task: A product of two numeric fluents is not linear and is not supported by the ASP encoding: (d * i(r))
PLASPPlanner-seq,numeric-domains,line-exchange-snp,3_15_25_100,,UNSUPPORTED,,,,0.112,,1.298,119.25,PLASPPlanner cannot encode this task: A product of two numeric fluents is not linear and is not supported by the ASP encoding: (d * i(r))
PLASPPlanner-seq,numeric-domains,line-exchange-snp,3_15_90_10,,UNSUPPORTED,,,,0.121,,1.311,116.0,PLASPPlanner cannot encode this task: A product of two numeric fluents is not linear and is not supported by the ASP encoding: (d * i(r))
PLASPPlanner-seq,numeric-domains,line-exchange-snp,3_5_50_50,,UNSUPPORTED,,,,0.117,,1.303,117.5,PLASPPlanner cannot encode this task: A product of two numeric fluents is not linear and is not supported by the ASP encoding: (d * i(r))
PLASPPlanner-seq,numeric-domains,line-exchange-snp,3_5_90_100,,UNSUPPORTED,,,,0.122,,1.317,118.0,PLASPPlanner cannot encode this task: A product of two numeric fluents is not linear and is not supported by the ASP encoding: (d * i(r))
PLASPPlanner-seq,numeric-domains,line-exchange-snp,4_10_25_10,,UNSUPPORTED,,,,0.132,,1.33,118.0,PLASPPlanner cannot encode this task: A product of two numeric fluents is not linear and is not supported by the ASP encoding: (d * i(r))
PLASPPlanner-seq,numeric-domains,line-exchange-snp,4_10_50_50,,UNSUPPORTED,,,,0.12,,1.299,117.41,PLASPPlanner cannot encode this task: A product of two numeric fluents is not linear and is not supported by the ASP encoding: (d * i(r))
PLASPPlanner-seq,numeric-domains,line-exchange-snp,4_10_90_100,,UNSUPPORTED,,,,0.138,,1.392,116.0,PLASPPlanner cannot encode this task: A product of two numeric fluents is not linear and is not supported by the ASP encoding: (d * i(r))
PLASPPlanner-seq,numeric-domains,line-exchange-snp,4_15_50_10,,UNSUPPORTED,,,,0.136,,1.34,118.0,PLASPPlanner cannot encode this task: A product of two numeric fluents is not linear and is not supported by the ASP encoding: (d * i(r))
PLASPPlanner-seq,numeric-domains,line-exchange-snp,4_15_90_50,,UNSUPPORTED,,,,0.138,,1.362,118.0,PLASPPlanner cannot encode this task: A product of two numeric fluents is not linear and is not supported by the ASP encoding: (d * i(r))
PLASPPlanner-seq,numeric-domains,line-exchange-snp,4_5_25_50,,UNSUPPORTED,,,,0.127,,1.322,118.0,PLASPPlanner cannot encode this task: A product of two numeric fluents is not linear and is not supported by the ASP encoding: (d * i(r))
PLASPPlanner-seq,numeric-domains,line-exchange-snp,4_5_50_100,,UNSUPPORTED,,,,0.129,,1.327,116.0,PLASPPlanner cannot encode this task: A product of two numeric fluents is not linear and is not supported by the ASP encoding: (d * i(r))
PLASPPlanner-seq,numeric-domains,line-exchange-snp,5_10_25_50,,UNSUPPORTED,,,,0.141,,1.331,116.0,PLASPPlanner cannot encode this task: A product of two numeric fluents is not linear and is not supported by the ASP encoding: (d * i(r))
PLASPPlanner-seq,numeric-domains,line-exchange-snp,5_10_50_100,,UNSUPPORTED,,,,0.131,,1.307,119.16,PLASPPlanner cannot encode this task: A product of two numeric fluents is not linear and is not supported by the ASP encoding: (d * i(r))
PLASPPlanner-seq,numeric-domains,line-exchange-snp,5_15_25_10,,UNSUPPORTED,,,,0.132,,1.283,118.0,PLASPPlanner cannot encode this task: A product of two numeric fluents is not linear and is not supported by the ASP encoding: (d * i(r))
PLASPPlanner-seq,numeric-domains,line-exchange-snp,5_15_50_50,,UNSUPPORTED,,,,0.132,,1.303,118.0,PLASPPlanner cannot encode this task: A product of two numeric fluents is not linear and is not supported by the ASP encoding: (d * i(r))
PLASPPlanner-seq,numeric-domains,line-exchange-snp,5_15_90_100,,UNSUPPORTED,,,,0.138,,1.316,118.0,PLASPPlanner cannot encode this task: A product of two numeric fluents is not linear and is not supported by the ASP encoding: (d * i(r))
PLASPPlanner-seq,numeric-domains,line-exchange-snp,5_5_25_100,,UNSUPPORTED,,,,0.154,,1.42,118.0,PLASPPlanner cannot encode this task: A product of two numeric fluents is not linear and is not supported by the ASP encoding: (d * i(r))
PLASPPlanner-seq,numeric-domains,line-exchange-snp,5_5_90_10,,UNSUPPORTED,,,,0.148,,1.374,118.0,PLASPPlanner cannot encode this task: A product of two numeric fluents is not linear and is not supported by the ASP encoding: (d * i(r))
PLASPPlanner-seq,numeric-domains,markettrader,pfile01,,MEMOUT,,,,0.328,,473.231,7763.77,MemoryError under a 8192MB limit.
PLASPPlanner-seq,numeric-domains,markettrader,pfile02,,MEMOUT,,,,0.332,,685.697,7765.66,MemoryError under a 8192MB limit.
PLASPPlanner-seq,numeric-domains,markettrader,pfile03,,MEMOUT,,,,0.327,,704.275,7764.74,MemoryError under a 8192MB limit.
PLASPPlanner-seq,numeric-domains,markettrader,pfile04,,KILLED,,,,,,,,
PLASPPlanner-seq,numeric-domains,markettrader,pfile05,,MEMOUT,,,,0.329,,535.601,7763.61,MemoryError under a 8192MB limit.
PLASPPlanner-seq,numeric-domains,markettrader,pfile06,,MEMOUT,,,,0.418,,390.583,5696.29,MemoryError under a 8192MB limit.
PLASPPlanner-seq,numeric-domains,markettrader,pfile07,,KILLED,,,,,,,,
PLASPPlanner-seq,numeric-domains,markettrader,pfile08,,KILLED,,,,,,,,
PLASPPlanner-seq,numeric-domains,markettrader,pfile09,,KILLED,,,,,,,,
PLASPPlanner-seq,numeric-domains,markettrader,pfile10,,MEMOUT,,,,0.414,,393.263,5695.9,MemoryError under a 8192MB limit.
PLASPPlanner-seq,numeric-domains,markettrader,pfile11,,KILLED,,,,,,,,
PLASPPlanner-seq,numeric-domains,markettrader,pfile12,,KILLED,,,,,,,,
PLASPPlanner-seq,numeric-domains,markettrader,pfile13,,MEMOUT,,,,0.433,,451.363,6420.93,MemoryError under a 8192MB limit.
PLASPPlanner-seq,numeric-domains,markettrader,pfile14,,MEMOUT,,,,0.442,,175.494,7603.77,MemoryError under a 8192MB limit.
PLASPPlanner-seq,numeric-domains,markettrader,pfile15,,MEMOUT,,,,0.485,,409.672,5908.34,MemoryError under a 8192MB limit.
PLASPPlanner-seq,numeric-domains,markettrader,pfile16,,KILLED,,,,,,,,
PLASPPlanner-seq,numeric-domains,markettrader,pfile17,,KILLED,,,,,,,,
PLASPPlanner-seq,numeric-domains,markettrader,pfile18,,MEMOUT,,,,0.534,,105.319,7765.59,MemoryError under a 8192MB limit.
PLASPPlanner-seq,numeric-domains,markettrader,pfile19,,MEMOUT,,,,0.512,,105.545,7775.3,MemoryError under a 8192MB limit.
PLASPPlanner-seq,numeric-domains,markettrader,pfile20,,KILLED,,,,,,,,
PLASPPlanner-seq,numeric-domains,minecraft-pogo-advanced,prob_15x15_1,,SOLVED,True,6,,0.395,448.063,449.73,667.94,
PLASPPlanner-seq,numeric-domains,minecraft-pogo-advanced,prob_15x15_2,,SOLVED,True,6,,0.419,151.491,153.153,583.44,
PLASPPlanner-seq,numeric-domains,minecraft-pogo-advanced,prob_15x15_3,,SOLVED,True,6,,0.404,251.366,253.1,624.97,
PLASPPlanner-seq,numeric-domains,minecraft-pogo-advanced,prob_15x15_4,,SOLVED,True,7,,0.408,887.501,889.146,782.22,
PLASPPlanner-seq,numeric-domains,minecraft-pogo-advanced,prob_15x15_5,,SOLVED,True,6,,0.386,283.834,285.455,671.17,
PLASPPlanner-seq,numeric-domains,minecraft-pogo-advanced,prob_20x20_1,,TIMEOUT,,,,0.538,,1805.4,1678.3,Hit the task time limit.
PLASPPlanner-seq,numeric-domains,minecraft-pogo-advanced,prob_20x20_2,,TIMEOUT,,,,0.55,,1804.691,1827.07,Hit the task time limit.
PLASPPlanner-seq,numeric-domains,minecraft-pogo-advanced,prob_20x20_3,,SOLVED,True,6,,0.598,784.629,786.578,1366.82,
PLASPPlanner-seq,numeric-domains,minecraft-pogo-advanced,prob_20x20_4,,SOLVED,True,6,,0.557,832.505,834.301,1412.85,
PLASPPlanner-seq,numeric-domains,minecraft-pogo-advanced,prob_20x20_5,,SOLVED,True,5,,0.593,192.742,194.697,1348.4,
PLASPPlanner-seq,numeric-domains,minecraft-pogo-advanced,prob_25x25_1,,SOLVED,True,4,,0.959,1011.717,1014.282,1950.71,
PLASPPlanner-seq,numeric-domains,minecraft-pogo-advanced,prob_25x25_2,,TIMEOUT,,,,0.96,,1810.591,2946.14,Hit the task time limit.
PLASPPlanner-seq,numeric-domains,minecraft-pogo-advanced,prob_25x25_3,,TIMEOUT,,,,0.976,,1806.67,2291.93,Hit the task time limit.
PLASPPlanner-seq,numeric-domains,minecraft-pogo-advanced,prob_25x25_4,,TIMEOUT,,,,0.946,,1808.493,2745.47,Hit the task time limit.
PLASPPlanner-seq,numeric-domains,minecraft-pogo-advanced,prob_25x25_5,,TIMEOUT,,,,0.924,,1809.745,3236.06,Hit the task time limit.
PLASPPlanner-seq,numeric-domains,minecraft-pogo-advanced,prob_30x30_1,,TIMEOUT,,,,1.27,,1810.334,3568.43,Hit the task time limit.
PLASPPlanner-seq,numeric-domains,minecraft-pogo-advanced,prob_30x30_2,,TIMEOUT,,,,1.205,,1813.61,7399.07,Hit the task time limit.
PLASPPlanner-seq,numeric-domains,minecraft-pogo-advanced,prob_30x30_3,,TIMEOUT,,,,1.127,,1809.606,4483.18,Hit the task time limit.
PLASPPlanner-seq,numeric-domains,minecraft-pogo-advanced,prob_30x30_4,,TIMEOUT,,,,1.318,,1815.382,4412.19,Hit the task time limit.
PLASPPlanner-seq,numeric-domains,minecraft-pogo-advanced,prob_30x30_5,,TIMEOUT,,,,1.362,,1820.841,3609.9,Hit the task time limit.
PLASPPlanner-seq,numeric-domains,minecraft-sword-advanced,prob_15x15_1,,SOLVED,True,2,,0.434,2.188,3.948,240.86,
PLASPPlanner-seq,numeric-domains,minecraft-sword-advanced,prob_15x15_2,,SOLVED,True,2,,0.413,2.168,3.906,243.68,
PLASPPlanner-seq,numeric-domains,minecraft-sword-advanced,prob_15x15_3,,SOLVED,True,2,,0.43,2.197,3.952,242.2,
PLASPPlanner-seq,numeric-domains,minecraft-sword-advanced,prob_15x15_4,,SOLVED,True,2,,0.389,2.28,3.858,241.48,
PLASPPlanner-seq,numeric-domains,minecraft-sword-advanced,prob_15x15_5,,SOLVED,True,2,,0.395,2.212,3.946,240.86,
PLASPPlanner-seq,numeric-domains,minecraft-sword-advanced,prob_20x20_1,,SOLVED,True,3,,0.586,10.892,12.882,644.98,
PLASPPlanner-seq,numeric-domains,minecraft-sword-advanced,prob_20x20_2,,SOLVED,True,5,,0.535,30.355,32.204,911.49,
PLASPPlanner-seq,numeric-domains,minecraft-sword-advanced,prob_20x20_3,,SOLVED,True,3,,0.632,11.426,13.4,644.46,
PLASPPlanner-seq,numeric-domains,minecraft-sword-advanced,prob_20x20_4,,SOLVED,True,2,,0.545,7.682,9.471,505.85,
PLASPPlanner-seq,numeric-domains,minecraft-sword-advanced,prob_20x20_5,,SOLVED,True,3,,0.611,10.903,12.914,646.45,
PLASPPlanner-seq,numeric-domains,minecraft-sword-advanced,prob_25x25_1,,SOLVED,True,2,,0.831,19.118,21.349,1000.15,
PLASPPlanner-seq,numeric-domains,minecraft-sword-advanced,prob_25x25_2,,SOLVED,True,3,,0.836,27.847,30.22,1308.09,
PLASPPlanner-seq,numeric-domains,minecraft-sword-advanced,prob_25x25_3,,SOLVED,True,3,,0.874,28.089,30.467,1317.71,
PLASPPlanner-seq,numeric-domains,minecraft-sword-advanced,prob_25x25_4,,SOLVED,True,2,,0.892,18.86,21.183,990.92,
PLASPPlanner-seq,numeric-domains,minecraft-sword-advanced,prob_25x25_5,,SOLVED,True,5,,0.852,49.463,51.795,2022.25,
PLASPPlanner-seq,numeric-domains,minecraft-sword-advanced,prob_30x30_1,,SOLVED,True,2,,1.182,36.505,39.137,2000.94,
PLASPPlanner-seq,numeric-domains,minecraft-sword-advanced,prob_30x30_2,,SOLVED,True,2,,1.219,36.464,39.146,2008.09,
PLASPPlanner-seq,numeric-domains,minecraft-sword-advanced,prob_30x30_3,,SOLVED,True,2,,1.122,36.866,39.408,1998.89,
PLASPPlanner-seq,numeric-domains,minecraft-sword-advanced,prob_30x30_4,,SOLVED,True,2,,1.106,36.978,39.593,1968.5,
PLASPPlanner-seq,numeric-domains,minecraft-sword-advanced,prob_30x30_5,,SOLVED,True,3,,1.204,53.894,56.6,2825.96,
PLASPPlanner-seq,numeric-domains,mprime,pfile01,,SOLVED,True,5,,0.112,0.155,1.56,130.0,
PLASPPlanner-seq,numeric-domains,mprime,pfile02,,SOLVED,True,7,,0.232,13.289,15.264,202.93,
PLASPPlanner-seq,numeric-domains,mprime,pfile03,,SOLVED,True,4,,0.135,0.246,1.638,138.0,
PLASPPlanner-seq,numeric-domains,mprime,pfile04,,SOLVED,True,8,,0.145,23.747,25.25,204.64,
PLASPPlanner-seq,numeric-domains,mprime,pfile05,,SOLVED,True,11,,0.139,1761.751,1763.195,424.36,
PLASPPlanner-seq,numeric-domains,mprime,pfile06,,TIMEOUT,,,,0.3,,1804.816,906.27,Hit the task time limit.
PLASPPlanner-seq,numeric-domains,mprime,pfile07,,SOLVED,True,5,,0.15,0.481,1.908,148.2,
PLASPPlanner-seq,numeric-domains,mprime,pfile08,,SOLVED,True,6,,0.178,2.095,3.504,204.68,
PLASPPlanner-seq,numeric-domains,mprime,pfile09,,SOLVED,True,8,,0.133,44.382,45.77,220.71,
PLASPPlanner-seq,numeric-domains,mprime,pfile10,,SOLVED,True,8,,0.218,41.588,43.233,615.57,
PLASPPlanner-seq,numeric-domains,mprime,pfile11,,SOLVED,True,7,,0.129,0.568,1.941,160.49,
PLASPPlanner-seq,numeric-domains,mprime,pfile12,,SOLVED,True,6,,0.127,1.682,3.114,150.88,
PLASPPlanner-seq,numeric-domains,mprime,pfile13,,TIMEOUT,,,,0.246,,1804.884,1434.95,Hit the task time limit.
PLASPPlanner-seq,numeric-domains,mprime,pfile14,,TIMEOUT,,,,0.275,,1805.792,1672.17,Hit the task time limit.
PLASPPlanner-seq,numeric-domains,mprime,pfile15,,SOLVED,True,6,,0.212,3.589,5.082,253.2,
PLASPPlanner-seq,numeric-domains,mprime,pfile16,,SOLVED,True,6,,0.141,8.359,9.795,187.89,
PLASPPlanner-seq,numeric-domains,mprime,pfile17,,SOLVED,True,4,,0.197,1.138,2.647,170.89,
PLASPPlanner-seq,numeric-domains,mprime,pfile18,,TIMEOUT,,,,0.213,,1806.181,1740.6,Hit the task time limit.
PLASPPlanner-seq,numeric-domains,mprime,pfile19,,SOLVED,True,6,,0.202,5.346,6.853,235.12,
PLASPPlanner-seq,numeric-domains,mprime,pfile20,,SOLVED,True,7,,0.183,11.726,13.178,249.28,
PLASPPlanner-seq,numeric-domains,mprime,pfile21,,SOLVED,True,6,,0.196,25.253,26.686,240.15,
PLASPPlanner-seq,numeric-domains,mprime,pfile22,,TIMEOUT,,,,0.251,,1803.375,883.33,Hit the task time limit.
PLASPPlanner-seq,numeric-domains,mprime,pfile23,,TIMEOUT,,,,0.204,,1802.721,752.64,Hit the task time limit.
PLASPPlanner-seq,numeric-domains,mprime,pfile24,,SOLVED,True,8,,0.181,101.984,103.548,334.34,
PLASPPlanner-seq,numeric-domains,mprime,pfile25,,SOLVED,True,4,,0.149,0.134,2.068,125.41,
PLASPPlanner-seq,numeric-domains,mprime,pfile26,,SOLVED,True,6,,0.144,2.591,4.018,173.65,
PLASPPlanner-seq,numeric-domains,mprime,pfile27,,SOLVED,True,5,,0.153,0.318,2.31,134.0,
PLASPPlanner-seq,numeric-domains,mprime,pfile28,,SOLVED,True,7,,0.116,0.304,1.675,140.61,
PLASPPlanner-seq,numeric-domains,mprime,pfile29,,SOLVED,True,4,,0.125,0.191,1.584,132.0,
PLASPPlanner-seq,numeric-domains,mprime,pfile30,,SOLVED,True,9,,0.264,301.691,303.934,308.45,
PLASPPlanner-seq,numeric-domains,nlnp-fo-farmland,instance_10_1000_1229,,UNSUPPORTED,,,,0.147,,1.346,120.0,PLASPPlanner cannot encode this task: A product of two numeric fluents is not linear and is not supported by the ASP encoding: (num-of-cars * fuel-price)
PLASPPlanner-seq,numeric-domains,nlnp-fo-farmland,instance_10_100_1229,,UNSUPPORTED,,,,0.146,,1.496,119.14,PLASPPlanner cannot encode this task: A product of two numeric fluents is not linear and is not supported by the ASP encoding: (num-of-cars * fuel-price)
PLASPPlanner-seq,numeric-domains,nlnp-fo-farmland,instance_10_200_1229,,UNSUPPORTED,,,,0.167,,1.389,116.0,PLASPPlanner cannot encode this task: A product of two numeric fluents is not linear and is not supported by the ASP encoding: (num-of-cars * fuel-price)
PLASPPlanner-seq,numeric-domains,nlnp-fo-farmland,instance_10_300_1229,,UNSUPPORTED,,,,0.171,,1.393,120.0,PLASPPlanner cannot encode this task: A product of two numeric fluents is not linear and is not supported by the ASP encoding: (num-of-cars * fuel-price)
PLASPPlanner-seq,numeric-domains,nlnp-fo-farmland,instance_10_400_1229,,UNSUPPORTED,,,,0.168,,1.403,119.53,PLASPPlanner cannot encode this task: A product of two numeric fluents is not linear and is not supported by the ASP encoding: (num-of-cars * fuel-price)
PLASPPlanner-seq,numeric-domains,nlnp-fo-farmland,instance_10_500_1229,,UNSUPPORTED,,,,0.167,,1.446,120.0,PLASPPlanner cannot encode this task: A product of two numeric fluents is not linear and is not supported by the ASP encoding: (num-of-cars * fuel-price)
PLASPPlanner-seq,numeric-domains,nlnp-fo-farmland,instance_10_600_1229,,UNSUPPORTED,,,,0.144,,1.426,118.0,PLASPPlanner cannot encode this task: A product of two numeric fluents is not linear and is not supported by the ASP encoding: (num-of-cars * fuel-price)
PLASPPlanner-seq,numeric-domains,nlnp-fo-farmland,instance_10_700_1229,,UNSUPPORTED,,,,0.161,,1.444,118.0,PLASPPlanner cannot encode this task: A product of two numeric fluents is not linear and is not supported by the ASP encoding: (num-of-cars * fuel-price)
PLASPPlanner-seq,numeric-domains,nlnp-fo-farmland,instance_10_800_1229,,UNSUPPORTED,,,,0.15,,1.434,119.51,PLASPPlanner cannot encode this task: A product of two numeric fluents is not linear and is not supported by the ASP encoding: (num-of-cars * fuel-price)
PLASPPlanner-seq,numeric-domains,nlnp-fo-farmland,instance_10_900_1229,,UNSUPPORTED,,,,0.172,,1.443,118.0,PLASPPlanner cannot encode this task: A product of two numeric fluents is not linear and is not supported by the ASP encoding: (num-of-cars * fuel-price)
PLASPPlanner-seq,numeric-domains,nlnp-fo-farmland,instance_2_1000_1229,,UNSUPPORTED,,,,0.1,,1.356,118.0,PLASPPlanner cannot encode this task: A product of two numeric fluents is not linear and is not supported by the ASP encoding: (num-of-cars * fuel-price)
PLASPPlanner-seq,numeric-domains,nlnp-fo-farmland,instance_2_100_1229,,UNSUPPORTED,,,,0.103,,1.366,117.41,PLASPPlanner cannot encode this task: A product of two numeric fluents is not linear and is not supported by the ASP encoding: (num-of-cars * fuel-price)
PLASPPlanner-seq,numeric-domains,nlnp-fo-farmland,instance_2_200_1229,,UNSUPPORTED,,,,0.087,,1.258,117.29,PLASPPlanner cannot encode this task: A product of two numeric fluents is not linear and is not supported by the ASP encoding: (num-of-cars * fuel-price)
PLASPPlanner-seq,numeric-domains,nlnp-fo-farmland,instance_2_300_1229,,UNSUPPORTED,,,,0.099,,1.308,118.0,PLASPPlanner cannot encode this task: A product of two numeric fluents is not linear and is not supported by the ASP encoding: (num-of-cars * fuel-price)
PLASPPlanner-seq,numeric-domains,nlnp-fo-farmland,instance_2_400_1229,,UNSUPPORTED,,,,0.096,,1.322,118.0,PLASPPlanner cannot encode this task: A product of two numeric fluents is not linear and is not supported by the ASP encoding: (num-of-cars * fuel-price)
PLASPPlanner-seq,numeric-domains,nlnp-fo-farmland,instance_2_500_1229,,UNSUPPORTED,,,,0.09,,1.266,117.25,PLASPPlanner cannot encode this task: A product of two numeric fluents is not linear and is not supported by the ASP encoding: (num-of-cars * fuel-price)
PLASPPlanner-seq,numeric-domains,nlnp-fo-farmland,instance_2_600_1229,,UNSUPPORTED,,,,0.092,,1.273,117.3,PLASPPlanner cannot encode this task: A product of two numeric fluents is not linear and is not supported by the ASP encoding: (num-of-cars * fuel-price)
PLASPPlanner-seq,numeric-domains,nlnp-fo-farmland,instance_2_700_1229,,UNSUPPORTED,,,,0.104,,1.38,118.0,PLASPPlanner cannot encode this task: A product of two numeric fluents is not linear and is not supported by the ASP encoding: (num-of-cars * fuel-price)
PLASPPlanner-seq,numeric-domains,nlnp-fo-farmland,instance_2_800_1229,,UNSUPPORTED,,,,0.1,,1.362,117.42,PLASPPlanner cannot encode this task: A product of two numeric fluents is not linear and is not supported by the ASP encoding: (num-of-cars * fuel-price)
PLASPPlanner-seq,numeric-domains,nlnp-fo-farmland,instance_2_900_1229,,UNSUPPORTED,,,,0.095,,1.308,117.39,PLASPPlanner cannot encode this task: A product of two numeric fluents is not linear and is not supported by the ASP encoding: (num-of-cars * fuel-price)
PLASPPlanner-seq,numeric-domains,nlnp-fo-farmland,instance_4_1000_1229,,UNSUPPORTED,,,,0.108,,1.373,118.0,PLASPPlanner cannot encode this task: A product of two numeric fluents is not linear and is not supported by the ASP encoding: (num-of-cars * fuel-price)
PLASPPlanner-seq,numeric-domains,nlnp-fo-farmland,instance_4_100_1229,,UNSUPPORTED,,,,0.102,,1.335,117.39,PLASPPlanner cannot encode this task: A product of two numeric fluents is not linear and is not supported by the ASP encoding: (num-of-cars * fuel-price)
PLASPPlanner-seq,numeric-domains,nlnp-fo-farmland,instance_4_200_1229,,UNSUPPORTED,,,,0.103,,1.336,118.0,PLASPPlanner cannot encode this task: A product of two numeric fluents is not linear and is not supported by the ASP encoding: (num-of-cars * fuel-price)
PLASPPlanner-seq,numeric-domains,nlnp-fo-farmland,instance_4_300_1229,,UNSUPPORTED,,,,0.104,,1.305,117.4,PLASPPlanner cannot encode this task: A product of two numeric fluents is not linear and is not supported by the ASP encoding: (num-of-cars * fuel-price)
PLASPPlanner-seq,numeric-domains,nlnp-fo-farmland,instance_4_400_1229,,UNSUPPORTED,,,,0.106,,1.305,116.0,PLASPPlanner cannot encode this task: A product of two numeric fluents is not linear and is not supported by the ASP encoding: (num-of-cars * fuel-price)
PLASPPlanner-seq,numeric-domains,nlnp-fo-farmland,instance_4_500_1229,,UNSUPPORTED,,,,0.106,,1.369,118.0,PLASPPlanner cannot encode this task: A product of two numeric fluents is not linear and is not supported by the ASP encoding: (num-of-cars * fuel-price)
PLASPPlanner-seq,numeric-domains,nlnp-fo-farmland,instance_4_600_1229,,UNSUPPORTED,,,,0.103,,1.331,117.45,PLASPPlanner cannot encode this task: A product of two numeric fluents is not linear and is not supported by the ASP encoding: (num-of-cars * fuel-price)
PLASPPlanner-seq,numeric-domains,nlnp-fo-farmland,instance_4_700_1229,,UNSUPPORTED,,,,0.113,,1.322,118.0,PLASPPlanner cannot encode this task: A product of two numeric fluents is not linear and is not supported by the ASP encoding: (num-of-cars * fuel-price)
PLASPPlanner-seq,numeric-domains,nlnp-fo-farmland,instance_4_800_1229,,UNSUPPORTED,,,,0.114,,1.303,117.51,PLASPPlanner cannot encode this task: A product of two numeric fluents is not linear and is not supported by the ASP encoding: (num-of-cars * fuel-price)
PLASPPlanner-seq,numeric-domains,nlnp-fo-farmland,instance_4_900_1229,,UNSUPPORTED,,,,0.102,,1.28,118.0,PLASPPlanner cannot encode this task: A product of two numeric fluents is not linear and is not supported by the ASP encoding: (num-of-cars * fuel-price)
PLASPPlanner-seq,numeric-domains,nlnp-fo-farmland,instance_6_1000_1229,,UNSUPPORTED,,,,0.115,,1.343,120.0,PLASPPlanner cannot encode this task: A product of two numeric fluents is not linear and is not supported by the ASP encoding: (num-of-cars * fuel-price)
PLASPPlanner-seq,numeric-domains,nlnp-fo-farmland,instance_6_100_1229,,UNSUPPORTED,,,,0.127,,1.404,118.0,PLASPPlanner cannot encode this task: A product of two numeric fluents is not linear and is not supported by the ASP encoding: (num-of-cars * fuel-price)
PLASPPlanner-seq,numeric-domains,nlnp-fo-farmland,instance_6_200_1229,,UNSUPPORTED,,,,0.129,,1.412,119.28,PLASPPlanner cannot encode this task: A product of two numeric fluents is not linear and is not supported by the ASP encoding: (num-of-cars * fuel-price)
PLASPPlanner-seq,numeric-domains,nlnp-fo-farmland,instance_6_300_1229,,UNSUPPORTED,,,,0.128,,1.383,118.0,PLASPPlanner cannot encode this task: A product of two numeric fluents is not linear and is not supported by the ASP encoding: (num-of-cars * fuel-price)
PLASPPlanner-seq,numeric-domains,nlnp-fo-farmland,instance_6_400_1229,,UNSUPPORTED,,,,0.125,,1.344,118.0,PLASPPlanner cannot encode this task: A product of two numeric fluents is not linear and is not supported by the ASP encoding: (num-of-cars * fuel-price)
PLASPPlanner-seq,numeric-domains,nlnp-fo-farmland,instance_6_500_1229,,UNSUPPORTED,,,,0.134,,1.383,118.0,PLASPPlanner cannot encode this task: A product of two numeric fluents is not linear and is not supported by the ASP encoding: (num-of-cars * fuel-price)
PLASPPlanner-seq,numeric-domains,nlnp-fo-farmland,instance_6_600_1229,,UNSUPPORTED,,,,0.119,,1.323,118.0,PLASPPlanner cannot encode this task: A product of two numeric fluents is not linear and is not supported by the ASP encoding: (num-of-cars * fuel-price)
PLASPPlanner-seq,numeric-domains,nlnp-fo-farmland,instance_6_700_1229,,UNSUPPORTED,,,,0.12,,1.328,118.0,PLASPPlanner cannot encode this task: A product of two numeric fluents is not linear and is not supported by the ASP encoding: (num-of-cars * fuel-price)
PLASPPlanner-seq,numeric-domains,nlnp-fo-farmland,instance_6_800_1229,,UNSUPPORTED,,,,0.131,,1.352,118.0,PLASPPlanner cannot encode this task: A product of two numeric fluents is not linear and is not supported by the ASP encoding: (num-of-cars * fuel-price)
PLASPPlanner-seq,numeric-domains,nlnp-fo-farmland,instance_6_900_1229,,UNSUPPORTED,,,,0.13,,1.39,118.0,PLASPPlanner cannot encode this task: A product of two numeric fluents is not linear and is not supported by the ASP encoding: (num-of-cars * fuel-price)
PLASPPlanner-seq,numeric-domains,nlnp-fo-farmland,instance_8_1000_1229,,UNSUPPORTED,,,,0.149,,1.363,118.0,PLASPPlanner cannot encode this task: A product of two numeric fluents is not linear and is not supported by the ASP encoding: (num-of-cars * fuel-price)
PLASPPlanner-seq,numeric-domains,nlnp-fo-farmland,instance_8_100_1229,,UNSUPPORTED,,,,0.133,,1.323,118.0,PLASPPlanner cannot encode this task: A product of two numeric fluents is not linear and is not supported by the ASP encoding: (num-of-cars * fuel-price)
PLASPPlanner-seq,numeric-domains,nlnp-fo-farmland,instance_8_200_1229,,UNSUPPORTED,,,,0.157,,1.448,118.0,PLASPPlanner cannot encode this task: A product of two numeric fluents is not linear and is not supported by the ASP encoding: (num-of-cars * fuel-price)
PLASPPlanner-seq,numeric-domains,nlnp-fo-farmland,instance_8_300_1229,,UNSUPPORTED,,,,0.149,,1.378,118.0,PLASPPlanner cannot encode this task: A product of two numeric fluents is not linear and is not supported by the ASP encoding: (num-of-cars * fuel-price)
PLASPPlanner-seq,numeric-domains,nlnp-fo-farmland,instance_8_400_1229,,UNSUPPORTED,,,,0.136,,1.355,119.3,PLASPPlanner cannot encode this task: A product of two numeric fluents is not linear and is not supported by the ASP encoding: (num-of-cars * fuel-price)
PLASPPlanner-seq,numeric-domains,nlnp-fo-farmland,instance_8_500_1229,,UNSUPPORTED,,,,0.135,,1.415,118.0,PLASPPlanner cannot encode this task: A product of two numeric fluents is not linear and is not supported by the ASP encoding: (num-of-cars * fuel-price)
PLASPPlanner-seq,numeric-domains,nlnp-fo-farmland,instance_8_600_1229,,UNSUPPORTED,,,,0.136,,1.388,118.0,PLASPPlanner cannot encode this task: A product of two numeric fluents is not linear and is not supported by the ASP encoding: (num-of-cars * fuel-price)
PLASPPlanner-seq,numeric-domains,nlnp-fo-farmland,instance_8_700_1229,,UNSUPPORTED,,,,0.14,,1.428,118.0,PLASPPlanner cannot encode this task: A product of two numeric fluents is not linear and is not supported by the ASP encoding: (num-of-cars * fuel-price)
PLASPPlanner-seq,numeric-domains,nlnp-fo-farmland,instance_8_800_1229,,UNSUPPORTED,,,,0.143,,1.317,118.0,PLASPPlanner cannot encode this task: A product of two numeric fluents is not linear and is not supported by the ASP encoding: (num-of-cars * fuel-price)
PLASPPlanner-seq,numeric-domains,nlnp-fo-farmland,instance_8_900_1229,,UNSUPPORTED,,,,0.134,,1.307,119.5,PLASPPlanner cannot encode this task: A product of two numeric fluents is not linear and is not supported by the ASP encoding: (num-of-cars * fuel-price)
PLASPPlanner-seq,numeric-domains,nlnp-fo-sailing,instance_1_1_1229,,UNSUPPORTED,,,,0.211,,1.465,120.0,PLASPPlanner cannot encode this task: A product of two numeric fluents is not linear and is not supported by the ASP encoding: (v(b) * v(b))
PLASPPlanner-seq,numeric-domains,nlnp-fo-sailing,instance_1_2_1229,,UNSUPPORTED,,,,0.202,,1.384,120.0,PLASPPlanner cannot encode this task: A product of two numeric fluents is not linear and is not supported by the ASP encoding: (v(b) * v(b))
PLASPPlanner-seq,numeric-domains,nlnp-fo-sailing,instance_1_3_1229,,UNSUPPORTED,,,,0.216,,1.468,119.28,PLASPPlanner cannot encode this task: A product of two numeric fluents is not linear and is not supported by the ASP encoding: (v(b) * v(b))
PLASPPlanner-seq,numeric-domains,nlnp-fo-sailing,instance_1_4_1229,,UNSUPPORTED,,,,0.208,,1.416,120.0,PLASPPlanner cannot encode this task: A product of two numeric fluents is not linear and is not supported by the ASP encoding: (v(b) * v(b))
PLASPPlanner-seq,numeric-domains,nlnp-fo-sailing,instance_2_1_1229,,UNSUPPORTED,,,,0.203,,1.355,120.0,PLASPPlanner cannot encode this task: A product of two numeric fluents is not linear and is not supported by the ASP encoding: (v(b) * v(b))
PLASPPlanner-seq,numeric-domains,nlnp-fo-sailing,instance_2_2_1229,,UNSUPPORTED,,,,0.213,,1.403,119.41,PLASPPlanner cannot encode this task: A product of two numeric fluents is not linear and is not supported by the ASP encoding: (v(b) * v(b))
PLASPPlanner-seq,numeric-domains,nlnp-fo-sailing,instance_2_3_1229,,UNSUPPORTED,,,,0.215,,1.469,120.0,PLASPPlanner cannot encode this task: A product of two numeric fluents is not linear and is not supported by the ASP encoding: (v(b) * v(b))
PLASPPlanner-seq,numeric-domains,nlnp-fo-sailing,instance_2_4_1229,,UNSUPPORTED,,,,0.203,,1.554,120.0,PLASPPlanner cannot encode this task: A product of two numeric fluents is not linear and is not supported by the ASP encoding: (v(b) * v(b))
PLASPPlanner-seq,numeric-domains,nlnp-fo-sailing,instance_3_1_1229,,UNSUPPORTED,,,,0.219,,1.42,119.39,PLASPPlanner cannot encode this task: A product of two numeric fluents is not linear and is not supported by the ASP encoding: (v(b) * v(b))
PLASPPlanner-seq,numeric-domains,nlnp-fo-sailing,instance_3_2_1229,,UNSUPPORTED,,,,0.225,,1.457,119.41,PLASPPlanner cannot encode this task: A product of two numeric fluents is not linear and is not supported by the ASP encoding: (v(b) * v(b))
PLASPPlanner-seq,numeric-domains,nlnp-fo-sailing,instance_3_3_1229,,UNSUPPORTED,,,,0.225,,1.435,120.0,PLASPPlanner cannot encode this task: A product of two numeric fluents is not linear and is not supported by the ASP encoding: (v(b) * v(b))
PLASPPlanner-seq,numeric-domains,nlnp-fo-sailing,instance_3_4_1229,,UNSUPPORTED,,,,0.216,,1.406,120.0,PLASPPlanner cannot encode this task: A product of two numeric fluents is not linear and is not supported by the ASP encoding: (v(b) * v(b))
PLASPPlanner-seq,numeric-domains,nlnp-fo-sailing,instance_4_1_1229,,UNSUPPORTED,,,,0.229,,1.492,120.0,PLASPPlanner cannot encode this task: A product of two numeric fluents is not linear and is not supported by the ASP encoding: (v(b) * v(b))
PLASPPlanner-seq,numeric-domains,nlnp-fo-sailing,instance_4_2_1229,,UNSUPPORTED,,,,0.229,,1.458,119.41,PLASPPlanner cannot encode this task: A product of two numeric fluents is not linear and is not supported by the ASP encoding: (v(b) * v(b))
PLASPPlanner-seq,numeric-domains,nlnp-fo-sailing,instance_4_3_1229,,UNSUPPORTED,,,,0.227,,1.453,120.0,PLASPPlanner cannot encode this task: A product of two numeric fluents is not linear and is not supported by the ASP encoding: (v(b) * v(b))
PLASPPlanner-seq,numeric-domains,nlnp-fo-sailing,instance_4_4_1229,,UNSUPPORTED,,,,0.205,,1.368,120.0,PLASPPlanner cannot encode this task: A product of two numeric fluents is not linear and is not supported by the ASP encoding: (v(b) * v(b))
PLASPPlanner-seq,numeric-domains,nlnp-fo-sailing,instance_5_1_1229,,UNSUPPORTED,,,,0.231,,1.458,120.0,PLASPPlanner cannot encode this task: A product of two numeric fluents is not linear and is not supported by the ASP encoding: (v(b) * v(b))
PLASPPlanner-seq,numeric-domains,nlnp-fo-sailing,instance_5_2_1229,,UNSUPPORTED,,,,0.242,,1.522,120.0,PLASPPlanner cannot encode this task: A product of two numeric fluents is not linear and is not supported by the ASP encoding: (v(b) * v(b))
PLASPPlanner-seq,numeric-domains,nlnp-fo-sailing,instance_5_3_1229,,UNSUPPORTED,,,,0.234,,1.461,120.0,PLASPPlanner cannot encode this task: A product of two numeric fluents is not linear and is not supported by the ASP encoding: (v(b) * v(b))
PLASPPlanner-seq,numeric-domains,nlnp-fo-sailing,instance_5_4_1229,,UNSUPPORTED,,,,0.243,,1.498,120.0,PLASPPlanner cannot encode this task: A product of two numeric fluents is not linear and is not supported by the ASP encoding: (v(b) * v(b))
PLASPPlanner-seq,numeric-domains,nlnp-hydropower,pfile01,,UNSUPPORTED,,,,0.25,,1.877,121.45,PLASPPlanner cannot encode this task: A product of two numeric fluents is not linear and is not supported by the ASP encoding: (stored_units * turbine_wear)
PLASPPlanner-seq,numeric-domains,nlnp-hydropower,pfile02,,UNSUPPORTED,,,,0.215,,1.826,120.0,PLASPPlanner cannot encode this task: A product of two numeric fluents is not linear and is not supported by the ASP encoding: (stored_units * turbine_wear)
PLASPPlanner-seq,numeric-domains,nlnp-hydropower,pfile03,,UNSUPPORTED,,,,0.23,,1.812,121.3,PLASPPlanner cannot encode this task: A product of two numeric fluents is not linear and is not supported by the ASP encoding: (stored_units * turbine_wear)
PLASPPlanner-seq,numeric-domains,nlnp-hydropower,pfile04,,UNSUPPORTED,,,,0.237,,1.87,121.28,PLASPPlanner cannot encode this task: A product of two numeric fluents is not linear and is not supported by the ASP encoding: (stored_units * turbine_wear)
PLASPPlanner-seq,numeric-domains,nlnp-hydropower,pfile05,,UNSUPPORTED,,,,0.239,,1.816,121.39,PLASPPlanner cannot encode this task: A product of two numeric fluents is not linear and is not supported by the ASP encoding: (stored_units * turbine_wear)
PLASPPlanner-seq,numeric-domains,nlnp-hydropower,pfile06,,UNSUPPORTED,,,,0.235,,1.822,122.0,PLASPPlanner cannot encode this task: A product of two numeric fluents is not linear and is not supported by the ASP encoding: (stored_units * turbine_wear)
PLASPPlanner-seq,numeric-domains,nlnp-hydropower,pfile07,,UNSUPPORTED,,,,0.243,,1.843,120.0,PLASPPlanner cannot encode this task: A product of two numeric fluents is not linear and is not supported by the ASP encoding: (stored_units * turbine_wear)
PLASPPlanner-seq,numeric-domains,nlnp-hydropower,pfile08,,UNSUPPORTED,,,,0.227,,1.92,121.5,PLASPPlanner cannot encode this task: A product of two numeric fluents is not linear and is not supported by the ASP encoding: (stored_units * turbine_wear)
PLASPPlanner-seq,numeric-domains,nlnp-hydropower,pfile09,,UNSUPPORTED,,,,0.241,,1.813,120.0,PLASPPlanner cannot encode this task: A product of two numeric fluents is not linear and is not supported by the ASP encoding: (stored_units * turbine_wear)
PLASPPlanner-seq,numeric-domains,nlnp-hydropower,pfile10,,UNSUPPORTED,,,,0.212,,1.779,120.0,PLASPPlanner cannot encode this task: A product of two numeric fluents is not linear and is not supported by the ASP encoding: (stored_units * turbine_wear)
PLASPPlanner-seq,numeric-domains,nlnp-hydropower,pfile11,,UNSUPPORTED,,,,0.227,,1.789,120.0,PLASPPlanner cannot encode this task: A product of two numeric fluents is not linear and is not supported by the ASP encoding: (stored_units * turbine_wear)
PLASPPlanner-seq,numeric-domains,nlnp-hydropower,pfile12,,UNSUPPORTED,,,,0.244,,1.83,120.0,PLASPPlanner cannot encode this task: A product of two numeric fluents is not linear and is not supported by the ASP encoding: (stored_units * turbine_wear)
PLASPPlanner-seq,numeric-domains,nlnp-hydropower,pfile13,,UNSUPPORTED,,,,0.247,,1.828,122.0,PLASPPlanner cannot encode this task: A product of two numeric fluents is not linear and is not supported by the ASP encoding: (stored_units * turbine_wear)
PLASPPlanner-seq,numeric-domains,nlnp-hydropower,pfile14,,UNSUPPORTED,,,,0.219,,1.83,120.0,PLASPPlanner cannot encode this task: A product of two numeric fluents is not linear and is not supported by the ASP encoding: (stored_units * turbine_wear)
PLASPPlanner-seq,numeric-domains,nlnp-hydropower,pfile15,,UNSUPPORTED,,,,0.235,,1.839,121.28,PLASPPlanner cannot encode this task: A product of two numeric fluents is not linear and is not supported by the ASP encoding: (stored_units * turbine_wear)
PLASPPlanner-seq,numeric-domains,nlnp-hydropower,pfile16,,UNSUPPORTED,,,,0.215,,1.78,122.0,PLASPPlanner cannot encode this task: A product of two numeric fluents is not linear and is not supported by the ASP encoding: (stored_units * turbine_wear)
PLASPPlanner-seq,numeric-domains,nlnp-hydropower,pfile17,,UNSUPPORTED,,,,0.218,,1.807,121.4,PLASPPlanner cannot encode this task: A product of two numeric fluents is not linear and is not supported by the ASP encoding: (stored_units * turbine_wear)
PLASPPlanner-seq,numeric-domains,nlnp-hydropower,pfile18,,UNSUPPORTED,,,,0.214,,1.824,120.0,PLASPPlanner cannot encode this task: A product of two numeric fluents is not linear and is not supported by the ASP encoding: (stored_units * turbine_wear)
PLASPPlanner-seq,numeric-domains,nlnp-hydropower,pfile19,,UNSUPPORTED,,,,0.237,,1.875,119.5,PLASPPlanner cannot encode this task: A product of two numeric fluents is not linear and is not supported by the ASP encoding: (stored_units * turbine_wear)
PLASPPlanner-seq,numeric-domains,nlnp-hydropower,pfile20,,UNSUPPORTED,,,,0.213,,1.856,122.0,PLASPPlanner cannot encode this task: A product of two numeric fluents is not linear and is not supported by the ASP encoding: (stored_units * turbine_wear)
PLASPPlanner-seq,numeric-domains,nlnp-hydropower,pfile21,,UNSUPPORTED,,,,0.24,,1.877,118.0,PLASPPlanner cannot encode this task: A product of two numeric fluents is not linear and is not supported by the ASP encoding: (stored_units * turbine_wear)
PLASPPlanner-seq,numeric-domains,nlnp-hydropower,pfile22,,UNSUPPORTED,,,,0.23,,1.884,122.0,PLASPPlanner cannot encode this task: A product of two numeric fluents is not linear and is not supported by the ASP encoding: (stored_units * turbine_wear)
PLASPPlanner-seq,numeric-domains,nlnp-hydropower,pfile23,,UNSUPPORTED,,,,0.229,,1.849,120.0,PLASPPlanner cannot encode this task: A product of two numeric fluents is not linear and is not supported by the ASP encoding: (stored_units * turbine_wear)
PLASPPlanner-seq,numeric-domains,nlnp-hydropower,pfile24,,UNSUPPORTED,,,,0.238,,1.858,122.0,PLASPPlanner cannot encode this task: A product of two numeric fluents is not linear and is not supported by the ASP encoding: (stored_units * turbine_wear)
PLASPPlanner-seq,numeric-domains,nlnp-hydropower,pfile25,,UNSUPPORTED,,,,0.236,,1.796,120.0,PLASPPlanner cannot encode this task: A product of two numeric fluents is not linear and is not supported by the ASP encoding: (stored_units * turbine_wear)
PLASPPlanner-seq,numeric-domains,nlnp-hydropower,pfile26,,UNSUPPORTED,,,,0.237,,1.862,120.0,PLASPPlanner cannot encode this task: A product of two numeric fluents is not linear and is not supported by the ASP encoding: (stored_units * turbine_wear)
PLASPPlanner-seq,numeric-domains,nlnp-hydropower,pfile27,,UNSUPPORTED,,,,0.231,,1.798,120.0,PLASPPlanner cannot encode this task: A product of two numeric fluents is not linear and is not supported by the ASP encoding: (stored_units * turbine_wear)
PLASPPlanner-seq,numeric-domains,nlnp-hydropower,pfile28,,UNSUPPORTED,,,,0.267,,2.016,121.5,PLASPPlanner cannot encode this task: A product of two numeric fluents is not linear and is not supported by the ASP encoding: (stored_units * turbine_wear)
PLASPPlanner-seq,numeric-domains,nlnp-hydropower,pfile29,,UNSUPPORTED,,,,0.242,,1.899,120.0,PLASPPlanner cannot encode this task: A product of two numeric fluents is not linear and is not supported by the ASP encoding: (stored_units * turbine_wear)
PLASPPlanner-seq,numeric-domains,nlnp-hydropower,pfile30,,UNSUPPORTED,,,,0.234,,1.834,122.0,PLASPPlanner cannot encode this task: A product of two numeric fluents is not linear and is not supported by the ASP encoding: (stored_units * turbine_wear)
PLASPPlanner-seq,numeric-domains,nlnp-rover,pfile1,,UNSUPPORTED,,,,0.339,,1.558,120.0,PLASPPlanner cannot encode this task: A product of two numeric fluents is not linear and is not supported by the ASP encoding: (wear(x) * load(x))
PLASPPlanner-seq,numeric-domains,nlnp-rover,pfile10,,UNSUPPORTED,,,,0.489,,1.79,120.0,PLASPPlanner cannot encode this task: A product of two numeric fluents is not linear and is not supported by the ASP encoding: (wear(x) * load(x))
PLASPPlanner-seq,numeric-domains,nlnp-rover,pfile2,,UNSUPPORTED,,,,0.38,,1.603,120.0,PLASPPlanner cannot encode this task: A product of two numeric fluents is not linear and is not supported by the ASP encoding: (wear(x) * load(x))
PLASPPlanner-seq,numeric-domains,nlnp-rover,pfile3,,UNSUPPORTED,,,,0.397,,1.673,120.0,PLASPPlanner cannot encode this task: A product of two numeric fluents is not linear and is not supported by the ASP encoding: (wear(x) * load(x))
PLASPPlanner-seq,numeric-domains,nlnp-rover,pfile4,,UNSUPPORTED,,,,0.389,,1.661,120.0,PLASPPlanner cannot encode this task: A product of two numeric fluents is not linear and is not supported by the ASP encoding: (wear(x) * load(x))
PLASPPlanner-seq,numeric-domains,nlnp-rover,pfile5,,UNSUPPORTED,,,,0.399,,1.626,120.0,PLASPPlanner cannot encode this task: A product of two numeric fluents is not linear and is not supported by the ASP encoding: (wear(x) * load(x))
PLASPPlanner-seq,numeric-domains,nlnp-rover,pfile6,,UNSUPPORTED,,,,0.391,,1.594,119.51,PLASPPlanner cannot encode this task: A product of two numeric fluents is not linear and is not supported by the ASP encoding: (wear(x) * load(x))
PLASPPlanner-seq,numeric-domains,nlnp-rover,pfile7,,UNSUPPORTED,,,,0.43,,1.643,120.0,PLASPPlanner cannot encode this task: A product of two numeric fluents is not linear and is not supported by the ASP encoding: (wear(x) * load(x))
PLASPPlanner-seq,numeric-domains,nlnp-rover,pfile8,,UNSUPPORTED,,,,0.528,,1.898,120.0,PLASPPlanner cannot encode this task: A product of two numeric fluents is not linear and is not supported by the ASP encoding: (wear(x) * load(x))
PLASPPlanner-seq,numeric-domains,nlnp-rover,pfile9,,UNSUPPORTED,,,,0.495,,1.772,120.0,PLASPPlanner cannot encode this task: A product of two numeric fluents is not linear and is not supported by the ASP encoding: (wear(x) * load(x))
PLASPPlanner-seq,numeric-domains,nlnp-settlers,pfile01,,UNSUPPORTED,,,,0.593,,1.893,121.51,"PLASPPlanner cannot encode this task: A product of two numeric fluents is not linear and is not supported by the ASP encoding: (available(ore, p) * available(coal, p))"
PLASPPlanner-seq,numeric-domains,nlnp-settlers,pfile02,,UNSUPPORTED,,,,0.57,,1.884,121.46,"PLASPPlanner cannot encode this task: A product of two numeric fluents is not linear and is not supported by the ASP encoding: (available(ore, p) * available(coal, p))"
PLASPPlanner-seq,numeric-domains,nlnp-settlers,pfile03,,UNSUPPORTED,,,,0.587,,1.878,121.27,"PLASPPlanner cannot encode this task: A product of two numeric fluents is not linear and is not supported by the ASP encoding: (available(ore, p) * available(coal, p))"
PLASPPlanner-seq,numeric-domains,nlnp-settlers,pfile04,,UNSUPPORTED,,,,0.544,,1.774,122.0,"PLASPPlanner cannot encode this task: A product of two numeric fluents is not linear and is not supported by the ASP encoding: (available(ore, p) * available(coal, p))"
PLASPPlanner-seq,numeric-domains,nlnp-settlers,pfile05,,UNSUPPORTED,,,,0.605,,1.822,121.39,"PLASPPlanner cannot encode this task: A product of two numeric fluents is not linear and is not supported by the ASP encoding: (available(ore, p) * available(coal, p))"
PLASPPlanner-seq,numeric-domains,nlnp-settlers,pfile06,,UNSUPPORTED,,,,0.596,,1.809,122.0,"PLASPPlanner cannot encode this task: A product of two numeric fluents is not linear and is not supported by the ASP encoding: (available(ore, p) * available(coal, p))"
PLASPPlanner-seq,numeric-domains,nlnp-settlers,pfile07,,UNSUPPORTED,,,,0.637,,1.948,122.0,"PLASPPlanner cannot encode this task: A product of two numeric fluents is not linear and is not supported by the ASP encoding: (available(ore, p) * available(coal, p))"
PLASPPlanner-seq,numeric-domains,nlnp-settlers,pfile08,,UNSUPPORTED,,,,0.608,,1.88,125.45,"PLASPPlanner cannot encode this task: A product of two numeric fluents is not linear and is not supported by the ASP encoding: (available(ore, p) * available(coal, p))"
PLASPPlanner-seq,numeric-domains,nlnp-settlers,pfile09,,UNSUPPORTED,,,,0.574,,1.814,122.0,"PLASPPlanner cannot encode this task: A product of two numeric fluents is not linear and is not supported by the ASP encoding: (available(ore, p) * available(coal, p))"
PLASPPlanner-seq,numeric-domains,nlnp-settlers,pfile10,,UNSUPPORTED,,,,0.658,,2.134,122.0,"PLASPPlanner cannot encode this task: A product of two numeric fluents is not linear and is not supported by the ASP encoding: (available(ore, p) * available(coal, p))"
PLASPPlanner-seq,numeric-domains,nlnp-settlers,pfile11,,UNSUPPORTED,,,,0.634,,2.016,122.0,"PLASPPlanner cannot encode this task: A product of two numeric fluents is not linear and is not supported by the ASP encoding: (available(ore, p) * available(coal, p))"
PLASPPlanner-seq,numeric-domains,nlnp-settlers,pfile12,,UNSUPPORTED,,,,0.653,,2.154,122.0,"PLASPPlanner cannot encode this task: A product of two numeric fluents is not linear and is not supported by the ASP encoding: (available(ore, p) * available(coal, p))"
PLASPPlanner-seq,numeric-domains,nlnp-settlers,pfile13,,UNSUPPORTED,,,,0.67,,2.081,122.0,"PLASPPlanner cannot encode this task: A product of two numeric fluents is not linear and is not supported by the ASP encoding: (available(ore, p) * available(coal, p))"
PLASPPlanner-seq,numeric-domains,nlnp-settlers,pfile14,,UNSUPPORTED,,,,0.685,,2.146,123.4,"PLASPPlanner cannot encode this task: A product of two numeric fluents is not linear and is not supported by the ASP encoding: (available(ore, p) * available(coal, p))"
PLASPPlanner-seq,numeric-domains,nlnp-settlers,pfile15,,UNSUPPORTED,,,,0.846,,2.161,122.0,"PLASPPlanner cannot encode this task: A product of two numeric fluents is not linear and is not supported by the ASP encoding: (available(ore, p) * available(coal, p))"
PLASPPlanner-seq,numeric-domains,nlnp-settlers,pfile16,,UNSUPPORTED,,,,0.757,,1.998,122.0,"PLASPPlanner cannot encode this task: A product of two numeric fluents is not linear and is not supported by the ASP encoding: (available(ore, p) * available(coal, p))"
PLASPPlanner-seq,numeric-domains,nlnp-settlers,pfile17,,UNSUPPORTED,,,,0.864,,2.118,124.0,"PLASPPlanner cannot encode this task: A product of two numeric fluents is not linear and is not supported by the ASP encoding: (available(ore, p) * available(coal, p))"
PLASPPlanner-seq,numeric-domains,nlnp-settlers,pfile18,,UNSUPPORTED,,,,0.961,,2.3,123.39,"PLASPPlanner cannot encode this task: A product of two numeric fluents is not linear and is not supported by the ASP encoding: (available(ore, p) * available(coal, p))"
PLASPPlanner-seq,numeric-domains,nlnp-settlers,pfile19,,UNSUPPORTED,,,,1.004,,2.304,122.0,"PLASPPlanner cannot encode this task: A product of two numeric fluents is not linear and is not supported by the ASP encoding: (available(ore, p) * available(coal, p))"
PLASPPlanner-seq,numeric-domains,nlnp-settlers,pfile20,,UNSUPPORTED,,,,0.994,,2.318,122.0,"PLASPPlanner cannot encode this task: A product of two numeric fluents is not linear and is not supported by the ASP encoding: (available(ore, p) * available(coal, p))"
PLASPPlanner-seq,numeric-domains,nlnp-settlers,pfile21,,UNSUPPORTED,,,,0.579,,1.892,122.0,"PLASPPlanner cannot encode this task: A product of two numeric fluents is not linear and is not supported by the ASP encoding: (available(ore, p) * available(coal, p))"
PLASPPlanner-seq,numeric-domains,nlnp-settlers,pfile22,,UNSUPPORTED,,,,0.567,,1.881,122.0,"PLASPPlanner cannot encode this task: A product of two numeric fluents is not linear and is not supported by the ASP encoding: (available(ore, p) * available(coal, p))"
PLASPPlanner-seq,numeric-domains,nlnp-settlers,pfile23,,UNSUPPORTED,,,,0.693,,2.102,123.44,"PLASPPlanner cannot encode this task: A product of two numeric fluents is not linear and is not supported by the ASP encoding: (available(ore, p) * available(coal, p))"
PLASPPlanner-seq,numeric-domains,nlnp-settlers,pfile24,,UNSUPPORTED,,,,0.863,,2.215,122.0,"PLASPPlanner cannot encode this task: A product of two numeric fluents is not linear and is not supported by the ASP encoding: (available(ore, p) * available(coal, p))"
PLASPPlanner-seq,numeric-domains,nlnp-settlers,pfile25,,UNSUPPORTED,,,,0.829,,2.136,123.28,"PLASPPlanner cannot encode this task: A product of two numeric fluents is not linear and is not supported by the ASP encoding: (available(ore, p) * available(coal, p))"
PLASPPlanner-seq,numeric-domains,nlnp-sugar,pfile01,,UNSUPPORTED,,,,0.42,,1.643,119.39,"PLASPPlanner cannot encode this task: A product of two numeric fluents is not linear and is not supported by the ASP encoding: (wear(m) * has-resource(r, m))"
PLASPPlanner-seq,numeric-domains,nlnp-sugar,pfile02,,UNSUPPORTED,,,,0.48,,1.671,120.0,"PLASPPlanner cannot encode this task: A product of two numeric fluents is not linear and is not supported by the ASP encoding: (wear(m) * has-resource(r, m))"
PLASPPlanner-seq,numeric-domains,nlnp-sugar,pfile03,,UNSUPPORTED,,,,0.474,,1.713,120.0,"PLASPPlanner cannot encode this task: A product of two numeric fluents is not linear and is not supported by the ASP encoding: (wear(m) * has-resource(r, m))"
PLASPPlanner-seq,numeric-domains,nlnp-sugar,pfile04,,UNSUPPORTED,,,,0.491,,1.753,121.46,"PLASPPlanner cannot encode this task: A product of two numeric fluents is not linear and is not supported by the ASP encoding: (wear(m) * has-resource(r, m))"
PLASPPlanner-seq,numeric-domains,nlnp-sugar,pfile05,,UNSUPPORTED,,,,0.45,,1.722,120.0,"PLASPPlanner cannot encode this task: A product of two numeric fluents is not linear and is not supported by the ASP encoding: (wear(m) * has-resource(r, m))"
PLASPPlanner-seq,numeric-domains,nlnp-sugar,pfile06,,UNSUPPORTED,,,,0.495,,1.693,121.27,"PLASPPlanner cannot encode this task: A product of two numeric fluents is not linear and is not supported by the ASP encoding: (wear(m) * has-resource(r, m))"
PLASPPlanner-seq,numeric-domains,nlnp-sugar,pfile07,,UNSUPPORTED,,,,0.446,,1.622,120.0,"PLASPPlanner cannot encode this task: A product of two numeric fluents is not linear and is not supported by the ASP encoding: (wear(m) * has-resource(r, m))"
PLASPPlanner-seq,numeric-domains,nlnp-sugar,pfile08,,UNSUPPORTED,,,,0.494,,1.752,120.0,"PLASPPlanner cannot encode this task: A product of two numeric fluents is not linear and is not supported by the ASP encoding: (wear(m) * has-resource(r, m))"
PLASPPlanner-seq,numeric-domains,nlnp-sugar,pfile09,,UNSUPPORTED,,,,0.468,,1.651,120.0,"PLASPPlanner cannot encode this task: A product of two numeric fluents is not linear and is not supported by the ASP encoding: (wear(m) * has-resource(r, m))"
PLASPPlanner-seq,numeric-domains,nlnp-sugar,pfile10,,UNSUPPORTED,,,,0.447,,1.672,120.0,"PLASPPlanner cannot encode this task: A product of two numeric fluents is not linear and is not supported by the ASP encoding: (wear(m) * has-resource(r, m))"
PLASPPlanner-seq,numeric-domains,nlnp-sugar,pfile11,,UNSUPPORTED,,,,0.499,,1.72,121.41,"PLASPPlanner cannot encode this task: A product of two numeric fluents is not linear and is not supported by the ASP encoding: (wear(m) * has-resource(r, m))"
PLASPPlanner-seq,numeric-domains,nlnp-sugar,pfile12,,UNSUPPORTED,,,,0.428,,1.586,120.0,"PLASPPlanner cannot encode this task: A product of two numeric fluents is not linear and is not supported by the ASP encoding: (wear(m) * has-resource(r, m))"
PLASPPlanner-seq,numeric-domains,nlnp-sugar,pfile13,,UNSUPPORTED,,,,0.419,,1.541,118.34,"PLASPPlanner cannot encode this task: A product of two numeric fluents is not linear and is not supported by the ASP encoding: (wear(m) * has-resource(r, m))"
PLASPPlanner-seq,numeric-domains,nlnp-sugar,pfile14,,UNSUPPORTED,,,,0.432,,1.591,120.0,"PLASPPlanner cannot encode this task: A product of two numeric fluents is not linear and is not supported by the ASP encoding: (wear(m) * has-resource(r, m))"
PLASPPlanner-seq,numeric-domains,nlnp-sugar,pfile15,,UNSUPPORTED,,,,0.414,,1.535,120.0,"PLASPPlanner cannot encode this task: A product of two numeric fluents is not linear and is not supported by the ASP encoding: (wear(m) * has-resource(r, m))"
PLASPPlanner-seq,numeric-domains,nlnp-sugar,pfile16,,UNSUPPORTED,,,,0.451,,1.613,120.36,"PLASPPlanner cannot encode this task: A product of two numeric fluents is not linear and is not supported by the ASP encoding: (wear(m) * has-resource(r, m))"
PLASPPlanner-seq,numeric-domains,nlnp-sugar,pfile17,,UNSUPPORTED,,,,0.477,,1.661,120.0,"PLASPPlanner cannot encode this task: A product of two numeric fluents is not linear and is not supported by the ASP encoding: (wear(m) * has-resource(r, m))"
PLASPPlanner-seq,numeric-domains,nlnp-sugar,pfile18,,UNSUPPORTED,,,,0.493,,1.724,121.4,"PLASPPlanner cannot encode this task: A product of two numeric fluents is not linear and is not supported by the ASP encoding: (wear(m) * has-resource(r, m))"
PLASPPlanner-seq,numeric-domains,nlnp-sugar,pfile19,,UNSUPPORTED,,,,0.491,,1.703,120.0,"PLASPPlanner cannot encode this task: A product of two numeric fluents is not linear and is not supported by the ASP encoding: (wear(m) * has-resource(r, m))"
PLASPPlanner-seq,numeric-domains,nlnp-sugar,pfile20,,UNSUPPORTED,,,,0.445,,1.653,120.0,"PLASPPlanner cannot encode this task: A product of two numeric fluents is not linear and is not supported by the ASP encoding: (wear(m) * has-resource(r, m))"
PLASPPlanner-seq,numeric-domains,onlycraft-opt,P01_opt,,SOLVED,True,5,,0.135,17.207,18.538,181.23,
PLASPPlanner-seq,numeric-domains,onlycraft-opt,P02_opt,,TIMEOUT,,,,0.153,,1802.182,675.99,Hit the task time limit.
PLASPPlanner-seq,numeric-domains,onlycraft-opt,P03_opt,,TIMEOUT,,,,0.158,,1802.523,705.46,Hit the task time limit.
PLASPPlanner-seq,numeric-domains,onlycraft-opt,P04_opt,,TIMEOUT,,,,0.136,,1801.878,669.46,Hit the task time limit.
PLASPPlanner-seq,numeric-domains,onlycraft-opt,P05_opt,,TIMEOUT,,,,0.147,,1802.919,770.0,Hit the task time limit.
PLASPPlanner-seq,numeric-domains,onlycraft-opt,P06_opt,,TIMEOUT,,,,0.144,,1805.62,1498.84,Hit the task time limit.
PLASPPlanner-seq,numeric-domains,onlycraft-opt,P07_opt,,TIMEOUT,,,,0.156,,1806.561,1584.86,Hit the task time limit.
PLASPPlanner-seq,numeric-domains,onlycraft-opt,P08_opt,,TIMEOUT,,,,0.153,,1807.296,2192.57,Hit the task time limit.
PLASPPlanner-seq,numeric-domains,onlycraft-opt,P09_opt,,TIMEOUT,,,,0.157,,1816.218,4087.24,Hit the task time limit.
PLASPPlanner-seq,numeric-domains,onlycraft-opt,P10_opt,,TIMEOUT,,,,0.167,,1812.353,2970.75,Hit the task time limit.
PLASPPlanner-seq,numeric-domains,onlycraft-opt,P11_opt,,TIMEOUT,,,,0.158,,1806.027,1482.65,Hit the task time limit.
PLASPPlanner-seq,numeric-domains,onlycraft-opt,P12_opt,,TIMEOUT,,,,0.17,,1824.174,5577.79,Hit the task time limit.
PLASPPlanner-seq,numeric-domains,onlycraft-opt,P13_opt,,MEMOUT,,,,0.165,,146.03,6997.74,MemoryError under a 8192MB limit.
PLASPPlanner-seq,numeric-domains,onlycraft-opt,P14_opt,,TIMEOUT,,,,0.169,,1823.859,5632.12,Hit the task time limit.
PLASPPlanner-seq,numeric-domains,onlycraft-opt,P15_opt,,TIMEOUT,,,,0.256,,1821.185,6312.1,Hit the task time limit.
PLASPPlanner-seq,numeric-domains,onlycraft-opt,P16_opt,,TIMEOUT,,,,0.19,,1829.035,7417.27,Hit the task time limit.
PLASPPlanner-seq,numeric-domains,onlycraft-opt,P17_opt,,KILLED,,,,,,,,
PLASPPlanner-seq,numeric-domains,onlycraft-opt,P18_opt,,TIMEOUT,,,,0.216,,1818.602,4255.87,Hit the task time limit.
PLASPPlanner-seq,numeric-domains,onlycraft-opt,P19_opt,,TIMEOUT,,,,0.202,,1810.05,2265.67,Hit the task time limit.
PLASPPlanner-seq,numeric-domains,onlycraft-opt,P20_opt,,TIMEOUT,,,,0.202,,1816.04,3752.71,Hit the task time limit.
PLASPPlanner-seq,numeric-domains,onlycraft-sat,P01_sat,,SOLVED,True,5,,0.143,19.991,21.333,179.25,
PLASPPlanner-seq,numeric-domains,onlycraft-sat,P02_sat,,TIMEOUT,,,,0.199,,1802.667,675.92,Hit the task time limit.
PLASPPlanner-seq,numeric-domains,onlycraft-sat,P03_sat,,TIMEOUT,,,,0.175,,1802.686,707.23,Hit the task time limit.
PLASPPlanner-seq,numeric-domains,onlycraft-sat,P04_sat,,TIMEOUT,,,,0.145,,1801.723,666.45,Hit the task time limit.
PLASPPlanner-seq,numeric-domains,onlycraft-sat,P05_sat,,TIMEOUT,,,,0.167,,1802.816,775.21,Hit the task time limit.
PLASPPlanner-seq,numeric-domains,onlycraft-sat,P06_sat,,TIMEOUT,,,,0.17,,1806.496,1499.37,Hit the task time limit.
PLASPPlanner-seq,numeric-domains,onlycraft-sat,P07_sat,,TIMEOUT,,,,0.282,,1809.537,1585.95,Hit the task time limit.
PLASPPlanner-seq,numeric-domains,onlycraft-sat,P08_sat,,TIMEOUT,,,,0.236,,1806.518,2129.9,Hit the task time limit.
PLASPPlanner-seq,numeric-domains,onlycraft-sat,P09_sat,,TIMEOUT,,,,0.194,,1815.991,4086.99,Hit the task time limit.
PLASPPlanner-seq,numeric-domains,onlycraft-sat,P10_sat,,TIMEOUT,,,,0.178,,1815.77,5579.67,Hit the task time limit.
PLASPPlanner-seq,numeric-domains,onlycraft-sat,P11_sat,,TIMEOUT,,,,0.31,,1839.304,7421.26,Hit the task time limit.
PLASPPlanner-seq,numeric-domains,onlycraft-sat,P12_sat,,MEMOUT,,,,0.218,,1195.69,7531.23,MemoryError under a 8192MB limit.
PLASPPlanner-seq,numeric-domains,onlycraft-sat,P13_sat,,TIMEOUT,,,,0.213,,1822.623,5535.86,Hit the task time limit.
PLASPPlanner-seq,numeric-domains,onlycraft-sat,P14_sat,,MEMOUT,,,,0.451,,197.11,7697.36,MemoryError under a 8192MB limit.
PLASPPlanner-seq,numeric-domains,onlycraft-sat,P15_sat,,TIMEOUT,,,,0.507,,1825.383,5682.35,Hit the task time limit.
PLASPPlanner-seq,numeric-domains,onlycraft-sat,P16_sat,,TIMEOUT,,,,0.687,,1834.427,5614.34,Hit the task time limit.
PLASPPlanner-seq,numeric-domains,onlycraft-sat,P17_sat,,MEMOUT,,,,0.666,,382.875,6194.62,MemoryError under a 8192MB limit.
PLASPPlanner-seq,numeric-domains,onlycraft-sat,P18_sat,,MEMOUT,,,,0.708,,1294.877,7180.86,MemoryError under a 8192MB limit.
PLASPPlanner-seq,numeric-domains,onlycraft-sat,P19_sat,,TIMEOUT,,,,0.93,,1843.901,4832.23,Hit the task time limit.
PLASPPlanner-seq,numeric-domains,onlycraft-sat,P20_sat,,TIMEOUT,,,,1.426,,1853.669,3673.09,Hit the task time limit.
PLASPPlanner-seq,numeric-domains,pancake,n10_1,,KILLED,,,,,,,,
PLASPPlanner-seq,numeric-domains,pancake,n10_10,,KILLED,,,,,,,,
PLASPPlanner-seq,numeric-domains,pancake,n10_2,,KILLED,,,,,,,,
PLASPPlanner-seq,numeric-domains,pancake,n10_3,,KILLED,,,,,,,,
PLASPPlanner-seq,numeric-domains,pancake,n10_4,,KILLED,,,,,,,,
PLASPPlanner-seq,numeric-domains,pancake,n10_5,,KILLED,,,,,,,,
PLASPPlanner-seq,numeric-domains,pancake,n10_6,,KILLED,,,,,,,,
PLASPPlanner-seq,numeric-domains,pancake,n10_7,,KILLED,,,,,,,,
PLASPPlanner-seq,numeric-domains,pancake,n10_8,,KILLED,,,,,,,,
PLASPPlanner-seq,numeric-domains,pancake,n10_9,,KILLED,,,,,,,,
PLASPPlanner-seq,numeric-domains,pancake,n15_1,,MEMOUT,,,,0.446,,1744.969,5566.03,MemoryError under a 8192MB limit.
PLASPPlanner-seq,numeric-domains,pancake,n15_10,,TIMEOUT,,,,0.375,,1821.555,5563.99,Hit the task time limit.
PLASPPlanner-seq,numeric-domains,pancake,n15_2,,MEMOUT,,,,0.436,,1732.098,5558.85,MemoryError under a 8192MB limit.
PLASPPlanner-seq,numeric-domains,pancake,n15_3,,MEMOUT,,,,0.453,,1763.223,5563.06,MemoryError under a 8192MB limit.
PLASPPlanner-seq,numeric-domains,pancake,n15_4,,TIMEOUT,,,,0.625,,1824.474,5559.97,Hit the task time limit.
PLASPPlanner-seq,numeric-domains,pancake,n15_5,,MEMOUT,,,,0.476,,1759.513,5558.25,MemoryError under a 8192MB limit.
PLASPPlanner-seq,numeric-domains,pancake,n15_6,,MEMOUT,,,,0.43,,1743.012,5563.06,MemoryError under a 8192MB limit.
PLASPPlanner-seq,numeric-domains,pancake,n15_7,,TIMEOUT,,,,0.456,,1803.848,5564.89,Hit the task time limit.
PLASPPlanner-seq,numeric-domains,pancake,n15_8,,MEMOUT,,,,0.44,,1743.82,5557.14,MemoryError under a 8192MB limit.
PLASPPlanner-seq,numeric-domains,pancake,n15_9,,MEMOUT,,,,0.431,,1739.539,5563.54,MemoryError under a 8192MB limit.
PLASPPlanner-seq,numeric-domains,pancake,n20_1,,KILLED,,,,,,,,
PLASPPlanner-seq,numeric-domains,pancake,n20_10,,KILLED,,,,,,,,
PLASPPlanner-seq,numeric-domains,pancake,n20_2,,KILLED,,,,,,,,
PLASPPlanner-seq,numeric-domains,pancake,n20_3,,KILLED,,,,,,,,
PLASPPlanner-seq,numeric-domains,pancake,n20_4,,KILLED,,,,,,,,
PLASPPlanner-seq,numeric-domains,pancake,n20_5,,KILLED,,,,,,,,
PLASPPlanner-seq,numeric-domains,pancake,n20_6,,KILLED,,,,,,,,
PLASPPlanner-seq,numeric-domains,pancake,n20_7,,KILLED,,,,,,,,
PLASPPlanner-seq,numeric-domains,pancake,n20_8,,KILLED,,,,,,,,
PLASPPlanner-seq,numeric-domains,pancake,n20_9,,KILLED,,,,,,,,
PLASPPlanner-seq,numeric-domains,pancake,n25_1,,KILLED,,,,,,,,
PLASPPlanner-seq,numeric-domains,pancake,n25_10,,TIMEOUT,,,,0.927,,1811.02,6090.2,Hit the task time limit.
PLASPPlanner-seq,numeric-domains,pancake,n25_2,,KILLED,,,,,,,,
PLASPPlanner-seq,numeric-domains,pancake,n25_3,,KILLED,,,,,,,,
PLASPPlanner-seq,numeric-domains,pancake,n25_4,,TIMEOUT,,,,0.841,,1991.233,6051.72,Hit the task time limit.
PLASPPlanner-seq,numeric-domains,pancake,n25_5,,TIMEOUT,,,,0.952,,2041.75,6079.58,Hit the task time limit.
PLASPPlanner-seq,numeric-domains,pancake,n25_6,,TIMEOUT,,,,0.876,,2071.444,6041.73,Hit the task time limit.
PLASPPlanner-seq,numeric-domains,pancake,n25_7,,TIMEOUT,,,,0.875,,2108.782,6043.67,Hit the task time limit.
PLASPPlanner-seq,numeric-domains,pancake,n25_8,,KILLED,,,,,,,,
PLASPPlanner-seq,numeric-domains,pancake,n25_9,,TIMEOUT,,,,1.03,,2017.165,6084.04,Hit the task time limit.
PLASPPlanner-seq,numeric-domains,pancake,n5_1,,SOLVED,True,2,,0.104,0.045,1.461,121.41,
PLASPPlanner-seq,numeric-domains,pancake,n5_10,,SOLVED,True,3,,0.106,0.75,2.222,158.0,
PLASPPlanner-seq,numeric-domains,pancake,n5_2,,SOLVED,True,2,,0.093,0.043,1.371,122.0,
PLASPPlanner-seq,numeric-domains,pancake,n5_3,,KILLED,,,,,,,,
PLASPPlanner-seq,numeric-domains,pancake,n5_4,,SOLVED,True,3,,0.087,0.693,2.024,156.0,
PLASPPlanner-seq,numeric-domains,pancake,n5_5,,KILLED,,,,,,,,
PLASPPlanner-seq,numeric-domains,pancake,n5_6,,KILLED,,,,,,,,
PLASPPlanner-seq,numeric-domains,pancake,n5_7,,SOLVED,True,2,,0.091,0.039,1.335,122.0,
PLASPPlanner-seq,numeric-domains,pancake,n5_8,,KILLED,,,,,,,,
PLASPPlanner-seq,numeric-domains,pancake,n5_9,,KILLED,,,,,,,,
PLASPPlanner-seq,numeric-domains,pathwaysmetric,pfile01,,TIMEOUT,,,,0.366,,1810.211,1355.98,Hit the task time limit.
PLASPPlanner-seq,numeric-domains,pathwaysmetric,pfile02,,TIMEOUT,,,,0.408,,1861.479,4808.41,Hit the task time limit.
PLASPPlanner-seq,numeric-domains,pathwaysmetric,pfile03,,TIMEOUT,,,,0.559,,1905.727,6409.59,Hit the task time limit.
PLASPPlanner-seq,numeric-domains,pathwaysmetric,pfile04,,MEMOUT,,,,0.79,,373.927,6900.64,MemoryError under a 8192MB limit.
PLASPPlanner-seq,numeric-domains,pathwaysmetric,pfile05,,MEMOUT,,,,1.055,,547.425,7925.47,MemoryError under a 8192MB limit.
PLASPPlanner-seq,numeric-domains,pathwaysmetric,pfile06,,MEMOUT,,,,1.272,,963.255,7875.72,MemoryError under a 8192MB limit.
PLASPPlanner-seq,numeric-domains,pathwaysmetric,pfile07,,MEMOUT,,,,1.808,,1194.568,7189.89,MemoryError under a 8192MB limit.
PLASPPlanner-seq,numeric-domains,pathwaysmetric,pfile08,,MEMOUT,,,,2.59,,1139.211,7194.18,MemoryError under a 8192MB limit.
PLASPPlanner-seq,numeric-domains,pathwaysmetric,pfile09,,MEMOUT,,,,2.498,,1193.369,7195.35,MemoryError under a 8192MB limit.
PLASPPlanner-seq,numeric-domains,pathwaysmetric,pfile10,,MEMOUT,,,,2.553,,1216.275,7194.23,MemoryError under a 8192MB limit.
PLASPPlanner-seq,numeric-domains,pathwaysmetric,pfile11,,MEMOUT,,,,2.413,,1348.412,7871.87,MemoryError under a 8192MB limit.
PLASPPlanner-seq,numeric-domains,pathwaysmetric,pfile12,,MEMOUT,,,,3.456,,1098.111,7200.57,MemoryError under a 8192MB limit.
PLASPPlanner-seq,numeric-domains,pathwaysmetric,pfile13,,MEMOUT,,,,3.834,,1272.545,7197.04,MemoryError under a 8192MB limit.
PLASPPlanner-seq,numeric-domains,pathwaysmetric,pfile14,,MEMOUT,,,,4.631,,1231.22,7196.52,MemoryError under a 8192MB limit.
PLASPPlanner-seq,numeric-domains,pathwaysmetric,pfile15,,MEMOUT,,,,3.242,,1160.488,7197.74,MemoryError under a 8192MB limit.
PLASPPlanner-seq,numeric-domains,pathwaysmetric,pfile16,,MEMOUT,,,,5.441,,1100.791,7210.2,MemoryError under a 8192MB limit.
PLASPPlanner-seq,numeric-domains,pathwaysmetric,pfile17,,MEMOUT,,,,8.783,,1154.195,7216.27,MemoryError under a 8192MB limit.
PLASPPlanner-seq,numeric-domains,pathwaysmetric,pfile18,,MEMOUT,,,,3.952,,1084.617,7202.61,MemoryError under a 8192MB limit.
PLASPPlanner-seq,numeric-domains,pathwaysmetric,pfile19,,MEMOUT,,,,6.706,,1120.109,7217.26,MemoryError under a 8192MB limit.
PLASPPlanner-seq,numeric-domains,pathwaysmetric,pfile20,,MEMOUT,,,,4.832,,1090.286,7207.1,MemoryError under a 8192MB limit.
PLASPPlanner-seq,numeric-domains,pathwaysmetric,pfile21,,MEMOUT,,,,5.786,,1100.901,7213.75,MemoryError under a 8192MB limit.
PLASPPlanner-seq,numeric-domains,pathwaysmetric,pfile22,,MEMOUT,,,,4.705,,1096.336,7205.48,MemoryError under a 8192MB limit.
PLASPPlanner-seq,numeric-domains,pathwaysmetric,pfile23,,MEMOUT,,,,4.754,,1084.356,7206.05,MemoryError under a 8192MB limit.
PLASPPlanner-seq,numeric-domains,pathwaysmetric,pfile24,,MEMOUT,,,,5.681,,1082.209,7209.79,MemoryError under a 8192MB limit.
PLASPPlanner-seq,numeric-domains,pathwaysmetric,pfile25,,MEMOUT,,,,6.607,,1079.356,7217.18,MemoryError under a 8192MB limit.
PLASPPlanner-seq,numeric-domains,pathwaysmetric,pfile26,,MEMOUT,,,,6.774,,1105.927,7218.71,MemoryError under a 8192MB limit.
PLASPPlanner-seq,numeric-domains,pathwaysmetric,pfile27,,MEMOUT,,,,8.333,,1133.459,7223.57,MemoryError under a 8192MB limit.
PLASPPlanner-seq,numeric-domains,pathwaysmetric,pfile28,,MEMOUT,,,,6.726,,1091.21,7217.47,MemoryError under a 8192MB limit.
PLASPPlanner-seq,numeric-domains,pathwaysmetric,pfile29,,MEMOUT,,,,5.879,,1069.491,7212.43,MemoryError under a 8192MB limit.
PLASPPlanner-seq,numeric-domains,pathwaysmetric,pfile30,,MEMOUT,,,,7.234,,1118.159,7218.52,MemoryError under a 8192MB limit.
PLASPPlanner-seq,numeric-domains,petri-net,prob06-1,,TIMEOUT,,,,0.202,,1912.829,1674.01,Hit the task time limit.
PLASPPlanner-seq,numeric-domains,petri-net,prob06-2,,TIMEOUT,,,,0.197,,1910.531,1600.25,Hit the task time limit.
PLASPPlanner-seq,numeric-domains,petri-net,prob06-3,,TIMEOUT,,,,0.215,,1911.643,1627.21,Hit the task time limit.
PLASPPlanner-seq,numeric-domains,petri-net,prob06-4,,TIMEOUT,,,,0.965,,1946.673,1528.0,Hit the task time limit.
PLASPPlanner-seq,numeric-domains,petri-net,prob07-1,,TIMEOUT,,,,0.183,,1827.95,813.66,Hit the task time limit.
PLASPPlanner-seq,numeric-domains,petri-net,prob07-2,,TIMEOUT,,,,0.195,,1827.794,851.43,Hit the task time limit.
PLASPPlanner-seq,numeric-domains,petri-net,prob07-3,,TIMEOUT,,,,0.22,,1827.821,813.95,Hit the task time limit.
PLASPPlanner-seq,numeric-domains,petri-net,prob07-4,,TIMEOUT,,,,0.2,,1826.338,625.16,Hit the task time limit.
PLASPPlanner-seq,numeric-domains,petri-net,prob08-1,,TIMEOUT,,,,0.202,,1911.388,1680.64,Hit the task time limit.
PLASPPlanner-seq,numeric-domains,petri-net,prob08-2,,TIMEOUT,,,,0.804,,1946.004,1699.98,Hit the task time limit.
PLASPPlanner-seq,numeric-domains,petri-net,prob08-3,,TIMEOUT,,,,0.194,,1807.373,1462.21,Hit the task time limit.
PLASPPlanner-seq,numeric-domains,petri-net,prob08-4,,TIMEOUT,,,,0.195,,1866.316,1644.35,Hit the task time limit.
PLASPPlanner-seq,numeric-domains,petri-net,prob09-1,,TIMEOUT,,,,0.157,,1808.48,864.79,Hit the task time limit.
PLASPPlanner-seq,numeric-domains,petri-net,prob09-2,,TIMEOUT,,,,0.183,,1808.108,583.82,Hit the task time limit.
PLASPPlanner-seq,numeric-domains,petri-net,prob09-3,,TIMEOUT,,,,0.162,,1807.747,509.85,Hit the task time limit.
PLASPPlanner-seq,numeric-domains,petri-net,prob09-4,,TIMEOUT,,,,0.161,,1807.476,392.57,Hit the task time limit.
PLASPPlanner-seq,numeric-domains,petri-net,prob10-1,,TIMEOUT,,,,0.161,,1808.203,679.68,Hit the task time limit.
PLASPPlanner-seq,numeric-domains,petri-net,prob10-2,,TIMEOUT,,,,0.17,,1808.361,751.02,Hit the task time limit.
PLASPPlanner-seq,numeric-domains,petri-net,prob10-3,,TIMEOUT,,,,0.159,,1806.975,360.84,Hit the task time limit.
PLASPPlanner-seq,numeric-domains,petri-net,prob10-4,,TIMEOUT,,,,0.153,,1806.831,332.51,Hit the task time limit.
PLASPPlanner-seq,numeric-domains,petrobras,2_2,,UNSUPPORTED,,,,0.616,,1.657,122.0,"PLASPPlanner cannot encode this task: The conditional numeric effect if (current_load(sh) == 0) then current_fuel(sh) -= (distance(from, to) / 5) of action 'sail' is not supported: an increase/decrease is applied by n..."
PLASPPlanner-seq,numeric-domains,petrobras,2_4,,UNSUPPORTED,,,,0.583,,1.623,123.5,"PLASPPlanner cannot encode this task: The conditional numeric effect if (current_load(sh) == 0) then current_fuel(sh) -= (distance(from, to) / 5) of action 'sail' is not supported: an increase/decrease is applied by n..."
PLASPPlanner-seq,numeric-domains,petrobras,2_8,,UNSUPPORTED,,,,0.623,,1.676,122.0,"PLASPPlanner cannot encode this task: The conditional numeric effect if (current_load(sh) == 0) then current_fuel(sh) -= (distance(from, to) / 5) of action 'sail' is not supported: an increase/decrease is applied by n..."
PLASPPlanner-seq,numeric-domains,petrobras,2_F,,UNSUPPORTED,,,,0.63,,1.681,122.0,"PLASPPlanner cannot encode this task: The conditional numeric effect if (current_load(sh) == 0) then current_fuel(sh) -= (distance(from, to) / 5) of action 'sail' is not supported: an increase/decrease is applied by n..."
PLASPPlanner-seq,numeric-domains,petrobras,4_4,,UNSUPPORTED,,,,0.599,,1.655,125.44,"PLASPPlanner cannot encode this task: The conditional numeric effect if (current_load(sh) == 0) then current_fuel(sh) -= (distance(from, to) / 5) of action 'sail' is not supported: an increase/decrease is applied by n..."
PLASPPlanner-seq,numeric-domains,petrobras,4_8,,UNSUPPORTED,,,,0.616,,1.662,123.39,"PLASPPlanner cannot encode this task: The conditional numeric effect if (current_load(sh) == 0) then current_fuel(sh) -= (distance(from, to) / 5) of action 'sail' is not supported: an increase/decrease is applied by n..."
PLASPPlanner-seq,numeric-domains,petrobras,4_F,,UNSUPPORTED,,,,0.642,,1.699,124.0,"PLASPPlanner cannot encode this task: The conditional numeric effect if (current_load(sh) == 0) then current_fuel(sh) -= (distance(from, to) / 5) of action 'sail' is not supported: an increase/decrease is applied by n..."
PLASPPlanner-seq,numeric-domains,petrobras,8_8,,UNSUPPORTED,,,,0.679,,1.743,124.0,"PLASPPlanner cannot encode this task: The conditional numeric effect if (current_load(sh) == 0) then current_fuel(sh) -= (distance(from, to) / 5) of action 'sail' is not supported: an increase/decrease is applied by n..."
PLASPPlanner-seq,numeric-domains,petrobras,8_F,,UNSUPPORTED,,,,0.697,,1.762,124.0,"PLASPPlanner cannot encode this task: The conditional numeric effect if (current_load(sh) == 0) then current_fuel(sh) -= (distance(from, to) / 5) of action 'sail' is not supported: an increase/decrease is applied by n..."
PLASPPlanner-seq,numeric-domains,petrobras,bartak_A1,,UNSUPPORTED,,,,0.606,,1.63,122.0,"PLASPPlanner cannot encode this task: The conditional numeric effect if (current_load(sh) == 0) then current_fuel(sh) -= (distance(from, to) / 5) of action 'sail' is not supported: an increase/decrease is applied by n..."
PLASPPlanner-seq,numeric-domains,petrobras,bartak_A10,,UNSUPPORTED,,,,0.649,,1.7,123.5,"PLASPPlanner cannot encode this task: The conditional numeric effect if (current_load(sh) == 0) then current_fuel(sh) -= (distance(from, to) / 5) of action 'sail' is not supported: an increase/decrease is applied by n..."
PLASPPlanner-seq,numeric-domains,petrobras,bartak_A11,,UNSUPPORTED,,,,0.615,,1.654,122.0,"PLASPPlanner cannot encode this task: The conditional numeric effect if (current_load(sh) == 0) then current_fuel(sh) -= (distance(from, to) / 5) of action 'sail' is not supported: an increase/decrease is applied by n..."
PLASPPlanner-seq,numeric-domains,petrobras,bartak_A12,,UNSUPPORTED,,,,0.666,,1.734,122.0,"PLASPPlanner cannot encode this task: The conditional numeric effect if (current_load(sh) == 0) then current_fuel(sh) -= (distance(from, to) / 5) of action 'sail' is not supported: an increase/decrease is applied by n..."
PLASPPlanner-seq,numeric-domains,petrobras,bartak_A13,,UNSUPPORTED,,,,0.646,,1.707,124.0,"PLASPPlanner cannot encode this task: The conditional numeric effect if (current_load(sh) == 0) then current_fuel(sh) -= (distance(from, to) / 5) of action 'sail' is not supported: an increase/decrease is applied by n..."
PLASPPlanner-seq,numeric-domains,petrobras,bartak_A14,,UNSUPPORTED,,,,0.622,,1.657,124.0,"PLASPPlanner cannot encode this task: The conditional numeric effect if (current_load(sh) == 0) then current_fuel(sh) -= (distance(from, to) / 5) of action 'sail' is not supported: an increase/decrease is applied by n..."
PLASPPlanner-seq,numeric-domains,petrobras,bartak_A15,,UNSUPPORTED,,,,0.662,,1.719,123.41,"PLASPPlanner cannot encode this task: The conditional numeric effect if (current_load(sh) == 0) then current_fuel(sh) -= (distance(from, to) / 5) of action 'sail' is not supported: an increase/decrease is applied by n..."
PLASPPlanner-seq,numeric-domains,petrobras,bartak_A2,,UNSUPPORTED,,,,0.61,,1.643,122.0,"PLASPPlanner cannot encode this task: The conditional numeric effect if (current_load(sh) == 0) then current_fuel(sh) -= (distance(from, to) / 5) of action 'sail' is not supported: an increase/decrease is applied by n..."
PLASPPlanner-seq,numeric-domains,petrobras,bartak_A3,,UNSUPPORTED,,,,0.625,,1.672,124.0,"PLASPPlanner cannot encode this task: The conditional numeric effect if (current_load(sh) == 0) then current_fuel(sh) -= (distance(from, to) / 5) of action 'sail' is not supported: an increase/decrease is applied by n..."
PLASPPlanner-seq,numeric-domains,petrobras,bartak_A4,,UNSUPPORTED,,,,0.603,,1.65,122.0,"PLASPPlanner cannot encode this task: The conditional numeric effect if (current_load(sh) == 0) then current_fuel(sh) -= (distance(from, to) / 5) of action 'sail' is not supported: an increase/decrease is applied by n..."
PLASPPlanner-seq,numeric-domains,petrobras,bartak_A5,,UNSUPPORTED,,,,0.587,,1.603,122.0,"PLASPPlanner cannot encode this task: The conditional numeric effect if (current_load(sh) == 0) then current_fuel(sh) -= (distance(from, to) / 5) of action 'sail' is not supported: an increase/decrease is applied by n..."
PLASPPlanner-seq,numeric-domains,petrobras,bartak_A6,,UNSUPPORTED,,,,0.634,,1.684,123.28,"PLASPPlanner cannot encode this task: The conditional numeric effect if (current_load(sh) == 0) then current_fuel(sh) -= (distance(from, to) / 5) of action 'sail' is not supported: an increase/decrease is applied by n..."
PLASPPlanner-seq,numeric-domains,petrobras,bartak_A7,,UNSUPPORTED,,,,0.647,,1.684,122.08,"PLASPPlanner cannot encode this task: The conditional numeric effect if (current_load(sh) == 0) then current_fuel(sh) -= (distance(from, to) / 5) of action 'sail' is not supported: an increase/decrease is applied by n..."
PLASPPlanner-seq,numeric-domains,petrobras,bartak_A8,,UNSUPPORTED,,,,0.647,,1.692,122.0,"PLASPPlanner cannot encode this task: The conditional numeric effect if (current_load(sh) == 0) then current_fuel(sh) -= (distance(from, to) / 5) of action 'sail' is not supported: an increase/decrease is applied by n..."
PLASPPlanner-seq,numeric-domains,petrobras,bartak_A9,,UNSUPPORTED,,,,0.605,,1.656,122.0,"PLASPPlanner cannot encode this task: The conditional numeric effect if (current_load(sh) == 0) then current_fuel(sh) -= (distance(from, to) / 5) of action 'sail' is not supported: an increase/decrease is applied by n..."
PLASPPlanner-seq,numeric-domains,petrobras,bartak_B1,,UNSUPPORTED,,,,0.666,,1.713,123.52,"PLASPPlanner cannot encode this task: The conditional numeric effect if (current_load(sh) == 0) then current_fuel(sh) -= (distance(from, to) / 5) of action 'sail' is not supported: an increase/decrease is applied by n..."
PLASPPlanner-seq,numeric-domains,petrobras,bartak_B10,,UNSUPPORTED,,,,0.662,,1.711,124.0,"PLASPPlanner cannot encode this task: The conditional numeric effect if (current_load(sh) == 0) then current_fuel(sh) -= (distance(from, to) / 5) of action 'sail' is not supported: an increase/decrease is applied by n..."
PLASPPlanner-seq,numeric-domains,petrobras,bartak_B11,,UNSUPPORTED,,,,0.672,,1.738,122.0,"PLASPPlanner cannot encode this task: The conditional numeric effect if (current_load(sh) == 0) then current_fuel(sh) -= (distance(from, to) / 5) of action 'sail' is not supported: an increase/decrease is applied by n..."
PLASPPlanner-seq,numeric-domains,petrobras,bartak_B12,,UNSUPPORTED,,,,0.707,,1.784,124.0,"PLASPPlanner cannot encode this task: The conditional numeric effect if (current_load(sh) == 0) then current_fuel(sh) -= (distance(from, to) / 5) of action 'sail' is not supported: an increase/decrease is applied by n..."
PLASPPlanner-seq,numeric-domains,petrobras,bartak_B13,,UNSUPPORTED,,,,0.696,,1.757,123.39,"PLASPPlanner cannot encode this task: The conditional numeric effect if (current_load(sh) == 0) then current_fuel(sh) -= (distance(from, to) / 5) of action 'sail' is not supported: an increase/decrease is applied by n..."
PLASPPlanner-seq,numeric-domains,petrobras,bartak_B14,,UNSUPPORTED,,,,0.7,,1.768,124.0,"PLASPPlanner cannot encode this task: The conditional numeric effect if (current_load(sh) == 0) then current_fuel(sh) -= (distance(from, to) / 5) of action 'sail' is not supported: an increase/decrease is applied by n..."
PLASPPlanner-seq,numeric-domains,petrobras,bartak_B15,,UNSUPPORTED,,,,0.681,,1.74,122.2,"PLASPPlanner cannot encode this task: The conditional numeric effect if (current_load(sh) == 0) then current_fuel(sh) -= (distance(from, to) / 5) of action 'sail' is not supported: an increase/decrease is applied by n..."
PLASPPlanner-seq,numeric-domains,petrobras,bartak_B2,,UNSUPPORTED,,,,0.664,,1.718,122.0,"PLASPPlanner cannot encode this task: The conditional numeric effect if (current_load(sh) == 0) then current_fuel(sh) -= (distance(from, to) / 5) of action 'sail' is not supported: an increase/decrease is applied by n..."
PLASPPlanner-seq,numeric-domains,petrobras,bartak_B3,,UNSUPPORTED,,,,0.675,,1.729,124.0,"PLASPPlanner cannot encode this task: The conditional numeric effect if (current_load(sh) == 0) then current_fuel(sh) -= (distance(from, to) / 5) of action 'sail' is not supported: an increase/decrease is applied by n..."
PLASPPlanner-seq,numeric-domains,petrobras,bartak_B4,,UNSUPPORTED,,,,0.669,,1.735,124.0,"PLASPPlanner cannot encode this task: The conditional numeric effect if (current_load(sh) == 0) then current_fuel(sh) -= (distance(from, to) / 5) of action 'sail' is not supported: an increase/decrease is applied by n..."
PLASPPlanner-seq,numeric-domains,petrobras,bartak_B5,,UNSUPPORTED,,,,0.672,,1.718,125.45,"PLASPPlanner cannot encode this task: The conditional numeric effect if (current_load(sh) == 0) then current_fuel(sh) -= (distance(from, to) / 5) of action 'sail' is not supported: an increase/decrease is applied by n..."
PLASPPlanner-seq,numeric-domains,petrobras,bartak_B6,,UNSUPPORTED,,,,0.673,,1.726,122.0,"PLASPPlanner cannot encode this task: The conditional numeric effect if (current_load(sh) == 0) then current_fuel(sh) -= (distance(from, to) / 5) of action 'sail' is not supported: an increase/decrease is applied by n..."
PLASPPlanner-seq,numeric-domains,petrobras,bartak_B7,,UNSUPPORTED,,,,0.693,,1.749,121.57,"PLASPPlanner cannot encode this task: The conditional numeric effect if (current_load(sh) == 0) then current_fuel(sh) -= (distance(from, to) / 5) of action 'sail' is not supported: an increase/decrease is applied by n..."
PLASPPlanner-seq,numeric-domains,petrobras,bartak_B8,,UNSUPPORTED,,,,0.662,,1.72,126.0,"PLASPPlanner cannot encode this task: The conditional numeric effect if (current_load(sh) == 0) then current_fuel(sh) -= (distance(from, to) / 5) of action 'sail' is not supported: an increase/decrease is applied by n..."
PLASPPlanner-seq,numeric-domains,petrobras,bartak_B9,,UNSUPPORTED,,,,0.683,,1.752,124.0,"PLASPPlanner cannot encode this task: The conditional numeric effect if (current_load(sh) == 0) then current_fuel(sh) -= (distance(from, to) / 5) of action 'sail' is not supported: an increase/decrease is applied by n..."
PLASPPlanner-seq,numeric-domains,petrobras,bartak_C1,,UNSUPPORTED,,,,0.667,,1.711,124.0,"PLASPPlanner cannot encode this task: The conditional numeric effect if (current_load(sh) == 0) then current_fuel(sh) -= (distance(from, to) / 5) of action 'sail' is not supported: an increase/decrease is applied by n..."
PLASPPlanner-seq,numeric-domains,petrobras,bartak_C10,,UNSUPPORTED,,,,0.674,,1.73,123.4,"PLASPPlanner cannot encode this task: The conditional numeric effect if (current_load(sh) == 0) then current_fuel(sh) -= (distance(from, to) / 5) of action 'sail' is not supported: an increase/decrease is applied by n..."
PLASPPlanner-seq,numeric-domains,petrobras,bartak_C11,,UNSUPPORTED,,,,0.683,,1.737,124.0,"PLASPPlanner cannot encode this task: The conditional numeric effect if (current_load(sh) == 0) then current_fuel(sh) -= (distance(from, to) / 5) of action 'sail' is not supported: an increase/decrease is applied by n..."
PLASPPlanner-seq,numeric-domains,petrobras,bartak_C12,,UNSUPPORTED,,,,0.679,,1.742,123.5,"PLASPPlanner cannot encode this task: The conditional numeric effect if (current_load(sh) == 0) then current_fuel(sh) -= (distance(from, to) / 5) of action 'sail' is not supported: an increase/decrease is applied by n..."
PLASPPlanner-seq,numeric-domains,petrobras,bartak_C13,,UNSUPPORTED,,,,0.683,,1.742,124.0,"PLASPPlanner cannot encode this task: The conditional numeric effect if (current_load(sh) == 0) then current_fuel(sh) -= (distance(from, to) / 5) of action 'sail' is not supported: an increase/decrease is applied by n..."
PLASPPlanner-seq,numeric-domains,petrobras,bartak_C14,,UNSUPPORTED,,,,0.753,,1.867,123.39,"PLASPPlanner cannot encode this task: The conditional numeric effect if (current_load(sh) == 0) then current_fuel(sh) -= (distance(from, to) / 5) of action 'sail' is not supported: an increase/decrease is applied by n..."
PLASPPlanner-seq,numeric-domains,petrobras,bartak_C15,,UNSUPPORTED,,,,0.763,,1.891,124.0,"PLASPPlanner cannot encode this task: The conditional numeric effect if (current_load(sh) == 0) then current_fuel(sh) -= (distance(from, to) / 5) of action 'sail' is not supported: an increase/decrease is applied by n..."
PLASPPlanner-seq,numeric-domains,petrobras,bartak_C2,,UNSUPPORTED,,,,0.659,,1.709,124.0,"PLASPPlanner cannot encode this task: The conditional numeric effect if (current_load(sh) == 0) then current_fuel(sh) -= (distance(from, to) / 5) of action 'sail' is not supported: an increase/decrease is applied by n..."
PLASPPlanner-seq,numeric-domains,petrobras,bartak_C3,,UNSUPPORTED,,,,0.644,,1.703,123.41,"PLASPPlanner cannot encode this task: The conditional numeric effect if (current_load(sh) == 0) then current_fuel(sh) -= (distance(from, to) / 5) of action 'sail' is not supported: an increase/decrease is applied by n..."
PLASPPlanner-seq,numeric-domains,petrobras,bartak_C4,,UNSUPPORTED,,,,0.679,,1.734,123.25,"PLASPPlanner cannot encode this task: The conditional numeric effect if (current_load(sh) == 0) then current_fuel(sh) -= (distance(from, to) / 5) of action 'sail' is not supported: an increase/decrease is applied by n..."
PLASPPlanner-seq,numeric-domains,petrobras,bartak_C5,,UNSUPPORTED,,,,0.685,,1.748,125.51,"PLASPPlanner cannot encode this task: The conditional numeric effect if (current_load(sh) == 0) then current_fuel(sh) -= (distance(from, to) / 5) of action 'sail' is not supported: an increase/decrease is applied by n..."
PLASPPlanner-seq,numeric-domains,petrobras,bartak_C6,,UNSUPPORTED,,,,0.691,,1.744,124.0,"PLASPPlanner cannot encode this task: The conditional numeric effect if (current_load(sh) == 0) then current_fuel(sh) -= (distance(from, to) / 5) of action 'sail' is not supported: an increase/decrease is applied by n..."
PLASPPlanner-seq,numeric-domains,petrobras,bartak_C7,,UNSUPPORTED,,,,0.657,,1.697,124.0,"PLASPPlanner cannot encode this task: The conditional numeric effect if (current_load(sh) == 0) then current_fuel(sh) -= (distance(from, to) / 5) of action 'sail' is not supported: an increase/decrease is applied by n..."
PLASPPlanner-seq,numeric-domains,petrobras,bartak_C8,,UNSUPPORTED,,,,0.665,,1.714,124.0,"PLASPPlanner cannot encode this task: The conditional numeric effect if (current_load(sh) == 0) then current_fuel(sh) -= (distance(from, to) / 5) of action 'sail' is not supported: an increase/decrease is applied by n..."
PLASPPlanner-seq,numeric-domains,petrobras,bartak_C9,,UNSUPPORTED,,,,0.664,,1.727,124.0,"PLASPPlanner cannot encode this task: The conditional numeric effect if (current_load(sh) == 0) then current_fuel(sh) -= (distance(from, to) / 5) of action 'sail' is not supported: an increase/decrease is applied by n..."
PLASPPlanner-seq,numeric-domains,petrobras,bartak_D1,,UNSUPPORTED,,,,0.726,,1.83,122.0,"PLASPPlanner cannot encode this task: The conditional numeric effect if (current_load(sh) == 0) then current_fuel(sh) -= (distance(from, to) / 5) of action 'sail' is not supported: an increase/decrease is applied by n..."
PLASPPlanner-seq,numeric-domains,petrobras,bartak_D10,,UNSUPPORTED,,,,0.668,,1.714,123.4,"PLASPPlanner cannot encode this task: The conditional numeric effect if (current_load(sh) == 0) then current_fuel(sh) -= (distance(from, to) / 5) of action 'sail' is not supported: an increase/decrease is applied by n..."
PLASPPlanner-seq,numeric-domains,petrobras,bartak_D11,,UNSUPPORTED,,,,0.669,,1.736,124.0,"PLASPPlanner cannot encode this task: The conditional numeric effect if (current_load(sh) == 0) then current_fuel(sh) -= (distance(from, to) / 5) of action 'sail' is not supported: an increase/decrease is applied by n..."
PLASPPlanner-seq,numeric-domains,petrobras,bartak_D12,,UNSUPPORTED,,,,0.67,,1.719,124.0,"PLASPPlanner cannot encode this task: The conditional numeric effect if (current_load(sh) == 0) then current_fuel(sh) -= (distance(from, to) / 5) of action 'sail' is not supported: an increase/decrease is applied by n..."
PLASPPlanner-seq,numeric-domains,petrobras,bartak_D13,,UNSUPPORTED,,,,0.673,,1.735,125.46,"PLASPPlanner cannot encode this task: The conditional numeric effect if (current_load(sh) == 0) then current_fuel(sh) -= (distance(from, to) / 5) of action 'sail' is not supported: an increase/decrease is applied by n..."
PLASPPlanner-seq,numeric-domains,petrobras,bartak_D14,,UNSUPPORTED,,,,0.677,,1.73,123.3,"PLASPPlanner cannot encode this task: The conditional numeric effect if (current_load(sh) == 0) then current_fuel(sh) -= (distance(from, to) / 5) of action 'sail' is not supported: an increase/decrease is applied by n..."
PLASPPlanner-seq,numeric-domains,petrobras,bartak_D15,,UNSUPPORTED,,,,0.687,,1.764,124.0,"PLASPPlanner cannot encode this task: The conditional numeric effect if (current_load(sh) == 0) then current_fuel(sh) -= (distance(from, to) / 5) of action 'sail' is not supported: an increase/decrease is applied by n..."
PLASPPlanner-seq,numeric-domains,petrobras,bartak_D2,,UNSUPPORTED,,,,0.68,,1.794,124.0,"PLASPPlanner cannot encode this task: The conditional numeric effect if (current_load(sh) == 0) then current_fuel(sh) -= (distance(from, to) / 5) of action 'sail' is not supported: an increase/decrease is applied by n..."
PLASPPlanner-seq,numeric-domains,petrobras,bartak_D3,,UNSUPPORTED,,,,0.692,,1.778,122.0,"PLASPPlanner cannot encode this task: The conditional numeric effect if (current_load(sh) == 0) then current_fuel(sh) -= (distance(from, to) / 5) of action 'sail' is not supported: an increase/decrease is applied by n..."
PLASPPlanner-seq,numeric-domains,petrobras,bartak_D4,,UNSUPPORTED,,,,0.65,,1.701,124.0,"PLASPPlanner cannot encode this task: The conditional numeric effect if (current_load(sh) == 0) then current_fuel(sh) -= (distance(from, to) / 5) of action 'sail' is not supported: an increase/decrease is applied by n..."
PLASPPlanner-seq,numeric-domains,petrobras,bartak_D5,,UNSUPPORTED,,,,0.659,,1.719,124.0,"PLASPPlanner cannot encode this task: The conditional numeric effect if (current_load(sh) == 0) then current_fuel(sh) -= (distance(from, to) / 5) of action 'sail' is not supported: an increase/decrease is applied by n..."
PLASPPlanner-seq,numeric-domains,petrobras,bartak_D6,,UNSUPPORTED,,,,0.658,,1.721,124.0,"PLASPPlanner cannot encode this task: The conditional numeric effect if (current_load(sh) == 0) then current_fuel(sh) -= (distance(from, to) / 5) of action 'sail' is not supported: an increase/decrease is applied by n..."
PLASPPlanner-seq,numeric-domains,petrobras,bartak_D7,,UNSUPPORTED,,,,0.671,,1.732,124.0,"PLASPPlanner cannot encode this task: The conditional numeric effect if (current_load(sh) == 0) then current_fuel(sh) -= (distance(from, to) / 5) of action 'sail' is not supported: an increase/decrease is applied by n..."
PLASPPlanner-seq,numeric-domains,petrobras,bartak_D8,,UNSUPPORTED,,,,0.671,,1.74,124.0,"PLASPPlanner cannot encode this task: The conditional numeric effect if (current_load(sh) == 0) then current_fuel(sh) -= (distance(from, to) / 5) of action 'sail' is not supported: an increase/decrease is applied by n..."
PLASPPlanner-seq,numeric-domains,petrobras,bartak_D9,,UNSUPPORTED,,,,0.689,,1.761,123.51,"PLASPPlanner cannot encode this task: The conditional numeric effect if (current_load(sh) == 0) then current_fuel(sh) -= (distance(from, to) / 5) of action 'sail' is not supported: an increase/decrease is applied by n..."
PLASPPlanner-seq,numeric-domains,petrobras,petrobras,,UNSUPPORTED,,,,0.685,,1.752,124.0,"PLASPPlanner cannot encode this task: The conditional numeric effect if (current_load(sh) == 0) then current_fuel(sh) -= (distance(from, to) / 5) of action 'sail' is not supported: an increase/decrease is applied by n..."
PLASPPlanner-seq,numeric-domains,planes,planes_1,,KILLED,,,,,,,,
PLASPPlanner-seq,numeric-domains,planes,planes_10,,KILLED,,,,,,,,
PLASPPlanner-seq,numeric-domains,planes,planes_11,,KILLED,,,,,,,,
PLASPPlanner-seq,numeric-domains,planes,planes_12,,KILLED,,,,,,,,
PLASPPlanner-seq,numeric-domains,planes,planes_2,,KILLED,,,,,,,,
PLASPPlanner-seq,numeric-domains,planes,planes_3,,KILLED,,,,,,,,
PLASPPlanner-seq,numeric-domains,planes,planes_4,,KILLED,,,,,,,,
PLASPPlanner-seq,numeric-domains,planes,planes_5,,KILLED,,,,,,,,
PLASPPlanner-seq,numeric-domains,planes,planes_6,,KILLED,,,,,,,,
PLASPPlanner-seq,numeric-domains,planes,planes_7,,KILLED,,,,,,,,
PLASPPlanner-seq,numeric-domains,planes,planes_8,,KILLED,,,,,,,,
PLASPPlanner-seq,numeric-domains,planes,planes_9,,TIMEOUT,,,,0.167,,2063.387,315.54,Hit the task time limit.
PLASPPlanner-seq,numeric-domains,planes,toy,,SOLVED,True,1,,0.085,0.042,1.123,121.29,
PLASPPlanner-seq,numeric-domains,plant-watering,instance_10_1,,TIMEOUT,,,,0.271,,1815.311,4580.21,Hit the task time limit.
PLASPPlanner-seq,numeric-domains,plant-watering,instance_10_2,,TIMEOUT,,,,0.268,,1812.018,3500.03,Hit the task time limit.
PLASPPlanner-seq,numeric-domains,plant-watering,instance_10_3,,TIMEOUT,,,,0.272,,1813.671,4091.52,Hit the task time limit.
PLASPPlanner-seq,numeric-domains,plant-watering,instance_11_1,,TIMEOUT,,,,0.337,,1814.656,4262.32,Hit the task time limit.
PLASPPlanner-seq,numeric-domains,plant-watering,instance_11_2,,TIMEOUT,,,,0.33,,1817.4,5163.3,Hit the task time limit.
PLASPPlanner-seq,numeric-domains,plant-watering,instance_11_3,,TIMEOUT,,,,0.333,,1815.391,4568.25,Hit the task time limit.
PLASPPlanner-seq,numeric-domains,plant-watering,instance_12_1,,TIMEOUT,,,,0.344,,1810.761,3292.01,Hit the task time limit.
PLASPPlanner-seq,numeric-domains,plant-watering,instance_12_2,,TIMEOUT,,,,0.353,,1814.467,3844.16,Hit the task time limit.
PLASPPlanner-seq,numeric-domains,plant-watering,instance_12_3,,TIMEOUT,,,,0.315,,1814.545,3684.43,Hit the task time limit.
PLASPPlanner-seq,numeric-domains,plant-watering,instance_13_1,,MEMOUT,,,,0.324,,532.518,7232.61,MemoryError under a 8192MB limit.
PLASPPlanner-seq,numeric-domains,plant-watering,instance_13_2,,TIMEOUT,,,,0.317,,1821.517,5715.42,Hit the task time limit.
PLASPPlanner-seq,numeric-domains,plant-watering,instance_13_3,,TIMEOUT,,,,0.327,,1814.238,3451.54,Hit the task time limit.
PLASPPlanner-seq,numeric-domains,plant-watering,instance_14_1,,TIMEOUT,,,,0.351,,1818.435,4401.77,Hit the task time limit.
PLASPPlanner-seq,numeric-domains,plant-watering,instance_14_2,,TIMEOUT,,,,0.353,,1825.375,6273.2,Hit the task time limit.
PLASPPlanner-seq,numeric-domains,plant-watering,instance_14_3,,TIMEOUT,,,,0.345,,1817.96,4462.04,Hit the task time limit.
PLASPPlanner-seq,numeric-domains,plant-watering,instance_15_1,,TIMEOUT,,,,0.37,,1820.505,5084.91,Hit the task time limit.
PLASPPlanner-seq,numeric-domains,plant-watering,instance_15_2,,TIMEOUT,,,,0.407,,1815.262,4264.32,Hit the task time limit.
PLASPPlanner-seq,numeric-domains,plant-watering,instance_15_3,,TIMEOUT,,,,0.413,,1815.403,3906.29,Hit the task time limit.
PLASPPlanner-seq,numeric-domains,plant-watering,instance_16_1,,TIMEOUT,,,,0.436,,1829.241,7386.39,Hit the task time limit.
PLASPPlanner-seq,numeric-domains,plant-watering,instance_16_2,,TIMEOUT,,,,0.419,,1824.395,6088.3,Hit the task time limit.
PLASPPlanner-seq,numeric-domains,plant-watering,instance_16_3,,TIMEOUT,,,,0.441,,1820.846,5313.77,Hit the task time limit.
PLASPPlanner-seq,numeric-domains,plant-watering,instance_17_1,,TIMEOUT,,,,0.506,,1829.204,6714.0,Hit the task time limit.
PLASPPlanner-seq,numeric-domains,plant-watering,instance_17_2,,TIMEOUT,,,,0.583,,1817.824,3932.18,Hit the task time limit.
PLASPPlanner-seq,numeric-domains,plant-watering,instance_17_3,,MEMOUT,,,,0.546,,317.017,7065.61,MemoryError under a 8192MB limit.
PLASPPlanner-seq,numeric-domains,plant-watering,instance_18_1,,MEMOUT,,,,0.594,,445.859,7116.61,MemoryError under a 8192MB limit.
PLASPPlanner-seq,numeric-domains,plant-watering,instance_18_2,,MEMOUT,,,,0.69,,1678.694,7592.71,MemoryError under a 8192MB limit.
PLASPPlanner-seq,numeric-domains,plant-watering,instance_18_3,,MEMOUT,,,,0.495,,573.103,7552.72,MemoryError under a 8192MB limit.
PLASPPlanner-seq,numeric-domains,plant-watering,instance_19_1,,MEMOUT,,,,0.517,,781.078,7309.14,MemoryError under a 8192MB limit.
PLASPPlanner-seq,numeric-domains,plant-watering,instance_19_2,,TIMEOUT,,,,0.53,,1809.808,2821.59,Hit the task time limit.
PLASPPlanner-seq,numeric-domains,plant-watering,instance_19_3,,MEMOUT,,,,0.524,,479.306,7354.2,MemoryError under a 8192MB limit.
PLASPPlanner-seq,numeric-domains,plant-watering,instance_20_1,,MEMOUT,,,,0.561,,232.321,7164.5,MemoryError under a 8192MB limit.
PLASPPlanner-seq,numeric-domains,plant-watering,instance_20_2,,TIMEOUT,,,,0.552,,1824.386,7526.4,Hit the task time limit.
PLASPPlanner-seq,numeric-domains,plant-watering,instance_20_3,,MEMOUT,,,,0.507,,527.652,7641.83,MemoryError under a 8192MB limit.
PLASPPlanner-seq,numeric-domains,plant-watering,instance_4_1,,TIMEOUT,,,,0.189,,1809.198,2999.34,Hit the task time limit.
PLASPPlanner-seq,numeric-domains,plant-watering,instance_4_2,,TIMEOUT,,,,0.191,,1809.686,3287.8,Hit the task time limit.
PLASPPlanner-seq,numeric-domains,plant-watering,instance_4_3,,TIMEOUT,,,,0.189,,1811.485,3808.68,Hit the task time limit.
PLASPPlanner-seq,numeric-domains,plant-watering,instance_5_1,,TIMEOUT,,,,0.191,,1802.471,857.05,Hit the task time limit.
PLASPPlanner-seq,numeric-domains,plant-watering,instance_5_2,,TIMEOUT,,,,0.183,,1807.385,2502.45,Hit the task time limit.
PLASPPlanner-seq,numeric-domains,plant-watering,instance_5_3,,TIMEOUT,,,,0.192,,1804.141,1602.95,Hit the task time limit.
PLASPPlanner-seq,numeric-domains,plant-watering,instance_6_1,,TIMEOUT,,,,0.182,,1809.401,3070.71,Hit the task time limit.
PLASPPlanner-seq,numeric-domains,plant-watering,instance_6_2,,TIMEOUT,,,,0.179,,1806.657,2284.26,Hit the task time limit.
PLASPPlanner-seq,numeric-domains,plant-watering,instance_6_3,,TIMEOUT,,,,0.183,,1802.337,879.48,Hit the task time limit.
PLASPPlanner-seq,numeric-domains,plant-watering,instance_7_1,,TIMEOUT,,,,0.18,,1806.821,2291.48,Hit the task time limit.
PLASPPlanner-seq,numeric-domains,plant-watering,instance_7_2,,TIMEOUT,,,,0.185,,1817.555,6301.84,Hit the task time limit.
PLASPPlanner-seq,numeric-domains,plant-watering,instance_7_3,,TIMEOUT,,,,0.186,,1806.191,2220.24,Hit the task time limit.
PLASPPlanner-seq,numeric-domains,plant-watering,instance_8_1,,TIMEOUT,,,,0.196,,1811.33,3581.88,Hit the task time limit.
PLASPPlanner-seq,numeric-domains,plant-watering,instance_8_2,,TIMEOUT,,,,0.199,,1806.343,2040.87,Hit the task time limit.
PLASPPlanner-seq,numeric-domains,plant-watering,instance_8_3,,TIMEOUT,,,,0.194,,1809.228,2865.84,Hit the task time limit.
PLASPPlanner-seq,numeric-domains,plant-watering,instance_9_1,,TIMEOUT,,,,0.256,,1813.956,4354.72,Hit the task time limit.
PLASPPlanner-seq,numeric-domains,plant-watering,instance_9_2,,TIMEOUT,,,,0.257,,1811.269,3397.24,Hit the task time limit.
PLASPPlanner-seq,numeric-domains,plant-watering,instance_9_3,,TIMEOUT,,,,0.256,,1814.947,4773.66,Hit the task time limit.
PLASPPlanner-seq,numeric-domains,plotting,plt0_2_4_2_1,,SOLVED,True,3,,1.848,7.576,10.949,144.0,
PLASPPlanner-seq,numeric-domains,plotting,plt0_2_4_2_2,,SOLVED,True,3,,1.887,7.535,10.949,146.0,
PLASPPlanner-seq,numeric-domains,plotting,plt0_2_4_2_4,,SOLVED,True,2,,1.908,7.547,10.947,144.0,
PLASPPlanner-seq,numeric-domains,plotting,plt0_3_3_2_1,,SOLVED,True,5,,2.804,10.304,14.591,156.0,
PLASPPlanner-seq,numeric-domains,plotting,plt0_3_3_2_2,,SOLVED,True,2,,2.735,10.141,14.324,154.0,
PLASPPlanner-seq,numeric-domains,plotting,plt0_3_3_2_4,,SOLVED,True,1,,2.793,10.201,14.46,156.0,
PLASPPlanner-seq,numeric-domains,plotting,plt0_3_3_3_2,,SOLVED,True,5,,3.278,11.189,16.022,163.4,
PLASPPlanner-seq,numeric-domains,plotting,plt0_3_3_3_3,,SOLVED,True,4,,3.162,10.88,15.553,165.46,
PLASPPlanner-seq,numeric-domains,plotting,plt0_3_3_3_4,,SOLVED,True,3,,3.2,10.881,15.601,162.0,
PLASPPlanner-seq,numeric-domains,plotting,plt0_3_4_2_1,,SOLVED,True,6,,3.958,90.421,96.013,180.0,
PLASPPlanner-seq,numeric-domains,plotting,plt0_3_4_2_2,,SOLVED,True,5,,3.9,90.166,95.723,182.0,
PLASPPlanner-seq,numeric-domains,plotting,plt0_3_4_2_6,,SOLVED,True,2,,3.993,89.548,95.121,179.56,
PLASPPlanner-seq,numeric-domains,plotting,plt0_3_4_3_2,,SOLVED,True,7,,4.358,92.938,99.014,197.29,
PLASPPlanner-seq,numeric-domains,plotting,plt0_3_4_3_3,,SOLVED,True,6,,4.421,92.355,98.533,193.39,
PLASPPlanner-seq,numeric-domains,plotting,plt0_3_4_3_6,,SOLVED,True,4,,4.565,95.118,101.424,190.0,
PLASPPlanner-seq,numeric-domains,plotting,plt0_3_5_3_2,,SOLVED,True,7,,6.105,1146.761,1154.943,251.2,
PLASPPlanner-seq,numeric-domains,plotting,plt0_3_5_3_3,,SOLVED,True,6,,6.309,1139.316,1147.694,247.93,
PLASPPlanner-seq,numeric-domains,plotting,plt0_3_5_3_7,,SOLVED,True,5,,6.346,1159.823,1168.218,242.0,
PLASPPlanner-seq,numeric-domains,plotting,plt0_3_5_4_3,,SOLVED,True,8,,6.938,1139.868,1149.015,281.69,
PLASPPlanner-seq,numeric-domains,plotting,plt0_3_5_4_4,,SOLVED,True,8,,6.964,1124.44,1133.59,281.51,
PLASPPlanner-seq,numeric-domains,plotting,plt0_3_5_4_7,,SOLVED,True,5,,7.113,1123.052,1132.359,266.29,
PLASPPlanner-seq,numeric-domains,plotting,plt0_3_6_3_2,,SOLVED,True,9,,8.033,1794.823,1805.172,279.48,
PLASPPlanner-seq,numeric-domains,plotting,plt0_3_6_3_3,,SOLVED,True,8,,8.034,1793.793,1804.146,271.37,
PLASPPlanner-seq,numeric-domains,plotting,plt0_3_6_3_9,,SOLVED,True,4,,7.759,1792.772,1802.78,254.0,
PLASPPlanner-seq,numeric-domains,plotting,plt0_3_6_4_3,,SOLVED,True,8,,9.122,1792.948,1804.648,302.79,
PLASPPlanner-seq,numeric-domains,plotting,plt0_3_6_4_4,,SOLVED,True,7,,8.747,1792.955,1804.247,298.84,
PLASPPlanner-seq,numeric-domains,plotting,plt0_3_6_4_9,,SOLVED,True,4,,8.678,1792.272,1803.426,280.31,
PLASPPlanner-seq,numeric-domains,plotting,plt0_4_2_2_1,,SOLVED,True,3,,3.019,13.948,18.441,161.37,
PLASPPlanner-seq,numeric-domains,plotting,plt0_4_2_2_2,,SOLVED,True,3,,2.822,13.751,18.012,159.5,
PLASPPlanner-seq,numeric-domains,plotting,plt0_4_2_2_4,,SOLVED,True,3,,2.791,13.837,18.103,160.0,
PLASPPlanner-seq,numeric-domains,plotting,plt0_4_3_2_1,,SOLVED,True,5,,4.524,118.252,124.523,188.0,
PLASPPlanner-seq,numeric-domains,plotting,plt0_4_3_2_2,,SOLVED,True,5,,4.535,118.414,124.689,192.0,
PLASPPlanner-seq,numeric-domains,plotting,plt0_4_3_2_6,,SOLVED,True,2,,4.507,120.191,126.399,187.26,
PLASPPlanner-seq,numeric-domains,plotting,plt0_4_3_3_2,,SOLVED,True,6,,5.331,125.496,132.75,208.0,
PLASPPlanner-seq,numeric-domains,plotting,plt0_4_3_3_3,,SOLVED,True,5,,5.419,123.963,131.304,205.25,
PLASPPlanner-seq,numeric-domains,plotting,plt0_4_3_3_6,,SOLVED,True,3,,4.723,122.941,129.454,204.0,
PLASPPlanner-seq,numeric-domains,plotting,plt0_4_4_3_2,,SOLVED,True,5,,6.571,1346.785,1355.531,267.52,
PLASPPlanner-seq,numeric-domains,plotting,plt0_4_4_3_3,,SOLVED,True,5,,7.534,1359.62,1369.451,269.3,
PLASPPlanner-seq,numeric-domains,plotting,plt0_4_4_3_8,,SOLVED,True,2,,7.568,1350.856,1360.62,262.0,
PLASPPlanner-seq,numeric-domains,plotting,plt0_4_4_4_3,,SOLVED,True,11,,8.766,1378.852,1390.147,336.79,
PLASPPlanner-seq,numeric-domains,plotting,plt0_4_4_4_4,,SOLVED,True,8,,9.443,1410.984,1422.997,321.71,
PLASPPlanner-seq,numeric-domains,plotting,plt0_4_4_4_8,,SOLVED,True,6,,8.537,1384.326,1395.306,306.05,
PLASPPlanner-seq,numeric-domains,plotting,plt0_4_5_3_10,,SOLVED,True,5,,9.388,1791.878,1803.798,285.82,
PLASPPlanner-seq,numeric-domains,plotting,plt0_4_5_3_2,,SOLVED,True,10,,9.697,1794.536,1806.913,314.06,
PLASPPlanner-seq,numeric-domains,plotting,plt0_4_5_3_3,,SOLVED,True,9,,9.698,1793.605,1805.929,311.45,
PLASPPlanner-seq,numeric-domains,plotting,plt0_4_5_4_10,,SOLVED,True,2,,11.185,1789.978,1803.94,302.13,
PLASPPlanner-seq,numeric-domains,plotting,plt0_4_5_4_3,,SOLVED,True,6,,10.693,1791.447,1804.96,327.21,
PLASPPlanner-seq,numeric-domains,plotting,plt0_4_5_4_4,,SOLVED,True,5,,11.248,1790.627,1804.697,317.88,
PLASPPlanner-seq,numeric-domains,plotting,plt0_5_3_3_2,,SOLVED,True,8,,7.828,1731.469,1741.667,299.67,
PLASPPlanner-seq,numeric-domains,plotting,plt0_5_3_3_3,,SOLVED,True,7,,9.487,1740.89,1752.831,290.91,
PLASPPlanner-seq,numeric-domains,plotting,plt0_5_3_3_7,,SOLVED,True,4,,9.175,1753.165,1764.751,277.19,
PLASPPlanner-seq,numeric-domains,plotting,plt0_5_3_4_3,,EXHAUSTED,,,,10.709,1749.895,1762.027,371.42,No plan found up to horizon 1000 (the task may be solvable with a longer horizon).
PLASPPlanner-seq,numeric-domains,plotting,plt0_5_3_4_4,,SOLVED,True,8,,10.695,1791.56,1804.965,330.54,
PLASPPlanner-seq,numeric-domains,plotting,plt0_5_3_4_7,,SOLVED,True,6,,10.608,1755.456,1768.706,317.47,
PLASPPlanner-seq,numeric-domains,plotting,plt0_5_4_3_10,,SOLVED,True,2,,15.644,1785.145,1803.888,294.34,
PLASPPlanner-seq,numeric-domains,plotting,plt0_5_4_3_2,,SOLVED,True,8,,13.273,1789.239,1805.586,324.86,
PLASPPlanner-seq,numeric-domains,plotting,plt0_5_4_3_3,,SOLVED,True,7,,10.884,1791.265,1805.105,318.45,
PLASPPlanner-seq,numeric-domains,plotting,plt0_5_4_4_10,,SOLVED,True,5,,13.665,1789.051,1805.891,339.71,
PLASPPlanner-seq,numeric-domains,plotting,plt0_5_4_4_3,,SOLVED,True,12,,14.138,1794.2,1811.706,418.23,
PLASPPlanner-seq,numeric-domains,plotting,plt0_5_4_4_4,,SOLVED,True,11,,15.226,1791.212,1809.824,408.82,
PLASPPlanner-seq,numeric-domains,plotting,plt0_5_5_3_12,,SOLVED,True,4,,16.365,1786.031,1805.864,360.38,
PLASPPlanner-seq,numeric-domains,plotting,plt0_5_5_3_2,,SOLVED,True,11,,15.67,1815.74,1835.002,436.65,
PLASPPlanner-seq,numeric-domains,plotting,plt0_5_5_3_3,,SOLVED,True,10,,15.664,1806.618,1825.941,423.18,
PLASPPlanner-seq,numeric-domains,plotting,plt0_5_5_4_12,,SOLVED,True,3,,19.003,1784.132,1807.008,394.7,
PLASPPlanner-seq,numeric-domains,plotting,plt0_5_5_4_3,,EXHAUSTED,,,,18.953,1787.881,1808.505,469.75,No plan found up to horizon 1000 (the task may be solvable with a longer horizon).
PLASPPlanner-seq,numeric-domains,plotting,plt0_5_5_4_4,,EXHAUSTED,,,,18.979,1787.365,1808.022,461.39,No plan found up to horizon 1000 (the task may be solvable with a longer horizon).
PLASPPlanner-seq,numeric-domains,plotting,plt0_5_6_3_15,,SOLVED,True,8,,21.156,1784.896,1810.165,500.34,
PLASPPlanner-seq,numeric-domains,plotting,plt0_5_6_3_2,,KILLED,,,,,,,,
PLASPPlanner-seq,numeric-domains,plotting,plt0_5_6_3_3,,KILLED,,,,,,,,
PLASPPlanner-seq,numeric-domains,plotting,plt0_5_6_5_15,,SOLVED,True,10,,34.701,1781.657,1821.831,745.39,
PLASPPlanner-seq,numeric-domains,plotting,plt0_5_6_5_4,,KILLED,,,,,,,,
PLASPPlanner-seq,numeric-domains,plotting,plt0_5_6_5_5,,SOLVED,True,19,,30.412,2041.374,2077.331,1008.76,
PLASPPlanner-seq,numeric-domains,plotting,plt0_6_3_3_2,,SOLVED,True,9,,12.431,1797.481,1812.989,342.17,
PLASPPlanner-seq,numeric-domains,plotting,plt0_6_3_3_3,,SOLVED,True,7,,12.414,1791.242,1806.724,329.35,
PLASPPlanner-seq,numeric-domains,plotting,plt0_6_3_3_9,,SOLVED,True,3,,15.001,1786.503,1804.666,305.83,
PLASPPlanner-seq,numeric-domains,plotting,plt0_6_3_4_3,,SOLVED,True,8,,16.169,1789.013,1808.59,385.34,
PLASPPlanner-seq,numeric-domains,plotting,plt0_6_3_4_4,,SOLVED,True,6,,13.866,1789.846,1806.998,356.26,
PLASPPlanner-seq,numeric-domains,plotting,plt0_6_3_4_9,,SOLVED,True,3,,14.075,1788.277,1805.543,334.59,
PLASPPlanner-seq,numeric-domains,plotting,plt0_6_5_3_15,,SOLVED,True,6,,25.98,1780.388,1811.121,489.75,
PLASPPlanner-seq,numeric-domains,plotting,plt0_6_5_3_2,,SOLVED,True,12,,26.458,1875.768,1907.155,592.97,
PLASPPlanner-seq,numeric-domains,plotting,plt0_6_5_3_3,,SOLVED,True,11,,26.577,1838.874,1870.256,576.51,
PLASPPlanner-seq,numeric-domains,plotting,plt0_6_5_5_15,,SOLVED,True,9,,29.791,1805.768,1841.291,744.53,
PLASPPlanner-seq,numeric-domains,plotting,plt0_6_5_5_4,,KILLED,,,,,,,,
PLASPPlanner-seq,numeric-domains,plotting,plt0_6_5_5_5,,KILLED,,,,,,,,
PLASPPlanner-seq,numeric-domains,plotting,plt0_7_7_6_24,,ERROR,,,,,,70.713,568.0,RecursionError: maximum recursion depth exceeded
PLASPPlanner-seq,numeric-domains,plotting,plt0_7_7_6_5,,ERROR,,,,,,69.572,568.0,RecursionError: maximum recursion depth exceeded
PLASPPlanner-seq,numeric-domains,plotting,plt0_7_7_6_6,,ERROR,,,,,,70.556,568.0,RecursionError: maximum recursion depth exceeded
PLASPPlanner-seq,numeric-domains,rainbowttles-opt,p11,,MEMOUT,,,,0.203,,187.438,7630.88,MemoryError under a 8192MB limit.
PLASPPlanner-seq,numeric-domains,rainbowttles-opt,p12,,MEMOUT,,,,0.184,,468.66,7390.35,MemoryError under a 8192MB limit.
PLASPPlanner-seq,numeric-domains,rainbowttles-opt,p13,,KILLED,,,,,,,,
PLASPPlanner-seq,numeric-domains,rainbowttles-opt,p14,,MEMOUT,,,,0.186,,81.72,7767.78,MemoryError under a 8192MB limit.
PLASPPlanner-seq,numeric-domains,rainbowttles-opt,p15,,KILLED,,,,,,,,
PLASPPlanner-seq,numeric-domains,rainbowttles-opt,p16,,MEMOUT,,,,0.213,,77.263,7515.49,MemoryError under a 8192MB limit.
PLASPPlanner-seq,numeric-domains,rainbowttles-opt,p17,,MEMOUT,,,,0.205,,150.374,6512.66,MemoryError under a 8192MB limit.
PLASPPlanner-seq,numeric-domains,rainbowttles-opt,p18,,MEMOUT,,,,0.211,,86.545,7474.01,MemoryError under a 8192MB limit.
PLASPPlanner-seq,numeric-domains,rainbowttles-opt,p19,,MEMOUT,,,,0.223,,176.676,7361.3,MemoryError under a 8192MB limit.
PLASPPlanner-seq,numeric-domains,rainbowttles-opt,p20,,TIMEOUT,,,,0.205,,1832.15,5089.05,Hit the task time limit.
PLASPPlanner-seq,numeric-domains,rainbowttles-opt,p21,,MEMOUT,,,,0.336,,75.372,7752.09,MemoryError under a 8192MB limit.
PLASPPlanner-seq,numeric-domains,rainbowttles-opt,p22,,MEMOUT,,,,0.292,,72.937,7681.14,MemoryError under a 8192MB limit.
PLASPPlanner-seq,numeric-domains,rainbowttles-opt,p23,,MEMOUT,,,,0.302,,77.123,7750.21,MemoryError under a 8192MB limit.
PLASPPlanner-seq,numeric-domains,rainbowttles-opt,p24,,MEMOUT,,,,0.299,,77.487,7736.38,MemoryError under a 8192MB limit.
PLASPPlanner-seq,numeric-domains,rainbowttles-opt,p25,,MEMOUT,,,,0.304,,76.618,7657.27,MemoryError under a 8192MB limit.
PLASPPlanner-seq,numeric-domains,rainbowttles-opt,p26,,MEMOUT,,,,0.327,,128.298,5985.02,MemoryError under a 8192MB limit.
PLASPPlanner-seq,numeric-domains,rainbowttles-opt,p27,,MEMOUT,,,,0.346,,78.823,7779.89,MemoryError under a 8192MB limit.
PLASPPlanner-seq,numeric-domains,rainbowttles-opt,p28,,MEMOUT,,,,0.343,,75.754,7602.29,MemoryError under a 8192MB limit.
PLASPPlanner-seq,numeric-domains,rainbowttles-opt,p29,,MEMOUT,,,,0.327,,77.778,7826.75,MemoryError under a 8192MB limit.
PLASPPlanner-seq,numeric-domains,rainbowttles-opt,p30,,MEMOUT,,,,0.319,,74.273,7731.87,MemoryError under a 8192MB limit.
PLASPPlanner-seq,numeric-domains,rainbowttles-sat,p31,,MEMOUT,,,,0.285,,71.142,7502.31,MemoryError under a 8192MB limit.
PLASPPlanner-seq,numeric-domains,rainbowttles-sat,p32,,MEMOUT,,,,0.26,,73.722,7555.09,MemoryError under a 8192MB limit.
PLASPPlanner-seq,numeric-domains,rainbowttles-sat,p33,,MEMOUT,,,,0.3,,80.292,7750.58,MemoryError under a 8192MB limit.
PLASPPlanner-seq,numeric-domains,rainbowttles-sat,p34,,MEMOUT,,,,0.334,,98.389,7137.89,MemoryError under a 8192MB limit.
PLASPPlanner-seq,numeric-domains,rainbowttles-sat,p35,,MEMOUT,,,,0.297,,80.357,7571.98,MemoryError under a 8192MB limit.
PLASPPlanner-seq,numeric-domains,rainbowttles-sat,p36,,MEMOUT,,,,0.305,,81.91,7744.27,MemoryError under a 8192MB limit.
PLASPPlanner-seq,numeric-domains,rainbowttles-sat,p37,,MEMOUT,,,,0.373,,80.051,7786.14,MemoryError under a 8192MB limit.
PLASPPlanner-seq,numeric-domains,rainbowttles-sat,p38,,MEMOUT,,,,0.361,,79.66,7743.8,MemoryError under a 8192MB limit.
PLASPPlanner-seq,numeric-domains,rainbowttles-sat,p39,,MEMOUT,,,,0.355,,175.583,7475.82,MemoryError under a 8192MB limit.
PLASPPlanner-seq,numeric-domains,rainbowttles-sat,p40,,MEMOUT,,,,0.361,,152.929,6711.25,MemoryError under a 8192MB limit.
PLASPPlanner-seq,numeric-domains,rainbowttles-sat,p41,,MEMOUT,,,,0.657,,102.665,7375.18,MemoryError under a 8192MB limit.
PLASPPlanner-seq,numeric-domains,rainbowttles-sat,p42,,MEMOUT,,,,0.652,,99.849,7531.14,MemoryError under a 8192MB limit.
PLASPPlanner-seq,numeric-domains,rainbowttles-sat,p43,,KILLED,,,,,,,,
PLASPPlanner-seq,numeric-domains,rainbowttles-sat,p44,,KILLED,,,,,,,,
PLASPPlanner-seq,numeric-domains,rainbowttles-sat,p45,,MEMOUT,,,,0.713,,101.411,7444.33,MemoryError under a 8192MB limit.
PLASPPlanner-seq,numeric-domains,rainbowttles-sat,p46,,MEMOUT,,,,0.712,,138.588,7371.95,MemoryError under a 8192MB limit.
PLASPPlanner-seq,numeric-domains,rainbowttles-sat,p47,,MEMOUT,,,,0.722,,109.774,7606.84,MemoryError under a 8192MB limit.
PLASPPlanner-seq,numeric-domains,rainbowttles-sat,p48,,MEMOUT,,,,0.72,,120.744,7689.15,MemoryError under a 8192MB limit.
PLASPPlanner-seq,numeric-domains,rainbowttles-sat,p49,,MEMOUT,,,,0.796,,122.672,7388.32,MemoryError under a 8192MB limit.
PLASPPlanner-seq,numeric-domains,rainbowttles-sat,p50,,MEMOUT,,,,0.893,,126.308,7292.01,MemoryError under a 8192MB limit.
PLASPPlanner-seq,numeric-domains,rover,pfile1,,MEMOUT,,,,0.242,,92.824,7557.32,MemoryError under a 8192MB limit.
PLASPPlanner-seq,numeric-domains,rover,pfile10,,MEMOUT,,,,0.412,,153.097,7677.05,MemoryError under a 8192MB limit.
PLASPPlanner-seq,numeric-domains,rover,pfile11,,MEMOUT,,,,0.433,,158.563,5564.75,MemoryError under a 8192MB limit.
PLASPPlanner-seq,numeric-domains,rover,pfile12,,MEMOUT,,,,0.377,,121.813,7005.84,MemoryError under a 8192MB limit.
PLASPPlanner-seq,numeric-domains,rover,pfile13,,MEMOUT,,,,0.42,,160.906,5417.11,MemoryError under a 8192MB limit.
PLASPPlanner-seq,numeric-domains,rover,pfile14,,MEMOUT,,,,0.424,,140.646,7482.82,MemoryError under a 8192MB limit.
PLASPPlanner-seq,numeric-domains,rover,pfile15,,MEMOUT,,,,0.508,,136.598,7297.28,MemoryError under a 8192MB limit.
PLASPPlanner-seq,numeric-domains,rover,pfile16,,MEMOUT,,,,0.454,,147.368,7681.21,MemoryError under a 8192MB limit.
PLASPPlanner-seq,numeric-domains,rover,pfile17,,MEMOUT,,,,0.687,,201.225,7211.91,MemoryError under a 8192MB limit.
PLASPPlanner-seq,numeric-domains,rover,pfile18,,MEMOUT,,,,0.77,,185.953,7695.76,MemoryError under a 8192MB limit.
PLASPPlanner-seq,numeric-domains,rover,pfile19,,MEMOUT,,,,0.913,,188.755,7673.43,MemoryError under a 8192MB limit.
PLASPPlanner-seq,numeric-domains,rover,pfile2,,MEMOUT,,,,0.224,,99.625,7578.15,MemoryError under a 8192MB limit.
PLASPPlanner-seq,numeric-domains,rover,pfile20,,KILLED,,,,,,,,
PLASPPlanner-seq,numeric-domains,rover,pfile3,,MEMOUT,,,,0.312,,104.893,7442.47,MemoryError under a 8192MB limit.
PLASPPlanner-seq,numeric-domains,rover,pfile4,,MEMOUT,,,,0.287,,93.819,7167.32,MemoryError under a 8192MB limit.
PLASPPlanner-seq,numeric-domains,rover,pfile5,,MEMOUT,,,,0.307,,98.066,7377.26,MemoryError under a 8192MB limit.
PLASPPlanner-seq,numeric-domains,rover,pfile6,,MEMOUT,,,,0.326,,100.416,7347.06,MemoryError under a 8192MB limit.
PLASPPlanner-seq,numeric-domains,rover,pfile7,,MEMOUT,,,,0.332,,110.663,7754.54,MemoryError under a 8192MB limit.
PLASPPlanner-seq,numeric-domains,rover,pfile8,,MEMOUT,,,,0.394,,158.679,5494.69,MemoryError under a 8192MB limit.
PLASPPlanner-seq,numeric-domains,rover,pfile9,,MEMOUT,,,,0.378,,133.587,7596.77,MemoryError under a 8192MB limit.
PLASPPlanner-seq,numeric-domains,rover-linear,pfile1,,MEMOUT,,,,0.234,,149.18,6825.26,MemoryError under a 8192MB limit.
PLASPPlanner-seq,numeric-domains,rover-linear,pfile10,,MEMOUT,,,,0.38,,296.483,7706.35,MemoryError under a 8192MB limit.
PLASPPlanner-seq,numeric-domains,rover-linear,pfile2,,MEMOUT,,,,0.235,,161.658,6854.81,MemoryError under a 8192MB limit.
PLASPPlanner-seq,numeric-domains,rover-linear,pfile3,,MEMOUT,,,,0.276,,171.023,7099.53,MemoryError under a 8192MB limit.
PLASPPlanner-seq,numeric-domains,rover-linear,pfile4,,MEMOUT,,,,0.315,,174.056,7109.24,MemoryError under a 8192MB limit.
PLASPPlanner-seq,numeric-domains,rover-linear,pfile5,,MEMOUT,,,,0.302,,208.703,5513.47,MemoryError under a 8192MB limit.
PLASPPlanner-seq,numeric-domains,rover-linear,pfile6,,MEMOUT,,,,0.324,,172.072,7078.9,MemoryError under a 8192MB limit.
PLASPPlanner-seq,numeric-domains,rover-linear,pfile7,,MEMOUT,,,,0.33,,232.037,6044.1,MemoryError under a 8192MB limit.
PLASPPlanner-seq,numeric-domains,rover-linear,pfile8,,MEMOUT,,,,0.35,,291.845,7743.49,MemoryError under a 8192MB limit.
PLASPPlanner-seq,numeric-domains,rover-linear,pfile9,,MEMOUT,,,,0.387,,242.225,7395.77,MemoryError under a 8192MB limit.
PLASPPlanner-seq,numeric-domains,sailing,instance_1_10_1229,,MEMOUT,,,,0.11,,96.283,7721.0,MemoryError under a 8192MB limit.
PLASPPlanner-seq,numeric-domains,sailing,instance_1_1_1229,,TIMEOUT,,,,0.088,,1800.379,346.76,Hit the task time limit.
PLASPPlanner-seq,numeric-domains,sailing,instance_1_2_1229,,TIMEOUT,,,,0.091,,1801.385,489.42,Hit the task time limit.
PLASPPlanner-seq,numeric-domains,sailing,instance_1_3_1229,,TIMEOUT,,,,0.109,,1801.398,495.18,Hit the task time limit.
PLASPPlanner-seq,numeric-domains,sailing,instance_1_4_1229,,TIMEOUT,,,,0.101,,1804.844,1508.85,Hit the task time limit.
PLASPPlanner-seq,numeric-domains,sailing,instance_1_5_1229,,TIMEOUT,,,,0.097,,1805.081,1687.27,Hit the task time limit.
PLASPPlanner-seq,numeric-domains,sailing,instance_1_6_1229,,TIMEOUT,,,,0.097,,1808.708,2458.84,Hit the task time limit.
PLASPPlanner-seq,numeric-domains,sailing,instance_1_7_1229,,TIMEOUT,,,,0.106,,1813.472,3400.3,Hit the task time limit.
PLASPPlanner-seq,numeric-domains,sailing,instance_1_8_1229,,TIMEOUT,,,,0.105,,1837.046,7554.33,Hit the task time limit.
PLASPPlanner-seq,numeric-domains,sailing,instance_1_9_1229,,MEMOUT,,,,0.108,,95.972,7718.0,MemoryError under a 8192MB limit.
PLASPPlanner-seq,numeric-domains,sailing,instance_2_10_1229,,TIMEOUT,,,,0.119,,1802.849,1105.51,Hit the task time limit.
PLASPPlanner-seq,numeric-domains,sailing,instance_2_1_1229,,TIMEOUT,,,,0.093,,1803.2,872.87,Hit the task time limit.
PLASPPlanner-seq,numeric-domains,sailing,instance_2_2_1229,,TIMEOUT,,,,0.096,,1803.016,942.4,Hit the task time limit.
PLASPPlanner-seq,numeric-domains,sailing,instance_2_3_1229,,TIMEOUT,,,,0.102,,1802.737,852.95,Hit the task time limit.
PLASPPlanner-seq,numeric-domains,sailing,instance_2_4_1229,,TIMEOUT,,,,0.099,,1805.664,1547.09,Hit the task time limit.
PLASPPlanner-seq,numeric-domains,sailing,instance_2_5_1229,,TIMEOUT,,,,0.101,,1810.93,2550.39,Hit the task time limit.
PLASPPlanner-seq,numeric-domains,sailing,instance_2_6_1229,,TIMEOUT,,,,0.099,,1802.773,834.21,Hit the task time limit.
PLASPPlanner-seq,numeric-domains,sailing,instance_2_7_1229,,TIMEOUT,,,,0.11,,1830.218,6362.0,Hit the task time limit.
PLASPPlanner-seq,numeric-domains,sailing,instance_2_8_1229,,TIMEOUT,,,,0.112,,1806.162,1451.36,Hit the task time limit.
PLASPPlanner-seq,numeric-domains,sailing,instance_2_9_1229,,TIMEOUT,,,,0.119,,1811.642,2740.85,Hit the task time limit.
PLASPPlanner-seq,numeric-domains,sailing,instance_3_10_1229,,TIMEOUT,,,,0.129,,1804.523,979.02,Hit the task time limit.
PLASPPlanner-seq,numeric-domains,sailing,instance_3_1_1229,,TIMEOUT,,,,0.102,,1801.889,559.11,Hit the task time limit.
PLASPPlanner-seq,numeric-domains,sailing,instance_3_2_1229,,TIMEOUT,,,,0.1,,1802.033,618.12,Hit the task time limit.
PLASPPlanner-seq,numeric-domains,sailing,instance_3_3_1229,,TIMEOUT,,,,0.112,,1804.284,1130.3,Hit the task time limit.
PLASPPlanner-seq,numeric-domains,sailing,instance_3_4_1229,,TIMEOUT,,,,0.109,,1808.567,1960.42,Hit the task time limit.
PLASPPlanner-seq,numeric-domains,sailing,instance_3_5_1229,,TIMEOUT,,,,0.106,,1808.737,1971.16,Hit the task time limit.
PLASPPlanner-seq,numeric-domains,sailing,instance_3_6_1229,,TIMEOUT,,,,0.109,,1828.85,6303.93,Hit the task time limit.
PLASPPlanner-seq,numeric-domains,sailing,instance_3_7_1229,,TIMEOUT,,,,0.123,,1803.941,1057.19,Hit the task time limit.
PLASPPlanner-seq,numeric-domains,sailing,instance_3_8_1229,,TIMEOUT,,,,0.123,,1809.463,2182.42,Hit the task time limit.
PLASPPlanner-seq,numeric-domains,sailing,instance_3_9_1229,,TIMEOUT,,,,0.115,,1804.451,977.65,Hit the task time limit.
PLASPPlanner-seq,numeric-domains,sailing,instance_4_10_1229,,TIMEOUT,,,,0.13,,1806.086,1324.16,Hit the task time limit.
PLASPPlanner-seq,numeric-domains,sailing,instance_4_1_1229,,TIMEOUT,,,,0.105,,1802.663,737.12,Hit the task time limit.
PLASPPlanner-seq,numeric-domains,sailing,instance_4_2_1229,,TIMEOUT,,,,0.108,,1802.635,677.57,Hit the task time limit.
PLASPPlanner-seq,numeric-domains,sailing,instance_4_3_1229,,TIMEOUT,,,,0.102,,1805.899,1351.94,Hit the task time limit.
PLASPPlanner-seq,numeric-domains,sailing,instance_4_4_1229,,TIMEOUT,,,,0.11,,1802.477,587.57,Hit the task time limit.
PLASPPlanner-seq,numeric-domains,sailing,instance_4_5_1229,,TIMEOUT,,,,0.109,,1806.569,1393.34,Hit the task time limit.
PLASPPlanner-seq,numeric-domains,sailing,instance_4_6_1229,,TIMEOUT,,,,0.126,,1812.763,2690.5,Hit the task time limit.
PLASPPlanner-seq,numeric-domains,sailing,instance_4_7_1229,,TIMEOUT,,,,0.127,,1805.802,1298.03,Hit the task time limit.
PLASPPlanner-seq,numeric-domains,sailing,instance_4_8_1229,,TIMEOUT,,,,0.131,,1811.663,2461.93,Hit the task time limit.
PLASPPlanner-seq,numeric-domains,sailing,instance_4_9_1229,,TIMEOUT,,,,0.12,,1812.698,2659.03,Hit the task time limit.
PLASPPlanner-seq,numeric-domains,sailing-wind-opt,problem_0,,UNSUPPORTED,,,,0.893,,2.232,124.0,PLASPPlanner cannot encode this task: A product of two numeric fluents is not linear and is not supported by the ASP encoding: (vmax_0(b) * (1 - r(b)))
PLASPPlanner-seq,numeric-domains,sailing-wind-opt,problem_1,,UNSUPPORTED,,,,0.791,,2.014,124.0,PLASPPlanner cannot encode this task: A product of two numeric fluents is not linear and is not supported by the ASP encoding: (vmax_0(b) * (1 - r(b)))
PLASPPlanner-seq,numeric-domains,sailing-wind-opt,problem_10,,UNSUPPORTED,,,,0.849,,2.138,124.0,PLASPPlanner cannot encode this task: A product of two numeric fluents is not linear and is not supported by the ASP encoding: (vmax_0(b) * (1 - r(b)))
PLASPPlanner-seq,numeric-domains,sailing-wind-opt,problem_11,,UNSUPPORTED,,,,0.847,,2.129,124.0,PLASPPlanner cannot encode this task: A product of two numeric fluents is not linear and is not supported by the ASP encoding: (vmax_0(b) * (1 - r(b)))
PLASPPlanner-seq,numeric-domains,sailing-wind-opt,problem_12,,UNSUPPORTED,,,,0.79,,2.1,123.38,PLASPPlanner cannot encode this task: A product of two numeric fluents is not linear and is not supported by the ASP encoding: (vmax_0(b) * (1 - r(b)))
PLASPPlanner-seq,numeric-domains,sailing-wind-opt,problem_13,,UNSUPPORTED,,,,0.756,,1.972,121.34,PLASPPlanner cannot encode this task: A product of two numeric fluents is not linear and is not supported by the ASP encoding: (vmax_0(b) * (1 - r(b)))
PLASPPlanner-seq,numeric-domains,sailing-wind-opt,problem_14,,UNSUPPORTED,,,,0.847,,2.076,123.52,PLASPPlanner cannot encode this task: A product of two numeric fluents is not linear and is not supported by the ASP encoding: (vmax_0(b) * (1 - r(b)))
PLASPPlanner-seq,numeric-domains,sailing-wind-opt,problem_15,,UNSUPPORTED,,,,0.755,,1.975,123.4,PLASPPlanner cannot encode this task: A product of two numeric fluents is not linear and is not supported by the ASP encoding: (vmax_0(b) * (1 - r(b)))
PLASPPlanner-seq,numeric-domains,sailing-wind-opt,problem_16,,UNSUPPORTED,,,,0.759,,2.056,124.0,PLASPPlanner cannot encode this task: A product of two numeric fluents is not linear and is not supported by the ASP encoding: (vmax_0(b) * (1 - r(b)))
PLASPPlanner-seq,numeric-domains,sailing-wind-opt,problem_17,,UNSUPPORTED,,,,0.793,,2.062,124.0,PLASPPlanner cannot encode this task: A product of two numeric fluents is not linear and is not supported by the ASP encoding: (vmax_0(b) * (1 - r(b)))
PLASPPlanner-seq,numeric-domains,sailing-wind-opt,problem_18,,UNSUPPORTED,,,,0.774,,2.082,123.27,PLASPPlanner cannot encode this task: A product of two numeric fluents is not linear and is not supported by the ASP encoding: (vmax_0(b) * (1 - r(b)))
PLASPPlanner-seq,numeric-domains,sailing-wind-opt,problem_19,,UNSUPPORTED,,,,0.75,,1.956,124.0,PLASPPlanner cannot encode this task: A product of two numeric fluents is not linear and is not supported by the ASP encoding: (vmax_0(b) * (1 - r(b)))
PLASPPlanner-seq,numeric-domains,sailing-wind-opt,problem_2,,UNSUPPORTED,,,,0.783,,2.025,124.0,PLASPPlanner cannot encode this task: A product of two numeric fluents is not linear and is not supported by the ASP encoding: (vmax_0(b) * (1 - r(b)))
PLASPPlanner-seq,numeric-domains,sailing-wind-opt,problem_3,,UNSUPPORTED,,,,0.77,,2.086,123.4,PLASPPlanner cannot encode this task: A product of two numeric fluents is not linear and is not supported by the ASP encoding: (vmax_0(b) * (1 - r(b)))
PLASPPlanner-seq,numeric-domains,sailing-wind-opt,problem_4,,UNSUPPORTED,,,,0.823,,2.103,123.41,PLASPPlanner cannot encode this task: A product of two numeric fluents is not linear and is not supported by the ASP encoding: (vmax_0(b) * (1 - r(b)))
PLASPPlanner-seq,numeric-domains,sailing-wind-opt,problem_5,,UNSUPPORTED,,,,0.817,,2.08,124.0,PLASPPlanner cannot encode this task: A product of two numeric fluents is not linear and is not supported by the ASP encoding: (vmax_0(b) * (1 - r(b)))
PLASPPlanner-seq,numeric-domains,sailing-wind-opt,problem_6,,UNSUPPORTED,,,,0.834,,2.163,124.0,PLASPPlanner cannot encode this task: A product of two numeric fluents is not linear and is not supported by the ASP encoding: (vmax_0(b) * (1 - r(b)))
PLASPPlanner-seq,numeric-domains,sailing-wind-opt,problem_7,,UNSUPPORTED,,,,0.79,,2.074,123.27,PLASPPlanner cannot encode this task: A product of two numeric fluents is not linear and is not supported by the ASP encoding: (vmax_0(b) * (1 - r(b)))
PLASPPlanner-seq,numeric-domains,sailing-wind-opt,problem_8,,UNSUPPORTED,,,,0.867,,2.148,124.0,PLASPPlanner cannot encode this task: A product of two numeric fluents is not linear and is not supported by the ASP encoding: (vmax_0(b) * (1 - r(b)))
PLASPPlanner-seq,numeric-domains,sailing-wind-opt,problem_9,,UNSUPPORTED,,,,0.867,,2.152,124.0,PLASPPlanner cannot encode this task: A product of two numeric fluents is not linear and is not supported by the ASP encoding: (vmax_0(b) * (1 - r(b)))
PLASPPlanner-seq,numeric-domains,sailing-wind-sat,problem_0,,UNSUPPORTED,,,,0.815,,2.072,123.49,PLASPPlanner cannot encode this task: A product of two numeric fluents is not linear and is not supported by the ASP encoding: (vmax_0(b) * (1 - r(b)))
PLASPPlanner-seq,numeric-domains,sailing-wind-sat,problem_1,,UNSUPPORTED,,,,0.799,,2.081,123.5,PLASPPlanner cannot encode this task: A product of two numeric fluents is not linear and is not supported by the ASP encoding: (vmax_0(b) * (1 - r(b)))
PLASPPlanner-seq,numeric-domains,sailing-wind-sat,problem_10,,UNSUPPORTED,,,,0.77,,2.054,123.14,PLASPPlanner cannot encode this task: A product of two numeric fluents is not linear and is not supported by the ASP encoding: (vmax_0(b) * (1 - r(b)))
PLASPPlanner-seq,numeric-domains,sailing-wind-sat,problem_11,,UNSUPPORTED,,,,0.769,,1.99,124.0,PLASPPlanner cannot encode this task: A product of two numeric fluents is not linear and is not supported by the ASP encoding: (vmax_0(b) * (1 - r(b)))
PLASPPlanner-seq,numeric-domains,sailing-wind-sat,problem_12,,UNSUPPORTED,,,,0.819,,2.095,124.0,PLASPPlanner cannot encode this task: A product of two numeric fluents is not linear and is not supported by the ASP encoding: (vmax_0(b) * (1 - r(b)))
PLASPPlanner-seq,numeric-domains,sailing-wind-sat,problem_13,,UNSUPPORTED,,,,0.822,,2.096,124.0,PLASPPlanner cannot encode this task: A product of two numeric fluents is not linear and is not supported by the ASP encoding: (vmax_0(b) * (1 - r(b)))
PLASPPlanner-seq,numeric-domains,sailing-wind-sat,problem_14,,UNSUPPORTED,,,,0.842,,2.081,123.27,PLASPPlanner cannot encode this task: A product of two numeric fluents is not linear and is not supported by the ASP encoding: (vmax_0(b) * (1 - r(b)))
PLASPPlanner-seq,numeric-domains,sailing-wind-sat,problem_15,,UNSUPPORTED,,,,0.761,,2.061,124.0,PLASPPlanner cannot encode this task: A product of two numeric fluents is not linear and is not supported by the ASP encoding: (vmax_0(b) * (1 - r(b)))
PLASPPlanner-seq,numeric-domains,sailing-wind-sat,problem_16,,UNSUPPORTED,,,,0.879,,2.173,124.0,PLASPPlanner cannot encode this task: A product of two numeric fluents is not linear and is not supported by the ASP encoding: (vmax_0(b) * (1 - r(b)))
PLASPPlanner-seq,numeric-domains,sailing-wind-sat,problem_17,,UNSUPPORTED,,,,0.865,,2.15,123.5,PLASPPlanner cannot encode this task: A product of two numeric fluents is not linear and is not supported by the ASP encoding: (vmax_0(b) * (1 - r(b)))
PLASPPlanner-seq,numeric-domains,sailing-wind-sat,problem_18,,UNSUPPORTED,,,,0.841,,2.119,124.0,PLASPPlanner cannot encode this task: A product of two numeric fluents is not linear and is not supported by the ASP encoding: (vmax_0(b) * (1 - r(b)))
PLASPPlanner-seq,numeric-domains,sailing-wind-sat,problem_19,,UNSUPPORTED,,,,0.839,,2.083,123.41,PLASPPlanner cannot encode this task: A product of two numeric fluents is not linear and is not supported by the ASP encoding: (vmax_0(b) * (1 - r(b)))
PLASPPlanner-seq,numeric-domains,sailing-wind-sat,problem_2,,UNSUPPORTED,,,,0.823,,2.075,124.0,PLASPPlanner cannot encode this task: A product of two numeric fluents is not linear and is not supported by the ASP encoding: (vmax_0(b) * (1 - r(b)))
PLASPPlanner-seq,numeric-domains,sailing-wind-sat,problem_3,,UNSUPPORTED,,,,0.844,,2.131,124.0,PLASPPlanner cannot encode this task: A product of two numeric fluents is not linear and is not supported by the ASP encoding: (vmax_0(b) * (1 - r(b)))
PLASPPlanner-seq,numeric-domains,sailing-wind-sat,problem_4,,UNSUPPORTED,,,,0.756,,2.056,124.0,PLASPPlanner cannot encode this task: A product of two numeric fluents is not linear and is not supported by the ASP encoding: (vmax_0(b) * (1 - r(b)))
PLASPPlanner-seq,numeric-domains,sailing-wind-sat,problem_5,,UNSUPPORTED,,,,0.853,,2.127,124.0,PLASPPlanner cannot encode this task: A product of two numeric fluents is not linear and is not supported by the ASP encoding: (vmax_0(b) * (1 - r(b)))
PLASPPlanner-seq,numeric-domains,sailing-wind-sat,problem_6,,UNSUPPORTED,,,,0.847,,2.105,124.0,PLASPPlanner cannot encode this task: A product of two numeric fluents is not linear and is not supported by the ASP encoding: (vmax_0(b) * (1 - r(b)))
PLASPPlanner-seq,numeric-domains,sailing-wind-sat,problem_7,,UNSUPPORTED,,,,0.762,,1.968,124.0,PLASPPlanner cannot encode this task: A product of two numeric fluents is not linear and is not supported by the ASP encoding: (vmax_0(b) * (1 - r(b)))
PLASPPlanner-seq,numeric-domains,sailing-wind-sat,problem_8,,UNSUPPORTED,,,,0.758,,1.992,124.0,PLASPPlanner cannot encode this task: A product of two numeric fluents is not linear and is not supported by the ASP encoding: (vmax_0(b) * (1 - r(b)))
PLASPPlanner-seq,numeric-domains,sailing-wind-sat,problem_9,,UNSUPPORTED,,,,0.826,,2.119,124.0,PLASPPlanner cannot encode this task: A product of two numeric fluents is not linear and is not supported by the ASP encoding: (vmax_0(b) * (1 - r(b)))
PLASPPlanner-seq,numeric-domains,satellite,pfile1,,KILLED,,,,,,,,
PLASPPlanner-seq,numeric-domains,satellite,pfile10,,MEMOUT,,,,0.89,,330.261,6378.94,MemoryError under a 8192MB limit.
PLASPPlanner-seq,numeric-domains,satellite,pfile11,,MEMOUT,,,,1.378,,351.776,5172.51,MemoryError under a 8192MB limit.
PLASPPlanner-seq,numeric-domains,satellite,pfile12,,MEMOUT,,,,1.822,,1662.464,4242.21,MemoryError under a 8192MB limit.
PLASPPlanner-seq,numeric-domains,satellite,pfile13,,MEMOUT,,,,2.414,,716.746,4254.0,MemoryError under a 8192MB limit.
PLASPPlanner-seq,numeric-domains,satellite,pfile14,,MEMOUT,,,,2.004,,1506.248,4244.13,MemoryError under a 8192MB limit.
PLASPPlanner-seq,numeric-domains,satellite,pfile15,,MEMOUT,,,,2.007,,518.498,4246.65,MemoryError under a 8192MB limit.
PLASPPlanner-seq,numeric-domains,satellite,pfile16,,MEMOUT,,,,1.895,,643.089,4258.64,MemoryError under a 8192MB limit.
PLASPPlanner-seq,numeric-domains,satellite,pfile17,,MEMOUT,,,,2.102,,391.16,4260.95,MemoryError under a 8192MB limit.
PLASPPlanner-seq,numeric-domains,satellite,pfile18,,MEMOUT,,,,1.79,,1509.419,4242.42,MemoryError under a 8192MB limit.
PLASPPlanner-seq,numeric-domains,satellite,pfile19,,MEMOUT,,,,2.067,,970.866,4248.74,MemoryError under a 8192MB limit.
PLASPPlanner-seq,numeric-domains,satellite,pfile2,,KILLED,,,,,,,,
PLASPPlanner-seq,numeric-domains,satellite,pfile20,,MEMOUT,,,,2.391,,1527.78,4250.0,MemoryError under a 8192MB limit.
PLASPPlanner-seq,numeric-domains,satellite,pfile3,,KILLED,,,,,,,,
PLASPPlanner-seq,numeric-domains,satellite,pfile4,,MEMOUT,,,,0.434,,74.926,6597.09,MemoryError under a 8192MB limit.
PLASPPlanner-seq,numeric-domains,satellite,pfile5,,MEMOUT,,,,0.463,,76.911,7473.2,MemoryError under a 8192MB limit.
PLASPPlanner-seq,numeric-domains,satellite,pfile6,,MEMOUT,,,,0.484,,149.724,6208.77,MemoryError under a 8192MB limit.
PLASPPlanner-seq,numeric-domains,satellite,pfile7,,MEMOUT,,,,0.552,,74.133,6327.29,MemoryError under a 8192MB limit.
PLASPPlanner-seq,numeric-domains,satellite,pfile8,,MEMOUT,,,,0.828,,330.24,5834.72,MemoryError under a 8192MB limit.
PLASPPlanner-seq,numeric-domains,satellite,pfile9,,MEMOUT,,,,0.878,,310.746,5127.34,MemoryError under a 8192MB limit.
PLASPPlanner-seq,numeric-domains,sec_clear_10_2-linear,prob_10_2,,TIMEOUT,,,,0.502,,1800.216,196.45,Hit the task time limit.
PLASPPlanner-seq,numeric-domains,sec_clear_10_3-linear,prob_10_3,,TIMEOUT,,,,0.681,,1800.427,206.52,Hit the task time limit.
PLASPPlanner-seq,numeric-domains,sec_clear_10_4-linear,prob_10_4,,TIMEOUT,,,,0.988,,1800.3,212.85,Hit the task time limit.
PLASPPlanner-seq,numeric-domains,sec_clear_10_5-linear,prob_10_5,,TIMEOUT,,,,1.115,,1800.318,217.13,Hit the task time limit.
PLASPPlanner-seq,numeric-domains,sec_clear_2_2-linear,prob_2_2,,SOLVED,True,4,,0.124,0.051,1.37,122.0,
PLASPPlanner-seq,numeric-domains,sec_clear_2_3-linear,prob_2_3,,SOLVED,True,4,,0.133,0.055,1.33,121.39,
PLASPPlanner-seq,numeric-domains,sec_clear_2_4-linear,prob_2_4,,SOLVED,True,4,,0.18,0.068,1.5,120.0,
PLASPPlanner-seq,numeric-domains,sec_clear_2_5-linear,prob_2_5,,SOLVED,True,4,,0.186,0.077,1.518,124.0,
PLASPPlanner-seq,numeric-domains,sec_clear_3_2-linear,prob_3_2,,SOLVED,True,6,,0.157,0.093,1.465,124.0,
PLASPPlanner-seq,numeric-domains,sec_clear_3_3-linear,prob_3_3,,SOLVED,True,6,,0.208,0.106,1.527,121.69,
PLASPPlanner-seq,numeric-domains,sec_clear_3_4-linear,prob_3_4,,SOLVED,True,6,,0.246,0.22,1.707,125.51,
PLASPPlanner-seq,numeric-domains,sec_clear_3_5-linear,prob_3_5,,SOLVED,True,6,,0.387,0.146,1.817,126.0,
PLASPPlanner-seq,numeric-domains,sec_clear_4_2-linear,prob_4_2,,SOLVED,True,8,,0.196,0.457,1.859,128.0,
PLASPPlanner-seq,numeric-domains,sec_clear_4_3-linear,prob_4_3,,SOLVED,True,8,,0.336,0.366,1.982,128.0,
PLASPPlanner-seq,numeric-domains,sec_clear_4_4-linear,prob_4_4,,SOLVED,True,8,,0.404,0.343,1.948,131.4,
PLASPPlanner-seq,numeric-domains,sec_clear_4_5-linear,prob_4_5,,SOLVED,True,8,,0.421,0.378,2.02,132.0,
PLASPPlanner-seq,numeric-domains,sec_clear_5_2-linear,prob_5_2,,SOLVED,True,10,,0.238,14.341,15.837,135.93,
PLASPPlanner-seq,numeric-domains,sec_clear_5_3-linear,prob_5_3,,SOLVED,True,10,,0.414,7.108,8.739,141.14,
PLASPPlanner-seq,numeric-domains,sec_clear_5_4-linear,prob_5_4,,SOLVED,True,10,,0.491,6.097,7.895,140.72,
PLASPPlanner-seq,numeric-domains,sec_clear_5_5-linear,prob_5_5,,SOLVED,True,10,,0.544,6.454,8.28,146.82,
PLASPPlanner-seq,numeric-domains,sec_clear_6_2-linear,prob_6_2,,SOLVED,True,12,,0.401,299.152,300.786,151.77,
PLASPPlanner-seq,numeric-domains,sec_clear_6_3-linear,prob_6_3,,SOLVED,True,12,,0.467,636.271,638.053,160.57,
PLASPPlanner-seq,numeric-domains,sec_clear_6_4-linear,prob_6_4,,SOLVED,True,12,,0.557,405.505,407.334,163.78,
PLASPPlanner-seq,numeric-domains,sec_clear_6_5-linear,prob_6_5,,SOLVED,True,12,,0.649,444.026,445.986,171.15,
PLASPPlanner-seq,numeric-domains,sec_clear_7_2-linear,prob_7_2,,TIMEOUT,,,,0.45,,1800.106,169.79,Hit the task time limit.
PLASPPlanner-seq,numeric-domains,sec_clear_7_3-linear,prob_7_3,,TIMEOUT,,,,0.484,,1800.145,178.82,Hit the task time limit.
PLASPPlanner-seq,numeric-domains,sec_clear_7_4-linear,prob_7_4,,TIMEOUT,,,,0.631,,1800.155,179.85,Hit the task time limit.
PLASPPlanner-seq,numeric-domains,sec_clear_7_5-linear,prob_7_5,,TIMEOUT,,,,0.797,,1800.168,187.25,Hit the task time limit.
PLASPPlanner-seq,numeric-domains,sec_clear_8_2-linear,prob_8_2,,TIMEOUT,,,,0.425,,1800.182,190.07,Hit the task time limit.
PLASPPlanner-seq,numeric-domains,sec_clear_8_3-linear,prob_8_3,,TIMEOUT,,,,0.567,,1800.17,193.89,Hit the task time limit.
PLASPPlanner-seq,numeric-domains,sec_clear_8_4-linear,prob_8_4,,TIMEOUT,,,,0.622,,1800.305,188.82,Hit the task time limit.
PLASPPlanner-seq,numeric-domains,sec_clear_8_5-linear,prob_8_5,,TIMEOUT,,,,0.823,,1800.23,209.76,Hit the task time limit.
PLASPPlanner-seq,numeric-domains,sec_clear_9_2-linear,prob_9_2,,TIMEOUT,,,,0.507,,1800.185,195.43,Hit the task time limit.
PLASPPlanner-seq,numeric-domains,sec_clear_9_3-linear,prob_9_3,,TIMEOUT,,,,0.558,,1800.2,188.5,Hit the task time limit.
PLASPPlanner-seq,numeric-domains,sec_clear_9_4-linear,prob_9_4,,TIMEOUT,,,,0.876,,1800.235,192.26,Hit the task time limit.
PLASPPlanner-seq,numeric-domains,sec_clear_9_5-linear,prob_9_5,,TIMEOUT,,,,1.01,,1800.282,209.88,Hit the task time limit.
PLASPPlanner-seq,numeric-domains,settlers-snp,pfile1,,TIMEOUT,,,,0.587,,1809.757,1862.14,Hit the task time limit.
PLASPPlanner-seq,numeric-domains,settlers-snp,pfile10,,KILLED,,,,,,,,
PLASPPlanner-seq,numeric-domains,settlers-snp,pfile11,,MEMOUT,,,,0.664,,129.659,7532.17,MemoryError under a 8192MB limit.
PLASPPlanner-seq,numeric-domains,settlers-snp,pfile12,,MEMOUT,,,,0.913,,159.508,7534.25,MemoryError under a 8192MB limit.
PLASPPlanner-seq,numeric-domains,settlers-snp,pfile13,,MEMOUT,,,,0.745,,96.836,6020.25,MemoryError under a 8192MB limit.
PLASPPlanner-seq,numeric-domains,settlers-snp,pfile14,,MEMOUT,,,,0.857,,97.517,6022.05,MemoryError under a 8192MB limit.
PLASPPlanner-seq,numeric-domains,settlers-snp,pfile15,,MEMOUT,,,,0.806,,113.221,6726.46,MemoryError under a 8192MB limit.
PLASPPlanner-seq,numeric-domains,settlers-snp,pfile16,,MEMOUT,,,,0.75,,110.678,6731.02,MemoryError under a 8192MB limit.
PLASPPlanner-seq,numeric-domains,settlers-snp,pfile17,,MEMOUT,,,,0.867,,105.468,7349.91,MemoryError under a 8192MB limit.
PLASPPlanner-seq,numeric-domains,settlers-snp,pfile18,,MEMOUT,,,,0.89,,105.427,7327.85,MemoryError under a 8192MB limit.
PLASPPlanner-seq,numeric-domains,settlers-snp,pfile19,,KILLED,,,,,,,,
PLASPPlanner-seq,numeric-domains,settlers-snp,pfile2,,TIMEOUT,,,,0.536,,1817.821,3275.25,Hit the task time limit.
PLASPPlanner-seq,numeric-domains,settlers-snp,pfile20,,MEMOUT,,,,1.041,,124.431,7423.84,MemoryError under a 8192MB limit.
PLASPPlanner-seq,numeric-domains,settlers-snp,pfile3,,TIMEOUT,,,,0.59,,1809.037,1901.4,Hit the task time limit.
PLASPPlanner-seq,numeric-domains,settlers-snp,pfile4,,TIMEOUT,,,,0.546,,1824.933,5310.86,Hit the task time limit.
PLASPPlanner-seq,numeric-domains,settlers-snp,pfile5,,TIMEOUT,,,,0.595,,1831.318,6092.65,Hit the task time limit.
PLASPPlanner-seq,numeric-domains,settlers-snp,pfile6,,TIMEOUT,,,,0.55,,1818.897,3898.28,Hit the task time limit.
PLASPPlanner-seq,numeric-domains,settlers-snp,pfile7,,TIMEOUT,,,,0.602,,1830.764,6347.78,Hit the task time limit.
PLASPPlanner-seq,numeric-domains,settlers-snp,pfile8,,KILLED,,,,,,,,
PLASPPlanner-seq,numeric-domains,settlers-snp,pfile9,,KILLED,,,,,,,,
PLASPPlanner-seq,numeric-domains,settlersnumeric,pfile01,,TIMEOUT,,,,0.51,,1806.129,1407.53,Hit the task time limit.
PLASPPlanner-seq,numeric-domains,settlersnumeric,pfile02,,TIMEOUT,,,,0.519,,1807.099,1563.94,Hit the task time limit.
PLASPPlanner-seq,numeric-domains,settlersnumeric,pfile03,,TIMEOUT,,,,0.585,,1806.754,1517.45,Hit the task time limit.
PLASPPlanner-seq,numeric-domains,settlersnumeric,pfile04,,TIMEOUT,,,,0.586,,1810.448,2394.27,Hit the task time limit.
PLASPPlanner-seq,numeric-domains,settlersnumeric,pfile05,,TIMEOUT,,,,0.606,,1808.083,1885.93,Hit the task time limit.
PLASPPlanner-seq,numeric-domains,settlersnumeric,pfile06,,TIMEOUT,,,,0.534,,1808.009,1801.25,Hit the task time limit.
PLASPPlanner-seq,numeric-domains,settlersnumeric,pfile07,,TIMEOUT,,,,0.628,,1814.039,2829.46,Hit the task time limit.
PLASPPlanner-seq,numeric-domains,settlersnumeric,pfile08,,MEMOUT,,,,0.649,,116.847,7503.61,MemoryError under a 8192MB limit.
PLASPPlanner-seq,numeric-domains,settlersnumeric,pfile09,,MEMOUT,,,,0.616,,902.916,6379.52,MemoryError under a 8192MB limit.
PLASPPlanner-seq,numeric-domains,settlersnumeric,pfile10,,TIMEOUT,,,,0.649,,1829.109,6448.23,Hit the task time limit.
PLASPPlanner-seq,numeric-domains,settlersnumeric,pfile11,,TIMEOUT,,,,0.624,,1829.806,6449.54,Hit the task time limit.
PLASPPlanner-seq,numeric-domains,settlersnumeric,pfile12,,TIMEOUT,,,,0.607,,1830.274,6458.07,Hit the task time limit.
PLASPPlanner-seq,numeric-domains,settlersnumeric,pfile13,,KILLED,,,,,,,,
PLASPPlanner-seq,numeric-domains,settlersnumeric,pfile14,,TIMEOUT,,,,0.648,,1834.833,7318.2,Hit the task time limit.
PLASPPlanner-seq,numeric-domains,settlersnumeric,pfile15,,TIMEOUT,,,,0.766,,1828.777,5868.66,Hit the task time limit.
PLASPPlanner-seq,numeric-domains,settlersnumeric,pfile16,,MEMOUT,,,,0.787,,1066.795,6460.69,MemoryError under a 8192MB limit.
PLASPPlanner-seq,numeric-domains,settlersnumeric,pfile17,,MEMOUT,,,,0.832,,738.23,7541.51,MemoryError under a 8192MB limit.
PLASPPlanner-seq,numeric-domains,settlersnumeric,pfile18,,MEMOUT,,,,0.834,,1479.779,7532.02,MemoryError under a 8192MB limit.
PLASPPlanner-seq,numeric-domains,settlersnumeric,pfile19,,MEMOUT,,,,0.928,,319.743,6584.54,MemoryError under a 8192MB limit.
PLASPPlanner-seq,numeric-domains,settlersnumeric,pfile20,,MEMOUT,,,,1.088,,575.609,6593.98,MemoryError under a 8192MB limit.
PLASPPlanner-seq,numeric-domains,settlersnumeric,pfile21,,TIMEOUT,,,,0.52,,1803.124,841.95,Hit the task time limit.
PLASPPlanner-seq,numeric-domains,settlersnumeric,pfile22,,TIMEOUT,,,,0.485,,1802.893,894.93,Hit the task time limit.
PLASPPlanner-seq,numeric-domains,settlersnumeric,pfile23,,TIMEOUT,,,,0.803,,1803.391,923.24,Hit the task time limit.
PLASPPlanner-seq,numeric-domains,settlersnumeric,pfile24,,TIMEOUT,,,,0.842,,1812.55,2811.29,Hit the task time limit.
PLASPPlanner-seq,numeric-domains,settlersnumeric,pfile25,,TIMEOUT,,,,0.854,,1807.993,1678.2,Hit the task time limit.
PLASPPlanner-seq,numeric-domains,settlersnumericnoassign,pfile1,,TIMEOUT,,,,0.619,,1809.743,1863.07,Hit the task time limit.
PLASPPlanner-seq,numeric-domains,settlersnumericnoassign,pfile10,,KILLED,,,,,,,,
PLASPPlanner-seq,numeric-domains,settlersnumericnoassign,pfile11,,KILLED,,,,,,,,
PLASPPlanner-seq,numeric-domains,settlersnumericnoassign,pfile12,,MEMOUT,,,,0.654,,165.323,7526.82,MemoryError under a 8192MB limit.
PLASPPlanner-seq,numeric-domains,settlersnumericnoassign,pfile13,,MEMOUT,,,,0.949,,110.407,6021.85,MemoryError under a 8192MB limit.
PLASPPlanner-seq,numeric-domains,settlersnumericnoassign,pfile14,,MEMOUT,,,,1.014,,117.699,6020.61,MemoryError under a 8192MB limit.
PLASPPlanner-seq,numeric-domains,settlersnumericnoassign,pfile15,,MEMOUT,,,,0.985,,132.21,6725.68,MemoryError under a 8192MB limit.
PLASPPlanner-seq,numeric-domains,settlersnumericnoassign,pfile16,,MEMOUT,,,,0.98,,131.571,6731.62,MemoryError under a 8192MB limit.
PLASPPlanner-seq,numeric-domains,settlersnumericnoassign,pfile17,,MEMOUT,,,,0.904,,128.797,7340.8,MemoryError under a 8192MB limit.
PLASPPlanner-seq,numeric-domains,settlersnumericnoassign,pfile18,,MEMOUT,,,,1.017,,118.202,7327.68,MemoryError under a 8192MB limit.
PLASPPlanner-seq,numeric-domains,settlersnumericnoassign,pfile19,,MEMOUT,,,,1.111,,136.641,7439.05,MemoryError under a 8192MB limit.
PLASPPlanner-seq,numeric-domains,settlersnumericnoassign,pfile2,,TIMEOUT,,,,0.639,,1818.297,3277.02,Hit the task time limit.
PLASPPlanner-seq,numeric-domains,settlersnumericnoassign,pfile20,,KILLED,,,,,,,,
PLASPPlanner-seq,numeric-domains,settlersnumericnoassign,pfile3,,TIMEOUT,,,,0.634,,1809.726,1906.62,Hit the task time limit.
PLASPPlanner-seq,numeric-domains,settlersnumericnoassign,pfile4,,TIMEOUT,,,,0.592,,1829.221,5308.25,Hit the task time limit.
PLASPPlanner-seq,numeric-domains,settlersnumericnoassign,pfile5,,TIMEOUT,,,,0.666,,1836.542,6093.8,Hit the task time limit.
PLASPPlanner-seq,numeric-domains,settlersnumericnoassign,pfile6,,TIMEOUT,,,,0.651,,1822.044,3888.71,Hit the task time limit.
PLASPPlanner-seq,numeric-domains,settlersnumericnoassign,pfile7,,TIMEOUT,,,,0.685,,1837.884,6329.67,Hit the task time limit.
PLASPPlanner-seq,numeric-domains,settlersnumericnoassign,pfile8,,MEMOUT,,,,0.727,,116.958,7440.3,MemoryError under a 8192MB limit.
PLASPPlanner-seq,numeric-domains,settlersnumericnoassign,pfile9,,KILLED,,,,,,,,
PLASPPlanner-seq,numeric-domains,sugar,pfile01,,TIMEOUT,,,,0.455,,1804.232,955.69,Hit the task time limit.
PLASPPlanner-seq,numeric-domains,sugar,pfile02,,TIMEOUT,,,,0.512,,1818.025,3083.34,Hit the task time limit.
PLASPPlanner-seq,numeric-domains,sugar,pfile03,,TIMEOUT,,,,0.435,,1806.296,1277.02,Hit the task time limit.
PLASPPlanner-seq,numeric-domains,sugar,pfile04,,TIMEOUT,,,,0.521,,1828.752,4613.77,Hit the task time limit.
PLASPPlanner-seq,numeric-domains,sugar,pfile05,,TIMEOUT,,,,0.493,,1806.486,1304.7,Hit the task time limit.
PLASPPlanner-seq,numeric-domains,sugar,pfile06,,TIMEOUT,,,,0.544,,1819.153,3041.59,Hit the task time limit.
PLASPPlanner-seq,numeric-domains,sugar,pfile07,,TIMEOUT,,,,0.51,,1803.297,645.86,Hit the task time limit.
PLASPPlanner-seq,numeric-domains,sugar,pfile08,,TIMEOUT,,,,0.503,,1813.682,2573.45,Hit the task time limit.
PLASPPlanner-seq,numeric-domains,sugar,pfile09,,TIMEOUT,,,,0.498,,1809.52,1814.78,Hit the task time limit.
PLASPPlanner-seq,numeric-domains,sugar,pfile10,,TIMEOUT,,,,0.46,,1805.456,1199.05,Hit the task time limit.
PLASPPlanner-seq,numeric-domains,sugar,pfile11,,TIMEOUT,,,,0.515,,1802.855,788.39,Hit the task time limit.
PLASPPlanner-seq,numeric-domains,sugar,pfile12,,TIMEOUT,,,,0.525,,1808.808,1623.23,Hit the task time limit.
PLASPPlanner-seq,numeric-domains,sugar,pfile13,,TIMEOUT,,,,0.51,,1803.835,861.0,Hit the task time limit.
PLASPPlanner-seq,numeric-domains,sugar,pfile14,,TIMEOUT,,,,0.46,,1808.83,1600.1,Hit the task time limit.
PLASPPlanner-seq,numeric-domains,sugar,pfile15,,TIMEOUT,,,,0.495,,1813.714,2519.66,Hit the task time limit.
PLASPPlanner-seq,numeric-domains,sugar,pfile16,,TIMEOUT,,,,0.503,,1806.633,1358.09,Hit the task time limit.
PLASPPlanner-seq,numeric-domains,sugar,pfile17,,TIMEOUT,,,,0.515,,1806.119,1249.63,Hit the task time limit.
PLASPPlanner-seq,numeric-domains,sugar,pfile18,,TIMEOUT,,,,0.51,,1805.558,1178.34,Hit the task time limit.
PLASPPlanner-seq,numeric-domains,sugar,pfile19,,TIMEOUT,,,,0.52,,1811.174,2136.27,Hit the task time limit.
PLASPPlanner-seq,numeric-domains,sugar,pfile20,,TIMEOUT,,,,0.496,,1809.09,1658.09,Hit the task time limit.
PLASPPlanner-seq,numeric-domains,tpp,p01,,KILLED,,,,,,,,
PLASPPlanner-seq,numeric-domains,tpp,p02,,MEMOUT,,,,0.194,,156.037,7555.02,MemoryError under a 8192MB limit.
PLASPPlanner-seq,numeric-domains,tpp,p03,,MEMOUT,,,,0.214,,132.935,7736.27,MemoryError under a 8192MB limit.
PLASPPlanner-seq,numeric-domains,tpp,p04,,MEMOUT,,,,0.22,,150.198,7557.09,MemoryError under a 8192MB limit.
PLASPPlanner-seq,numeric-domains,tpp,p05,,MEMOUT,,,,0.336,,112.461,7694.38,MemoryError under a 8192MB limit.
PLASPPlanner-seq,numeric-domains,tpp,p06,,MEMOUT,,,,0.644,,98.033,7756.9,MemoryError under a 8192MB limit.
PLASPPlanner-seq,numeric-domains,tpp,p07,,MEMOUT,,,,0.681,,111.309,6909.51,MemoryError under a 8192MB limit.
PLASPPlanner-seq,numeric-domains,tpp,p08,,MEMOUT,,,,0.576,,119.75,7776.26,MemoryError under a 8192MB limit.
PLASPPlanner-seq,numeric-domains,tpp,p09,,MEMOUT,,,,0.784,,92.081,7198.68,MemoryError under a 8192MB limit.
PLASPPlanner-seq,numeric-domains,tpp,p10,,MEMOUT,,,,0.886,,100.415,7769.06,MemoryError under a 8192MB limit.
PLASPPlanner-seq,numeric-domains,tpp,p11,,KILLED,,,,,,,,
PLASPPlanner-seq,numeric-domains,tpp,p12,,KILLED,,,,,,,,
PLASPPlanner-seq,numeric-domains,tpp,p13,,MEMOUT,,,,1.365,,101.867,7496.76,MemoryError under a 8192MB limit.
PLASPPlanner-seq,numeric-domains,tpp,p14,,MEMOUT,,,,1.596,,101.033,7744.09,MemoryError under a 8192MB limit.
PLASPPlanner-seq,numeric-domains,tpp,p15,,KILLED,,,,,,,,
PLASPPlanner-seq,numeric-domains,tpp,p16,,KILLED,,,,,,,,
PLASPPlanner-seq,numeric-domains,tpp,p17,,MEMOUT,,,,2.451,,227.365,7733.95,MemoryError under a 8192MB limit.
PLASPPlanner-seq,numeric-domains,tpp,p18,,MEMOUT,,,,2.444,,130.507,7414.9,MemoryError under a 8192MB limit.
PLASPPlanner-seq,numeric-domains,tpp,p19,,KILLED,,,,,,,,
PLASPPlanner-seq,numeric-domains,tpp,p20,,KILLED,,,,,,,,
PLASPPlanner-seq,numeric-domains,tpp,p21,,MEMOUT,,,,3.374,,115.509,7484.11,MemoryError under a 8192MB limit.
PLASPPlanner-seq,numeric-domains,tpp,p22,,MEMOUT,,,,4.067,,119.087,7454.99,MemoryError under a 8192MB limit.
PLASPPlanner-seq,numeric-domains,tpp,p23,,MEMOUT,,,,4.024,,114.697,7467.16,MemoryError under a 8192MB limit.
PLASPPlanner-seq,numeric-domains,tpp,p24,,MEMOUT,,,,4.339,,112.788,7486.61,MemoryError under a 8192MB limit.
PLASPPlanner-seq,numeric-domains,tpp,p25,,MEMOUT,,,,4.077,,107.083,7491.82,MemoryError under a 8192MB limit.
PLASPPlanner-seq,numeric-domains,tpp,p26,,MEMOUT,,,,5.396,,121.182,7335.46,MemoryError under a 8192MB limit.
PLASPPlanner-seq,numeric-domains,tpp,p27,,MEMOUT,,,,5.658,,124.048,7429.55,MemoryError under a 8192MB limit.
PLASPPlanner-seq,numeric-domains,tpp,p28,,KILLED,,,,,,,,
PLASPPlanner-seq,numeric-domains,tpp,p29,,MEMOUT,,,,5.545,,121.224,7385.13,MemoryError under a 8192MB limit.
PLASPPlanner-seq,numeric-domains,tpp,p30,,MEMOUT,,,,5.169,,118.137,7490.2,MemoryError under a 8192MB limit.
PLASPPlanner-seq,numeric-domains,tpp,p31,,MEMOUT,,,,7.043,,125.269,7589.74,MemoryError under a 8192MB limit.
PLASPPlanner-seq,numeric-domains,tpp,p32,,MEMOUT,,,,7.322,,111.437,7000.45,MemoryError under a 8192MB limit.
PLASPPlanner-seq,numeric-domains,tpp,p33,,MEMOUT,,,,6.74,,115.363,6808.94,MemoryError under a 8192MB limit.
PLASPPlanner-seq,numeric-domains,tpp,p34,,MEMOUT,,,,7.414,,143.701,7021.94,MemoryError under a 8192MB limit.
PLASPPlanner-seq,numeric-domains,tpp,p35,,MEMOUT,,,,7.311,,116.378,6653.46,MemoryError under a 8192MB limit.
PLASPPlanner-seq,numeric-domains,tpp,p36,,MEMOUT,,,,8.891,,365.533,7447.71,MemoryError under a 8192MB limit.
PLASPPlanner-seq,numeric-domains,tpp,p37,,MEMOUT,,,,9.816,,174.721,7577.63,MemoryError under a 8192MB limit.
PLASPPlanner-seq,numeric-domains,tpp,p38,,KILLED,,,,,,,,
PLASPPlanner-seq,numeric-domains,tpp,p39,,MEMOUT,,,,8.888,,152.992,7541.29,MemoryError under a 8192MB limit.
PLASPPlanner-seq,numeric-domains,tpp,p40,,MEMOUT,,,,9.032,,189.889,7517.62,MemoryError under a 8192MB limit.
PLASPPlanner-seq,numeric-domains,tpp-metric,p01,,TIMEOUT,,,,0.182,,1802.877,588.02,Hit the task time limit.
PLASPPlanner-seq,numeric-domains,tpp-metric,p02,,UNSUPPORTED,,,,0.175,,1.349,120.0,"PLASPPlanner cannot encode this task: A product of two numeric fluents is not linear and is not supported by the ASP encoding: ((request(g) - bought(g)) * price(g, m))"
PLASPPlanner-seq,numeric-domains,tpp-metric,p03,,UNSUPPORTED,,,,0.236,,1.45,120.0,"PLASPPlanner cannot encode this task: A product of two numeric fluents is not linear and is not supported by the ASP encoding: ((request(g) - bought(g)) * price(g, m))"
PLASPPlanner-seq,numeric-domains,tpp-metric,p04,,UNSUPPORTED,,,,0.341,,1.519,120.0,"PLASPPlanner cannot encode this task: A product of two numeric fluents is not linear and is not supported by the ASP encoding: ((request(g) - bought(g)) * price(g, m))"
PLASPPlanner-seq,numeric-domains,tpp-metric,p05,,UNSUPPORTED,,,,0.378,,1.632,119.18,"PLASPPlanner cannot encode this task: A product of two numeric fluents is not linear and is not supported by the ASP encoding: ((request(g) - bought(g)) * price(g, m))"
PLASPPlanner-seq,numeric-domains,tpp-metric,p06,,UNSUPPORTED,,,,0.617,,1.936,122.0,"PLASPPlanner cannot encode this task: A product of two numeric fluents is not linear and is not supported by the ASP encoding: ((request(g) - bought(g)) * price(g, m))"
PLASPPlanner-seq,numeric-domains,tpp-metric,p07,,UNSUPPORTED,,,,0.767,,1.954,122.0,"PLASPPlanner cannot encode this task: A product of two numeric fluents is not linear and is not supported by the ASP encoding: ((request(g) - bought(g)) * price(g, m))"
PLASPPlanner-seq,numeric-domains,tpp-metric,p08,,UNSUPPORTED,,,,0.723,,1.896,122.0,"PLASPPlanner cannot encode this task: A product of two numeric fluents is not linear and is not supported by the ASP encoding: ((request(g) - bought(g)) * price(g, m))"
PLASPPlanner-seq,numeric-domains,tpp-metric,p09,,UNSUPPORTED,,,,0.868,,2.033,124.0,"PLASPPlanner cannot encode this task: A product of two numeric fluents is not linear and is not supported by the ASP encoding: ((request(g) - bought(g)) * price(g, m))"
PLASPPlanner-seq,numeric-domains,tpp-metric,p10,,UNSUPPORTED,,,,0.902,,2.093,122.0,"PLASPPlanner cannot encode this task: A product of two numeric fluents is not linear and is not supported by the ASP encoding: ((request(g) - bought(g)) * price(g, m))"
PLASPPlanner-seq,numeric-domains,worksworld,batch01-128e,,UNSUPPORTED,,,,2.525,,3.772,132.0,"PLASPPlanner cannot encode this task: Making this task's numeric values integral needs a scale factor of 50000000000000, the least common multiple of the denominators [2, 4, 8, 16, 32, 64, 128, 200, 256, 640, 1600, 20..."
PLASPPlanner-seq,numeric-domains,worksworld,batch01-128f,,UNSUPPORTED,,,,1.956,,3.241,130.0,"PLASPPlanner cannot encode this task: Making this task's numeric values integral needs a scale factor of 50000000000000, the least common multiple of the denominators [2, 4, 8, 16, 32, 64, 128, 200, 256, 640, 1600, 20..."
PLASPPlanner-seq,numeric-domains,worksworld,batch01-16e,,UNSUPPORTED,,,,0.612,,1.919,122.0,"PLASPPlanner cannot encode this task: Making this task's numeric values integral needs a scale factor of 50000000000000, the least common multiple of the denominators [2, 32, 64, 128, 200, 2560, 4096, 5120, 12800, 204..."
PLASPPlanner-seq,numeric-domains,worksworld,batch01-16f,,UNSUPPORTED,,,,0.595,,1.736,122.0,"PLASPPlanner cannot encode this task: Making this task's numeric values integral needs a scale factor of 50000000000000, the least common multiple of the denominators [2, 32, 64, 128, 200, 2560, 4096, 5120, 12800, 204..."
PLASPPlanner-seq,numeric-domains,worksworld,batch01-2e,,UNSUPPORTED,,,,0.456,,1.612,120.0,"PLASPPlanner cannot encode this task: Making this task's numeric values integral needs a scale factor of 50000000000000, the least common multiple of the denominators [128, 200, 25600, 102400, 50000000000000]; the ASP..."
PLASPPlanner-seq,numeric-domains,worksworld,batch01-2f,,UNSUPPORTED,,,,0.442,,1.634,120.0,"PLASPPlanner cannot encode this task: Making this task's numeric values integral needs a scale factor of 50000000000000, the least common multiple of the denominators [128, 200, 25600, 102400, 50000000000000]; the ASP..."
PLASPPlanner-seq,numeric-domains,worksworld,batch01-32e,,UNSUPPORTED,,,,0.868,,2.098,124.0,"PLASPPlanner cannot encode this task: Making this task's numeric values integral needs a scale factor of 50000000000000, the least common multiple of the denominators [8, 16, 128, 200, 256, 2048, 2560, 4096, 5120, 640..."
PLASPPlanner-seq,numeric-domains,worksworld,batch01-32f,,UNSUPPORTED,,,,0.756,,1.924,122.0,"PLASPPlanner cannot encode this task: Making this task's numeric values integral needs a scale factor of 50000000000000, the least common multiple of the denominators [8, 16, 128, 200, 256, 2048, 2560, 4096, 5120, 640..."
PLASPPlanner-seq,numeric-domains,worksworld,batch01-4e,,UNSUPPORTED,,,,0.443,,1.613,120.0,"PLASPPlanner cannot encode this task: Making this task's numeric values integral needs a scale factor of 50000000000000, the least common multiple of the denominators [128, 200, 256, 25600, 102400, 50000000000000]; th..."
PLASPPlanner-seq,numeric-domains,worksworld,batch01-4f,,UNSUPPORTED,,,,0.506,,1.755,120.0,"PLASPPlanner cannot encode this task: Making this task's numeric values integral needs a scale factor of 50000000000000, the least common multiple of the denominators [128, 200, 256, 25600, 102400, 50000000000000]; th..."
PLASPPlanner-seq,numeric-domains,worksworld,batch01-64e,,UNSUPPORTED,,,,1.409,,2.628,128.0,"PLASPPlanner cannot encode this task: Making this task's numeric values integral needs a scale factor of 50000000000000, the least common multiple of the denominators [2, 8, 16, 32, 64, 128, 200, 256, 2048, 2560, 4096..."
PLASPPlanner-seq,numeric-domains,worksworld,batch01-64f,,UNSUPPORTED,,,,1.214,,2.393,126.0,"PLASPPlanner cannot encode this task: Making this task's numeric values integral needs a scale factor of 50000000000000, the least common multiple of the denominators [2, 8, 16, 32, 64, 128, 200, 256, 2048, 2560, 4096..."
PLASPPlanner-seq,numeric-domains,worksworld,batch01-8e,,UNSUPPORTED,,,,0.55,,1.776,122.0,"PLASPPlanner cannot encode this task: Making this task's numeric values integral needs a scale factor of 50000000000000, the least common multiple of the denominators [32, 64, 200, 256, 2560, 4096, 5120, 12800, 25600,..."
PLASPPlanner-seq,numeric-domains,worksworld,batch01-8f,,UNSUPPORTED,,,,0.495,,1.624,120.0,"PLASPPlanner cannot encode this task: Making this task's numeric values integral needs a scale factor of 50000000000000, the least common multiple of the denominators [32, 64, 200, 256, 2560, 4096, 5120, 12800, 25600,..."
PLASPPlanner-seq,numeric-domains,worksworld,batch02-2f-16i,,UNSUPPORTED,,,,0.601,,1.775,120.0,"PLASPPlanner cannot encode this task: Making this task's numeric values integral needs a scale factor of 50000000000000, the least common multiple of the denominators [200, 256, 25600, 102400, 50000000000000]; the ASP..."
PLASPPlanner-seq,numeric-domains,worksworld,batch02-2f-2i,,UNSUPPORTED,,,,0.468,,1.678,120.0,"PLASPPlanner cannot encode this task: Making this task's numeric values integral needs a scale factor of 50000000000000, the least common multiple of the denominators [200, 256, 25600, 102400, 50000000000000]; the ASP..."
PLASPPlanner-seq,numeric-domains,worksworld,batch02-2f-32i,,UNSUPPORTED,,,,0.843,,2.007,122.0,"PLASPPlanner cannot encode this task: Making this task's numeric values integral needs a scale factor of 50000000000000, the least common multiple of the denominators [200, 256, 25600, 102400, 50000000000000]; the ASP..."
PLASPPlanner-seq,numeric-domains,worksworld,batch02-2f-4i,,UNSUPPORTED,,,,0.453,,1.614,120.0,"PLASPPlanner cannot encode this task: Making this task's numeric values integral needs a scale factor of 50000000000000, the least common multiple of the denominators [200, 256, 25600, 102400, 50000000000000]; the ASP..."
PLASPPlanner-seq,numeric-domains,worksworld,batch02-2f-64i,,UNSUPPORTED,,,,1.294,,2.456,125.46,"PLASPPlanner cannot encode this task: Making this task's numeric values integral needs a scale factor of 50000000000000, the least common multiple of the denominators [200, 256, 25600, 102400, 50000000000000]; the ASP..."
PLASPPlanner-seq,numeric-domains,worksworld,batch02-2f-8i,,UNSUPPORTED,,,,0.515,,1.685,122.0,"PLASPPlanner cannot encode this task: Making this task's numeric values integral needs a scale factor of 50000000000000, the least common multiple of the denominators [2, 200, 25600, 102400, 50000000000000]; the ASP e..."
PLASPPlanner-seq,numeric-domains,worksworld,batch03-2f-16l,,UNSUPPORTED,,,,0.568,,1.765,121.27,"PLASPPlanner cannot encode this task: Making this task's numeric values integral needs a scale factor of 50000000000000, the least common multiple of the denominators [2, 500, 1000, 25600, 102400, 50000000000000]; the..."
PLASPPlanner-seq,numeric-domains,worksworld,batch03-2f-2l,,UNSUPPORTED,,,,0.456,,1.615,117.95,"PLASPPlanner cannot encode this task: Making this task's numeric values integral needs a scale factor of 50000000000000, the least common multiple of the denominators [125, 256, 1000, 25600, 102400, 50000000000000]; t..."
PLASPPlanner-seq,numeric-domains,worksworld,batch03-2f-32l,,UNSUPPORTED,,,,0.663,,1.916,123.5,"PLASPPlanner cannot encode this task: Making this task's numeric values integral needs a scale factor of 50000000000000, the least common multiple of the denominators [256, 500, 1000, 25600, 102400, 50000000000000]; t..."
PLASPPlanner-seq,numeric-domains,worksworld,batch03-2f-4l,,UNSUPPORTED,,,,0.483,,1.688,120.0,"PLASPPlanner cannot encode this task: Making this task's numeric values integral needs a scale factor of 50000000000000, the least common multiple of the denominators [64, 125, 500, 1000, 25600, 102400, 50000000000000..."
PLASPPlanner-seq,numeric-domains,worksworld,batch03-2f-64l,,UNSUPPORTED,,,,0.878,,2.039,123.41,"PLASPPlanner cannot encode this task: Making this task's numeric values integral needs a scale factor of 50000000000000, the least common multiple of the denominators [128, 500, 1000, 25600, 102400, 50000000000000]; t..."
PLASPPlanner-seq,numeric-domains,worksworld,batch03-2f-8l,,UNSUPPORTED,,,,0.463,,1.65,122.0,"PLASPPlanner cannot encode this task: Making this task's numeric values integral needs a scale factor of 50000000000000, the least common multiple of the denominators [256, 500, 1000, 25600, 102400, 50000000000000]; t..."
PLASPPlanner-seq,numeric-domains,worksworld,batch04-2f-16s,,UNSUPPORTED,,,,1.021,,2.275,123.16,"PLASPPlanner cannot encode this task: Making this task's numeric values integral needs a scale factor of 50000000000000, the least common multiple of the denominators [40, 125, 200, 250, 256, 500, 1000, 25600, 102400,..."
PLASPPlanner-seq,numeric-domains,worksworld,batch04-2f-2s,,UNSUPPORTED,,,,0.465,,1.627,120.0,"PLASPPlanner cannot encode this task: Making this task's numeric values integral needs a scale factor of 50000000000000, the least common multiple of the denominators [125, 200, 256, 25600, 102400, 50000000000000]; th..."
PLASPPlanner-seq,numeric-domains,worksworld,batch04-2f-32s,,UNSUPPORTED,,,,1.38,,2.54,127.41,"PLASPPlanner cannot encode this task: Making this task's numeric values integral needs a scale factor of 50000000000000, the least common multiple of the denominators [40, 100, 125, 200, 256, 500, 1000, 25600, 102400,..."
PLASPPlanner-seq,numeric-domains,worksworld,batch04-2f-4s,,UNSUPPORTED,,,,0.486,,1.627,119.76,"PLASPPlanner cannot encode this task: Making this task's numeric values integral needs a scale factor of 50000000000000, the least common multiple of the denominators [125, 200, 256, 1000, 25600, 102400, 5000000000000..."
PLASPPlanner-seq,numeric-domains,worksworld,batch04-2f-64s,,UNSUPPORTED,,,,2.514,,3.691,131.39,"PLASPPlanner cannot encode this task: Making this task's numeric values integral needs a scale factor of 50000000000000, the least common multiple of the denominators [40, 50, 100, 125, 200, 250, 256, 500, 1000, 25600..."
PLASPPlanner-seq,numeric-domains,worksworld,batch04-2f-8s,,UNSUPPORTED,,,,0.638,,1.814,123.42,"PLASPPlanner cannot encode this task: Making this task's numeric values integral needs a scale factor of 50000000000000, the least common multiple of the denominators [100, 128, 200, 250, 500, 1000, 25600, 102400, 500..."
PLASPPlanner-seq,numeric-domains,worksworld,batch05-10f-8s-7dl-14cl,,UNSUPPORTED,,,,0.897,,2.063,125.46,"PLASPPlanner cannot encode this task: Making this task's numeric values integral needs a scale factor of 50000000000000, the least common multiple of the denominators [20, 32, 50, 64, 125, 200, 250, 256, 500, 1000, 25..."
PLASPPlanner-seq,numeric-domains,worksworld,batch05-12f-8s-7dl-14cl,,UNSUPPORTED,,,,1.024,,2.248,124.0,"PLASPPlanner cannot encode this task: Making this task's numeric values integral needs a scale factor of 50000000000000, the least common multiple of the denominators [20, 40, 50, 64, 100, 125, 200, 250, 256, 500, 100..."
PLASPPlanner-seq,numeric-domains,worksworld,batch05-14f-8s-7dl-14cl,,UNSUPPORTED,,,,0.943,,2.141,123.5,"PLASPPlanner cannot encode this task: Making this task's numeric values integral needs a scale factor of 50000000000000, the least common multiple of the denominators [64, 100, 125, 128, 200, 250, 256, 500, 1000, 2560..."
PLASPPlanner-seq,numeric-domains,worksworld,batch05-16f-8s-7dl-14cl,,UNSUPPORTED,,,,0.976,,2.11,124.0,"PLASPPlanner cannot encode this task: Making this task's numeric values integral needs a scale factor of 50000000000000, the least common multiple of the denominators [4, 16, 20, 32, 64, 100, 125, 128, 200, 250, 256, ..."
PLASPPlanner-seq,numeric-domains,worksworld,batch05-2f-8s-7dl-14cl,,UNSUPPORTED,,,,0.849,,2.02,124.0,"PLASPPlanner cannot encode this task: Making this task's numeric values integral needs a scale factor of 50000000000000, the least common multiple of the denominators [20, 50, 100, 125, 200, 250, 256, 500, 1000, 25600..."
PLASPPlanner-seq,numeric-domains,worksworld,batch05-4f-8s-7dl-14cl,,UNSUPPORTED,,,,0.862,,2.035,123.28,"PLASPPlanner cannot encode this task: Making this task's numeric values integral needs a scale factor of 50000000000000, the least common multiple of the denominators [20, 40, 125, 200, 256, 500, 1000, 25600, 102400, ..."
PLASPPlanner-seq,numeric-domains,worksworld,batch05-6f-8s-7dl-14cl,,UNSUPPORTED,,,,0.833,,1.936,124.0,"PLASPPlanner cannot encode this task: Making this task's numeric values integral needs a scale factor of 50000000000000, the least common multiple of the denominators [20, 50, 64, 100, 125, 128, 200, 250, 256, 500, 10..."
PLASPPlanner-seq,numeric-domains,worksworld,batch05-8f-8s-7dl-14cl,,UNSUPPORTED,,,,0.942,,2.131,123.42,"PLASPPlanner cannot encode this task: Making this task's numeric values integral needs a scale factor of 50000000000000, the least common multiple of the denominators [32, 40, 64, 125, 128, 200, 256, 500, 1000, 2560, ..."
PLASPPlanner-seq,numeric-domains,zenotravel,pfile1,,UNSUPPORTED,,,,0.134,,1.329,118.0,"PLASPPlanner cannot encode this task: A product of two numeric fluents is not linear and is not supported by the ASP encoding: (distance(c1, c2) * slow-burn(a))"
PLASPPlanner-seq,numeric-domains,zenotravel,pfile10,,UNSUPPORTED,,,,0.203,,1.372,118.0,"PLASPPlanner cannot encode this task: A product of two numeric fluents is not linear and is not supported by the ASP encoding: (distance(c1, c2) * slow-burn(a))"
PLASPPlanner-seq,numeric-domains,zenotravel,pfile11,,UNSUPPORTED,,,,0.203,,1.326,120.0,"PLASPPlanner cannot encode this task: A product of two numeric fluents is not linear and is not supported by the ASP encoding: (distance(c1, c2) * slow-burn(a))"
PLASPPlanner-seq,numeric-domains,zenotravel,pfile12,,UNSUPPORTED,,,,0.227,,1.416,120.0,"PLASPPlanner cannot encode this task: A product of two numeric fluents is not linear and is not supported by the ASP encoding: (distance(c1, c2) * slow-burn(a))"
PLASPPlanner-seq,numeric-domains,zenotravel,pfile13,,UNSUPPORTED,,,,0.225,,1.359,120.0,"PLASPPlanner cannot encode this task: A product of two numeric fluents is not linear and is not supported by the ASP encoding: (distance(c1, c2) * slow-burn(a))"
PLASPPlanner-seq,numeric-domains,zenotravel,pfile14,,UNSUPPORTED,,,,0.418,,1.596,120.0,"PLASPPlanner cannot encode this task: A product of two numeric fluents is not linear and is not supported by the ASP encoding: (distance(c1, c2) * slow-burn(a))"
PLASPPlanner-seq,numeric-domains,zenotravel,pfile15,,UNSUPPORTED,,,,0.485,,1.653,122.0,"PLASPPlanner cannot encode this task: A product of two numeric fluents is not linear and is not supported by the ASP encoding: (distance(c1, c2) * slow-burn(a))"
PLASPPlanner-seq,numeric-domains,zenotravel,pfile16,,UNSUPPORTED,,,,0.644,,1.878,123.4,"PLASPPlanner cannot encode this task: A product of two numeric fluents is not linear and is not supported by the ASP encoding: (distance(c1, c2) * slow-burn(a))"
PLASPPlanner-seq,numeric-domains,zenotravel,pfile17,,UNSUPPORTED,,,,0.842,,2.081,122.0,"PLASPPlanner cannot encode this task: A product of two numeric fluents is not linear and is not supported by the ASP encoding: (distance(c1, c2) * slow-burn(a))"
PLASPPlanner-seq,numeric-domains,zenotravel,pfile18,,UNSUPPORTED,,,,1.0,,2.175,123.39,"PLASPPlanner cannot encode this task: A product of two numeric fluents is not linear and is not supported by the ASP encoding: (distance(c1, c2) * slow-burn(a))"
PLASPPlanner-seq,numeric-domains,zenotravel,pfile19,,UNSUPPORTED,,,,1.335,,2.555,126.0,"PLASPPlanner cannot encode this task: A product of two numeric fluents is not linear and is not supported by the ASP encoding: (distance(c1, c2) * slow-burn(a))"
PLASPPlanner-seq,numeric-domains,zenotravel,pfile2,,UNSUPPORTED,,,,0.145,,1.316,117.4,"PLASPPlanner cannot encode this task: A product of two numeric fluents is not linear and is not supported by the ASP encoding: (distance(c1, c2) * slow-burn(a))"
PLASPPlanner-seq,numeric-domains,zenotravel,pfile20,,UNSUPPORTED,,,,1.388,,2.624,126.0,"PLASPPlanner cannot encode this task: A product of two numeric fluents is not linear and is not supported by the ASP encoding: (distance(c1, c2) * slow-burn(a))"
PLASPPlanner-seq,numeric-domains,zenotravel,pfile21,,UNSUPPORTED,,,,1.808,,2.992,129.39,"PLASPPlanner cannot encode this task: A product of two numeric fluents is not linear and is not supported by the ASP encoding: (distance(c1, c2) * slow-burn(a))"
PLASPPlanner-seq,numeric-domains,zenotravel,pfile22,,UNSUPPORTED,,,,2.443,,3.705,133.26,"PLASPPlanner cannot encode this task: A product of two numeric fluents is not linear and is not supported by the ASP encoding: (distance(c1, c2) * slow-burn(a))"
PLASPPlanner-seq,numeric-domains,zenotravel,pfile23,,UNSUPPORTED,,,,3.117,,4.422,137.42,"PLASPPlanner cannot encode this task: A product of two numeric fluents is not linear and is not supported by the ASP encoding: (distance(c1, c2) * slow-burn(a))"
PLASPPlanner-seq,numeric-domains,zenotravel,pfile3,,UNSUPPORTED,,,,0.153,,1.294,117.41,"PLASPPlanner cannot encode this task: A product of two numeric fluents is not linear and is not supported by the ASP encoding: (distance(c1, c2) * slow-burn(a))"
PLASPPlanner-seq,numeric-domains,zenotravel,pfile4,,UNSUPPORTED,,,,0.156,,1.333,120.0,"PLASPPlanner cannot encode this task: A product of two numeric fluents is not linear and is not supported by the ASP encoding: (distance(c1, c2) * slow-burn(a))"
PLASPPlanner-seq,numeric-domains,zenotravel,pfile5,,UNSUPPORTED,,,,0.163,,1.298,119.4,"PLASPPlanner cannot encode this task: A product of two numeric fluents is not linear and is not supported by the ASP encoding: (distance(c1, c2) * slow-burn(a))"
PLASPPlanner-seq,numeric-domains,zenotravel,pfile6,,UNSUPPORTED,,,,0.171,,1.335,119.27,"PLASPPlanner cannot encode this task: A product of two numeric fluents is not linear and is not supported by the ASP encoding: (distance(c1, c2) * slow-burn(a))"
PLASPPlanner-seq,numeric-domains,zenotravel,pfile7,,UNSUPPORTED,,,,0.164,,1.318,118.0,"PLASPPlanner cannot encode this task: A product of two numeric fluents is not linear and is not supported by the ASP encoding: (distance(c1, c2) * slow-burn(a))"
PLASPPlanner-seq,numeric-domains,zenotravel,pfile8,,UNSUPPORTED,,,,0.201,,1.34,119.39,"PLASPPlanner cannot encode this task: A product of two numeric fluents is not linear and is not supported by the ASP encoding: (distance(c1, c2) * slow-burn(a))"
PLASPPlanner-seq,numeric-domains,zenotravel,pfile9,,UNSUPPORTED,,,,0.204,,1.349,120.0,"PLASPPlanner cannot encode this task: A product of two numeric fluents is not linear and is not supported by the ASP encoding: (distance(c1, c2) * slow-burn(a))"
PLASPPlanner-seq,numeric-domains,ztalloc-sum,pfile1,,TIMEOUT,,,,0.115,,1803.0,660.52,Hit the task time limit.
PLASPPlanner-seq,numeric-domains,ztalloc-sum,pfile10,,TIMEOUT,,,,0.124,,1805.031,860.23,Hit the task time limit.
PLASPPlanner-seq,numeric-domains,ztalloc-sum,pfile11,,TIMEOUT,,,,0.126,,1807.652,1114.15,Hit the task time limit.
PLASPPlanner-seq,numeric-domains,ztalloc-sum,pfile12,,TIMEOUT,,,,0.128,,1807.712,1113.45,Hit the task time limit.
PLASPPlanner-seq,numeric-domains,ztalloc-sum,pfile13,,TIMEOUT,,,,0.119,,1807.818,1112.75,Hit the task time limit.
PLASPPlanner-seq,numeric-domains,ztalloc-sum,pfile14,,TIMEOUT,,,,0.134,,1807.45,1110.61,Hit the task time limit.
PLASPPlanner-seq,numeric-domains,ztalloc-sum,pfile15,,TIMEOUT,,,,0.132,,1807.675,1114.45,Hit the task time limit.
PLASPPlanner-seq,numeric-domains,ztalloc-sum,pfile16,,TIMEOUT,,,,0.13,,1810.806,1464.4,Hit the task time limit.
PLASPPlanner-seq,numeric-domains,ztalloc-sum,pfile17,,TIMEOUT,,,,0.143,,1810.445,1463.82,Hit the task time limit.
PLASPPlanner-seq,numeric-domains,ztalloc-sum,pfile18,,TIMEOUT,,,,0.144,,1810.538,1458.02,Hit the task time limit.
PLASPPlanner-seq,numeric-domains,ztalloc-sum,pfile19,,TIMEOUT,,,,0.145,,1811.163,1466.78,Hit the task time limit.
PLASPPlanner-seq,numeric-domains,ztalloc-sum,pfile2,,TIMEOUT,,,,0.108,,1803.031,646.55,Hit the task time limit.
PLASPPlanner-seq,numeric-domains,ztalloc-sum,pfile20,,TIMEOUT,,,,0.152,,1811.066,1461.06,Hit the task time limit.
PLASPPlanner-seq,numeric-domains,ztalloc-sum,pfile3,,TIMEOUT,,,,0.112,,1802.997,643.76,Hit the task time limit.
PLASPPlanner-seq,numeric-domains,ztalloc-sum,pfile4,,TIMEOUT,,,,0.116,,1803.013,627.21,Hit the task time limit.
PLASPPlanner-seq,numeric-domains,ztalloc-sum,pfile5,,TIMEOUT,,,,0.118,,1803.058,643.46,Hit the task time limit.
PLASPPlanner-seq,numeric-domains,ztalloc-sum,pfile6,,TIMEOUT,,,,0.126,,1805.207,851.61,Hit the task time limit.
PLASPPlanner-seq,numeric-domains,ztalloc-sum,pfile7,,TIMEOUT,,,,0.126,,1805.068,854.3,Hit the task time limit.
PLASPPlanner-seq,numeric-domains,ztalloc-sum,pfile8,,TIMEOUT,,,,0.121,,1805.168,856.03,Hit the task time limit.
PLASPPlanner-seq,numeric-domains,ztalloc-sum,pfile9,,TIMEOUT,,,,0.119,,1805.011,851.47,Hit the task time limit.
